service_category,provider_id,provider_name,payer,total_claims,total_paid,total_allowed,denial_rate,avg_paid_per_claim,benchmark_total,paid_share,benchmark_variance_amount,benchmark_variance_pct
Inpatient,PRV004,Provider Group 04,Commercial,38,434281.25,505552.9,0.05263157894736842,11428.453947368422,373313.88,0.020031135096828315,132239.02000000002,0.3542301186336817
Inpatient,PRV009,Provider Group 09,Commercial,26,198652.13,221576.39,0.0,7640.466538461538,165904.57,0.009162789444174025,55671.82000000001,0.33556531926757655
Inpatient,PRV011,Provider Group 11,Commercial,28,197625.79,224822.62,0.03571428571428571,7058.063928571429,168913.49,0.009115449718603837,55909.130000000005,0.33099268744018023
Inpatient,PRV012,Provider Group 12,Commercial,29,193460.98,219130.44,0.0,6671.06827586207,174128.51,0.008923348697059338,45001.92999999999,0.2584409066614077
Inpatient,PRV010,Provider Group 10,Commercial,28,192742.82,226315.1,0.03571428571428571,6883.672142857143,161483.39,0.008890223711854156,64831.70999999999,0.4014760279679538
Inpatient,PRV024,Provider Group 24,Commercial,22,192494.94999999998,220130.03,0.0,8749.770454545454,164827.08,0.008878790758079496,55302.95000000001,0.33552101996832084
Inpatient,PRV029,Provider Group 29,Commercial,27,186142.4,218577.13,0.0,6894.162962962962,170381.3,0.008585780670125304,48195.830000000016,0.2828704206388848
Inpatient,PRV034,Provider Group 34,Commercial,30,185616.07,237606.49,0.1,6187.202333333334,182666.53,0.008561503804993518,54939.95999999999,0.3007664294055402
Inpatient,PRV038,Provider Group 38,Commercial,29,182129.65,212119.53,0.034482758620689655,6280.33275862069,161892.51,0.008400693385422597,50227.01999999999,0.31024918941586604
Inpatient,PRV025,Provider Group 25,Commercial,25,178301.99,201278.8,0.0,7132.0796,147588.33,0.008224143339652198,53690.47,0.3637853345179799
Inpatient,PRV020,Provider Group 20,Commercial,23,174732.86,203291.88999999998,0.043478260869565216,7597.080869565217,166403.82,0.008059517938007197,36888.06999999998,0.22167802397805517
Inpatient,PRV001,Provider Group 01,Commercial,26,170230.7,223970.04,0.11538461538461539,6547.334615384616,167596.37,0.007851856715728925,56373.67000000001,0.3363656981353475
Inpatient,PRV036,Provider Group 36,Commercial,23,169468.5,209281.47,0.08695652173913043,7368.195652173913,152268.59,0.00781670039440305,57012.880000000005,0.37442311641553916
Inpatient,PRV018,Provider Group 18,Commercial,22,168763.9,198574.95,0.045454545454545456,7671.086363636364,157590.35,0.00778420086146391,40984.600000000006,0.2600704928950282
Inpatient,PRV005,Provider Group 05,Commercial,26,167172.38,193592.06,0.038461538461538464,6429.706923076923,150775.41,0.00771079232234484,42816.649999999994,0.28397634601026783
Inpatient,PRV039,Provider Group 39,Commercial,23,161640.01,203506.22,0.13043478260869565,7027.826521739131,157806.78,0.007455612871526643,45699.44,0.2895911062883357
Inpatient,PRV002,Provider Group 02,Commercial,21,160453.22,182646.93,0.0,7640.629523809524,131428.28,0.007400872422056248,51218.649999999994,0.3897079837003116
Inpatient,PRV017,Provider Group 17,Commercial,17,156379.35,192917.88,0.11764705882352941,9198.785294117648,135746.12,0.007212965989676504,57171.76000000001,0.42116680756694935
Inpatient,PRV026,Provider Group 26,Commercial,26,155215.42,185778.24,0.038461538461538464,5969.823846153847,137134.46,0.007159279953097095,48643.78,0.354715948128574
Inpatient,PRV040,Provider Group 40,Commercial,27,151004.23,175083.83,0.037037037037037035,5592.74925925926,129130.02,0.006965039663403694,45953.80999999998,0.35587239899753736
Inpatient,PRV006,Provider Group 06,Commercial,21,148481.54,189742.26,0.09523809523809523,7070.5495238095245,140594.88,0.006848681095776337,49147.380000000005,0.34956735266604305
Inpatient,PRV019,Provider Group 19,Commercial,24,144669.48,168946.22,0.0,6027.895,124860.34,0.00667285059686068,44085.880000000005,0.35308153093288075
Inpatient,PRV016,Provider Group 16,Commercial,26,142145.34,180876.16999999998,0.11538461538461539,5467.128461538461,136124.99,0.006556425148275671,44751.17999999999,0.3287506577594606
Inpatient,PRV031,Provider Group 31,Commercial,28,133992.9,167256.9,0.07142857142857142,4785.460714285714,130900.54,0.006180395496963791,36356.36,0.27774033628891065
Inpatient,PRV003,Provider Group 03,Commercial,25,133957.02,156249.01,0.04,5358.2807999999995,114373.65,0.006178740539197887,41875.360000000015,0.3661276876273514
Inpatient,PRV021,Provider Group 21,Commercial,31,133381.13,157611.34,0.06451612903225806,4302.617096774194,115764.66,0.006152177729058347,41846.67999999999,0.361480610749429
Inpatient,PRV013,Provider Group 13,Commercial,27,130878.04,152253.4,0.037037037037037035,4847.334814814814,116437.66,0.006036723207479254,35815.73999999999,0.30759584141419527
Inpatient,PRV014,Provider Group 14,Commercial,22,127093.57,143555.3,0.0,5776.980454545454,104661.26,0.005862165291750925,38894.03999999999,0.37161830461433387
Inpatient,PRV030,Provider Group 30,Commercial,21,126531.89,151744.79,0.09523809523809523,6025.328095238096,109722.38,0.005836257914996376,42022.41,0.3829885024367864
Inpatient,PRV033,Provider Group 33,Commercial,22,125070.78,150080.27,0.09090909090909091,5685.035454545455,118008.20999999999,0.00576886451083415,32072.059999999998,0.2717782093296729
Inpatient,PRV032,Provider Group 32,Commercial,24,124450.70999999999,151669.44,0.041666666666666664,5185.44625,114188.34,0.005740263907102142,37481.100000000006,0.3282392930836897
Inpatient,PRV037,Provider Group 37,Commercial,23,121539.61,142769.59,0.043478260869565216,5284.330869565218,103926.68000000001,0.005605990006535685,38842.90999999999,0.3737530151064191
Inpatient,PRV012,Provider Group 12,Medicare Advantage,12,117934.31999999999,134913.75,0.0,9827.859999999999,112382.58,0.005439696732181234,22531.17,0.20048632092269103
Inpatient,PRV015,Provider Group 15,Commercial,18,117356.65000000001,137201.93,0.05555555555555555,6519.81388888889,104454.58,0.005413051819900576,32747.34999999999,0.31350803382675985
Inpatient,PRV007,Provider Group 07,Commercial,16,113569.48999999999,131235.84,0.0,7098.093124999999,98416.08,0.0052383698284646,32819.759999999995,0.33347965088631853
Inpatient,PRV017,Provider Group 17,Medicare Advantage,16,113271.77,134556.18,0.0625,7079.485625,120132.38,0.005224637553490658,14423.799999999988,0.12006588065598957
Inpatient,PRV039,Provider Group 39,Medicare Advantage,16,111869.05,134637.36,0.0625,6991.815625,119086.88,0.005159937376305888,15550.479999999981,0.13058096744158534
Inpatient,PRV027,Provider Group 27,Commercial,19,110546.96,128538.0,0.0,5818.261052631579,96868.39,0.005098956241614567,31669.61,0.32693441069888746
Outpatient,PRV004,Provider Group 04,Commercial,51,110036.54,133211.51,0.0392156862745098,2157.5792156862744,88387.31,0.005075413222025019,44824.20000000001,0.5071338860748225
Inpatient,PRV020,Provider Group 20,Medicare Advantage,17,105614.64,120566.51,0.0,6212.6258823529415,119058.99,0.004871453976064791,1507.5199999999895,0.01266195858036415
Inpatient,PRV035,Provider Group 35,Commercial,16,100760.64,155477.97,0.1875,6297.54,112967.59,0.004647564204724204,42510.380000000005,0.3763059829814906
Inpatient,PRV022,Provider Group 22,Commercial,15,100251.29000000001,117982.56,0.06666666666666667,6683.419333333334,83963.6,0.004624070538668924,34018.95999999999,0.405163189763183
Inpatient,PRV004,Provider Group 04,Medicare Advantage,12,98049.13,111708.87,0.0,8170.760833333334,108218.6,0.004522496352666577,3490.2699999999895,0.032252034308335065
Inpatient,PRV010,Provider Group 10,Medicare Advantage,19,91282.74,108506.73,0.05263157894736842,4804.354736842106,109516.18000000001,0.004210397978150459,-1009.4500000000116,-0.009217359480580965
Outpatient,PRV029,Provider Group 29,Commercial,62,90985.89,106186.73,0.016129032258064516,1467.5143548387098,83102.52,0.004196705831751107,23084.209999999992,0.27777990366597777
Inpatient,PRV029,Provider Group 29,Medicare Advantage,12,90214.42,101232.59,0.0,7517.868333333333,78648.88,0.004161121933544242,22583.709999999992,0.2871459835155948
Inpatient,PRV028,Provider Group 28,Commercial,15,89533.95999999999,100442.75,0.0,5968.930666666666,75849.36,0.0041297358532380165,24593.39,0.3242399144831281
Inpatient,PRV008,Provider Group 08,Commercial,12,89509.95999999999,99632.15,0.0,7459.163333333333,73170.25,0.0041286288580768766,26461.899999999994,0.3616483475182877
Inpatient,PRV002,Provider Group 02,Medicare Advantage,14,83862.73,98422.81,0.07142857142857142,5990.195,88416.78,0.0038681515129166564,10006.029999999999,0.11316890300687267
Outpatient,PRV038,Provider Group 38,Commercial,62,82345.37,101179.24,0.06451612903225806,1328.151129032258,74137.21,0.003798163588845508,27042.03,0.36475651025982764
Outpatient,PRV017,Provider Group 17,Commercial,51,81973.28,107547.56999999999,0.0784313725490196,1607.3192156862744,84313.08,0.0037810010126159825,23234.48999999999,0.2755739678825633
Outpatient,PRV020,Provider Group 20,Commercial,53,81679.42,93610.53,0.018867924528301886,1541.1211320754717,70015.83,0.003767446779363789,23594.699999999997,0.33699093476432396
Outpatient,PRV018,Provider Group 18,Commercial,50,80593.23,93199.90000000001,0.02,1611.8645999999999,70798.08,0.0037173464846105065,22401.820000000007,0.3164184678454558
Inpatient,PRV035,Provider Group 35,Medicare Advantage,17,80321.2,102449.51,0.058823529411764705,4724.7764705882355,96717.78,0.0037047991557069672,5731.729999999996,0.05926242310359063
Inpatient,PRV007,Provider Group 07,Medicare Advantage,14,80246.47,92278.12,0.0,5731.890714285714,83529.57,0.0037013522495239677,8748.549999999988,0.10473596356356184
Outpatient,PRV011,Provider Group 11,Commercial,57,80144.21,92085.07,0.017543859649122806,1406.0387719298246,69395.54,0.003696635527641543,22689.530000000013,0.326959484716165
Inpatient,PRV023,Provider Group 23,Medicare Advantage,15,77814.17,90722.58,0.0,5187.611333333333,85753.31999999999,0.003589162902422255,4969.260000000009,0.057948310339471516
Inpatient,PRV031,Provider Group 31,Medicare Advantage,14,76498.55,87444.88,0.0,5464.182142857143,82590.36,0.003528480195176457,4854.520000000004,0.05877828841041502
Outpatient,PRV023,Provider Group 23,Commercial,61,74984.91,92910.2,0.08196721311475409,1229.2608196721312,68921.9,0.0034586638553552856,23988.300000000003,0.3480504745226119
Outpatient,PRV001,Provider Group 01,Commercial,53,73786.42,84864.86,0.05660377358490566,1392.196603773585,66355.23,0.0034033837457438346,18509.630000000005,0.27894756750899674
Outpatient,PRV014,Provider Group 14,Commercial,52,72544.23,84154.82,0.038461538461538464,1395.081346153846,63463.65,0.0033460879824431414,20691.170000000006,0.3260318308196898
Outpatient,PRV028,Provider Group 28,Commercial,54,72525.92,86872.84,0.05555555555555555,1343.0725925925926,67651.09,0.0033452434373847885,19221.75,0.2841306769780058
Inpatient,PRV011,Provider Group 11,Medicare Advantage,13,72196.62,87525.18,0.07692307692307693,5553.586153846153,82546.33,0.0033300545412779784,4978.849999999991,0.06031582506454244
Outpatient,PRV010,Provider Group 10,Commercial,47,71957.23,81325.34,0.0,1531.0048936170213,63473.68,0.0033190127257935894,17851.659999999996,0.2812450766995075
Outpatient,PRV025,Provider Group 25,Commercial,46,71691.78,82642.01,0.021739130434782608,1558.516956521739,62393.86,0.003306768898063396,20248.149999999994,0.32452151541834395
Outpatient,PRV007,Provider Group 07,Commercial,46,70336.29,81524.06999999999,0.021739130434782608,1529.0497826086955,62318.84,0.003244247195106154,19205.229999999996,0.3081769493783902
Inpatient,PRV001,Provider Group 01,Medicare Advantage,14,70307.91,94221.93,0.14285714285714285,5021.993571428572,90769.95,0.003242938173328106,3451.979999999996,0.03802998679629102
Inpatient,PRV026,Provider Group 26,Managed Medicaid,14,69493.69,84274.04,0.07142857142857142,4963.835,98816.54000000001,0.00320538243999046,-14542.500000000015,-0.14716665853712357
Outpatient,PRV006,Provider Group 06,Commercial,52,69117.76,79510.92,0.019230769230769232,1329.1876923076923,59876.11,0.0031880427445351513,19634.809999999998,0.3279239416187858
Outpatient,PRV024,Provider Group 24,Commercial,51,68835.56,80717.07,0.0196078431372549,1349.716862745098,61316.9,0.003175026326432079,19400.170000000006,0.3163918919580084
Outpatient,PRV002,Provider Group 02,Commercial,49,67872.36,78465.63,0.02040816326530612,1385.1502040816326,59802.07,0.003130598920631656,18663.560000000005,0.3120888624758308
Inpatient,PRV023,Provider Group 23,Commercial,11,67192.8,81521.92,0.09090909090909091,6108.436363636364,50967.31,0.0030992543526439736,30554.61,0.5994942640684784
Inpatient,PRV017,Provider Group 17,Managed Medicaid,13,66842.94,77173.17,0.0,5141.764615384615,94691.8,0.003083117130682454,-17518.630000000005,-0.1850068326930104
Outpatient,PRV036,Provider Group 36,Commercial,44,66610.8,76283.5,0.022727272727272728,1513.8818181818183,60992.19,0.003072409719986326,15291.309999999998,0.25070931212668374
Outpatient,PRV012,Provider Group 12,Commercial,54,65545.67,86012.62,0.07407407407407407,1213.8087037037037,67041.89,0.0030232808134869438,18970.729999999996,0.28296830533864714
Inpatient,PRV032,Provider Group 32,Medicare Advantage,11,64706.07,70708.63,0.0,5882.37,68688.42,0.002984554432766392,2020.2100000000064,0.029411216621375285
Inpatient,PRV034,Provider Group 34,Exchange,7,64656.11,77140.92,0.0,9236.587142857143,62477.3,0.0029822500378392856,14663.619999999995,0.23470316418923345
Outpatient,PRV040,Provider Group 40,Commercial,52,63875.3,75135.31,0.019230769230769232,1228.371153846154,56123.53,0.0029462353340155437,19011.78,0.33874882780894217
Outpatient,PRV008,Provider Group 08,Commercial,52,63103.34,78553.48,0.07692307692307693,1213.5257692307691,59834.43,0.0029106288346574713,18719.049999999996,0.31284746925808427
Outpatient,PRV027,Provider Group 27,Commercial,55,63037.59,75241.17,0.05454545454545454,1146.138,59535.06,0.0029075961291639314,15706.11,0.2638127852730811
Inpatient,PRV009,Provider Group 09,Medicare Advantage,12,62763.74,70297.90000000001,0.0,5230.3116666666665,66399.94,0.002894964853127339,3897.9600000000064,0.058704269913497004
Inpatient,PRV025,Provider Group 25,Medicare Advantage,12,62664.57,79343.23,0.08333333333333333,5222.0475,78971.34,0.0028903906568719115,371.8899999999994,0.004709176772231539
Inpatient,PRV015,Provider Group 15,Medicare Advantage,13,62237.92,68369.76,0.0,4787.532307692308,64189.73,0.0028707115116427266,4180.029999999992,0.06511991871596892
Outpatient,PRV026,Provider Group 26,Commercial,44,61982.12,69848.45,0.0,1408.6845454545455,55674.520000000004,0.0028589127882169083,14173.929999999993,0.2545855806210811
Outpatient,PRV030,Provider Group 30,Commercial,57,61905.61,77445.49,0.07017543859649122,1086.0633333333333,61517.18,0.0028553837798927905,15928.310000000005,0.2589245800929107
Inpatient,PRV008,Provider Group 08,Managed Medicaid,12,61442.65,76481.17,0.16666666666666666,5120.220833333334,79041.7,0.0028340298432343977,-2560.529999999999,-0.03239467268543059
Inpatient,PRV034,Provider Group 34,Medicare Advantage,11,61297.49,66023.71,0.0,5572.499090909091,62688.95,0.002827334367501435,3334.7600000000093,0.05319533984856995
Outpatient,PRV009,Provider Group 09,Commercial,42,61231.53,69013.98,0.0,1457.8935714285715,54486.12,0.0028242919758002354,14527.859999999993,0.2666341446225202
Inpatient,PRV010,Provider Group 10,Exchange,9,60767.01,71318.15000000001,0.0,6751.89,59728.86,0.0028028660844563683,11589.290000000008,0.19403166241579042
Outpatient,PRV039,Provider Group 39,Commercial,49,60526.71,71104.62,0.02040816326530612,1235.2389795918368,56850.83,0.0027917822954054527,14253.789999999994,0.2507226367671324
Inpatient,PRV038,Provider Group 38,Medicare Advantage,11,59970.759999999995,67142.08,0.0,5451.887272727272,66595.77,0.0027661392137456257,546.3099999999977,0.008203373877950471
Inpatient,PRV019,Provider Group 19,Medicare Advantage,15,59796.67,81734.41,0.13333333333333333,3986.4446666666668,77409.94,0.0027581093475955057,4324.470000000001,0.05586453109251862
Inpatient,PRV035,Provider Group 35,Managed Medicaid,11,59337.77,67811.34,0.0,5394.342727272727,81303.6,0.0027369426776185394,-13492.26000000001,-0.16594910926453452
Outpatient,PRV003,Provider Group 03,Commercial,48,58983.5,71404.56999999999,0.0625,1228.8229166666667,55116.87,0.00272060204529616,16287.69999999999,0.2955120637293081
Outpatient,PRV022,Provider Group 22,Commercial,51,58242.89,67269.07,0.0196078431372549,1142.0174509803921,49801.77,0.0026864415583673276,17467.30000000001,0.35073653004702465
Inpatient,PRV002,Provider Group 02,Exchange,9,58170.08,65729.52,0.0,6463.3422222222225,55062.97,0.002683083211797219,10666.550000000003,0.19371548610617995
Inpatient,PRV039,Provider Group 39,Managed Medicaid,11,57784.159999999996,66593.2,0.0,5253.105454545454,80076.37999999999,0.0026652827296060853,-13483.179999999993,-0.16837899015914548
Outpatient,PRV021,Provider Group 21,Commercial,61,57634.89,67642.52,0.01639344262295082,944.834262295082,50905.24,0.002658397680951778,16737.280000000006,0.3287928708321581
Outpatient,PRV035,Provider Group 35,Commercial,44,57208.56,66954.07,0.045454545454545456,1300.1945454545455,51678.76,0.002638733295658075,15275.310000000005,0.29558197603812486
Inpatient,PRV024,Provider Group 24,Medicare Advantage,8,57198.5,61256.799999999996,0.0,7149.8125,62000.15,0.002638269280186364,-743.3500000000058,-0.011989487122208669
Inpatient,PRV006,Provider Group 06,Medicare Advantage,11,57111.91,69085.77,0.09090909090909091,5191.991818181818,63621.49,0.0026342753338945675,5464.280000000006,0.08588733146614463
Outpatient,PRV015,Provider Group 15,Commercial,50,57036.78,66599.13,0.04,1140.7356,50881.43,0.002630809977792215,15717.700000000004,0.3089083777716154
Inpatient,PRV003,Provider Group 03,Medicare Advantage,13,56983.65,69163.76,0.07692307692307693,4383.357692307693,65603.37,0.002628359367254241,3560.3899999999994,0.054271449774607614
Outpatient,PRV034,Provider Group 34,Commercial,51,56782.08,72570.62,0.0784313725490196,1113.374117647059,56338.38,0.0026190619916446156,16232.239999999998,0.28812046068772296
Outpatient,PRV037,Provider Group 37,Commercial,45,56726.0,67543.7,0.044444444444444446,1260.5777777777778,51969.0,0.002616475312951418,15574.699999999997,0.2996921241509361
Inpatient,PRV014,Provider Group 14,Medicare Advantage,13,56506.91,63499.12,0.0,4346.6853846153845,60478.32,0.0026063698308741606,3020.800000000003,0.04994847740479568
Inpatient,PRV036,Provider Group 36,Medicare Advantage,9,55837.39,68603.03,0.1111111111111111,6204.154444444444,62742.44,0.0025754883558622215,5860.5899999999965,0.09340711008370087
Inpatient,PRV008,Provider Group 08,Medicare Advantage,11,55746.89,69987.35,0.09090909090909091,5067.899090909091,68164.34,0.0025713140616087557,1823.0100000000093,0.026744335821340153
Outpatient,PRV033,Provider Group 33,Commercial,52,55646.02,64431.22,0.019230769230769232,1070.1157692307693,48337.49,0.0025666614531960805,16093.730000000003,0.33294509086011714
Inpatient,PRV013,Provider Group 13,Managed Medicaid,15,54373.84,65681.18,0.13333333333333333,3624.9226666666664,79096.64,0.0025079824071919457,-13415.460000000006,-0.16960846883002875
Emergency,PRV009,Provider Group 09,Commercial,33,53925.88,61927.4,0.030303030303030304,1634.1175757575757,47929.13,0.0024873203425092656,13998.270000000004,0.2920618421406774
Outpatient,PRV032,Provider Group 32,Commercial,55,53724.14,64494.21,0.05454545454545454,976.8025454545455,48875.24,0.0024780151256839156,15618.970000000001,0.31956814943517414
Inpatient,PRV014,Provider Group 14,Managed Medicaid,12,53113.32,60716.16,0.0,4426.11,63027.09,0.002449841176336932,-2310.929999999993,-0.03666566233662372
Outpatient,PRV005,Provider Group 05,Commercial,39,51873.67,62603.43,0.07692307692307693,1330.0941025641025,47549.909999999996,0.0023926625700241263,15053.520000000004,0.3165835645114787
Inpatient,PRV028,Provider Group 28,Medicare Advantage,12,50881.96,57773.73,0.0,4240.163333333333,53867.4,0.0023469201462218655,3906.3300000000017,0.07251751523184712
Inpatient,PRV021,Provider Group 21,Medicare Advantage,13,50784.01,74402.39,0.15384615384615385,3906.462307692308,68354.68,0.0023424022222204625,6047.710000000006,0.08847543430822889
Inpatient,PRV016,Provider Group 16,Medicare Advantage,10,50386.479999999996,60990.97,0.1,5038.647999999999,54363.09,0.0023240662311201274,6627.880000000005,0.12191875038744128
Inpatient,PRV011,Provider Group 11,Managed Medicaid,9,50218.09,57152.64,0.0,5579.787777777778,55911.83,0.0023162992763207783,1240.8099999999977,0.02219226235306549
Emergency,PRV025,Provider Group 25,Commercial,29,49107.62,60515.74,0.06896551724137931,1693.3662068965518,48748.7,0.0022650790714628093,11767.04,0.24138161633028166
Inpatient,PRV009,Provider Group 09,Exchange,9,48132.37,64311.81,0.1111111111111111,5348.041111111112,52787.520000000004,0.002220095861841897,11524.289999999994,0.21831466983105083
Inpatient,PRV007,Provider Group 07,Exchange,8,47528.95,54450.229999999996,0.0,5941.11875,45552.31,0.0021922632360029315,8897.919999999998,0.19533411148633295
Outpatient,PRV031,Provider Group 31,Commercial,50,47218.89,55386.7,0.06,944.3778,43289.03,0.002177961781016969,12097.669999999998,0.2794627183838492
Emergency,PRV029,Provider Group 29,Commercial,29,46700.27,55069.95,0.034482758620689655,1610.3541379310343,43153.9,0.0021540405380806988,11916.049999999996,0.2761291563450811
Inpatient,PRV018,Provider Group 18,Medicare Advantage,10,45958.28,53016.200000000004,0.0,4595.8279999999995,48232.85,0.002119816398930101,4783.350000000006,0.09917203731481772
Outpatient,PRV019,Provider Group 19,Commercial,42,45864.12,52828.99,0.023809523809523808,1092.0028571428572,41360.55,0.002115473287914561,11468.439999999995,0.2772796783408343
Outpatient,PRV016,Provider Group 16,Commercial,39,45487.39,52058.77,0.0,1166.3433333333332,39478.76,0.002098096692620548,12580.009999999995,0.31865261218944047
Inpatient,PRV033,Provider Group 33,Medicare Advantage,11,45089.31,50889.47,0.0,4099.028181818182,41708.4,0.002079735332881104,9181.07,0.22012520259707874
Outpatient,PRV013,Provider Group 13,Commercial,48,45002.98,52369.58,0.041666666666666664,937.5620833333334,38844.31,0.002075753379036886,13525.270000000004,0.34819179437091313
Inpatient,PRV022,Provider Group 22,Managed Medicaid,11,44089.14,51021.45,0.0,4008.1036363636363,61210.87,0.002033602693284541,-10189.420000000006,-0.16646422440981487
Inpatient,PRV001,Provider Group 01,Exchange,6,43933.270000000004,50633.69,0.0,7322.211666666667,45877.14,0.00202641322096092,4756.550000000003,0.1036801770990956
Inpatient,PRV019,Provider Group 19,Managed Medicaid,7,43929.04,49435.649999999994,0.0,6275.577142857143,57260.49,0.002026218113063769,-7824.840000000004,-0.1366533887502535
Inpatient,PRV021,Provider Group 21,Managed Medicaid,12,43519.33,49426.31,0.0,3626.6108333333336,55190.73,0.0020073203219191558,-5764.4200000000055,-0.10444543857274592
Inpatient,PRV026,Provider Group 26,Medicare Advantage,9,43429.21,59285.12,0.1111111111111111,4825.467777777778,56706.71,0.0020031635550890746,2578.4100000000035,0.04546922224900728
Outpatient,PRV007,Provider Group 07,Medicare Advantage,31,43428.32,48897.13,0.0,1400.9135483870969,46614.28,0.0020031225040185157,2282.8499999999985,0.048973190189787304
Inpatient,PRV009,Provider Group 09,Managed Medicaid,10,43353.52,49067.26,0.0,4335.352,54602.75,0.001999672369099629,-5535.489999999998,-0.10137749472325108
Emergency,PRV007,Provider Group 07,Commercial,24,43269.87,52100.98,0.08333333333333333,1802.91125,39917.05,0.0019958140297150723,12183.93,0.30523122324921304
Outpatient,PRV006,Provider Group 06,Medicare Advantage,35,42783.74,47910.85,0.0,1222.3925714285713,44202.33,0.001973391381478195,3708.519999999997,0.08389874470418181
Inpatient,PRV020,Provider Group 20,Managed Medicaid,10,42079.66,46705.94,0.0,4207.966,52268.659999999996,0.001940915833434215,-5562.719999999994,-0.10642553300582021
Emergency,PRV026,Provider Group 26,Commercial,25,42044.1,49098.71,0.04,1681.764,36947.8,0.001939275635603792,12150.909999999996,0.32886694201007893
Inpatient,PRV040,Provider Group 40,Medicare Advantage,9,41963.47,47827.15,0.0,4662.607777777778,44394.55,0.0019355565931103453,3432.5999999999985,0.07732030170370008
Inpatient,PRV022,Provider Group 22,Medicare Advantage,8,41402.05,47325.34,0.0,5175.25625,39248.26,0.0019096612088033752,8077.0799999999945,0.20579460083071183
Inpatient,PRV023,Provider Group 23,Exchange,7,41000.85,44730.26,0.0,5857.2642857142855,36236.020000000004,0.0018911559396929828,8494.239999999998,0.23441426514280533
Outpatient,PRV009,Provider Group 09,Medicare Advantage,34,40824.08,46312.66,0.0,1200.7082352941177,43120.46,0.0018830024590832022,3192.2000000000044,0.07402982250189363
Outpatient,PRV001,Provider Group 01,Medicare Advantage,29,40453.39,45799.88,0.0,1394.9444827586208,42175.83,0.0018659044575714092,3624.0499999999956,0.0859271767739958
Inpatient,PRV029,Provider Group 29,Managed Medicaid,14,40215.979999999996,58488.33,0.21428571428571427,2872.5699999999997,80583.17,0.0018549539691878143,-22094.839999999997,-0.2741867811852028
Outpatient,PRV004,Provider Group 04,Medicare Advantage,22,39771.03,48172.65,0.045454545454545456,1807.7740909090908,40259.05,0.0018344307401482606,7913.5999999999985,0.19656698307585493
Inpatient,PRV008,Provider Group 08,Exchange,6,39661.78,45596.51,0.0,6610.296666666666,41343.9,0.001829391605925154,4252.610000000001,0.1028594302908047
Inpatient,PRV027,Provider Group 27,Medicare Advantage,9,39646.59,44661.26,0.0,4405.176666666666,43579.04,0.001828690970237749,1082.2200000000012,0.024833497938458515
Inpatient,PRV003,Provider Group 03,Managed Medicaid,11,39517.42,48934.62,0.09090909090909091,3592.4927272727273,56227.12,0.0018227330300308962,-7292.5,-0.12969719950088143
Inpatient,PRV005,Provider Group 05,Medicare Advantage,9,39386.25,44145.39,0.0,4376.25,42922.43,0.0018166828402272819,1222.9599999999991,0.02849232906897394
Inpatient,PRV024,Provider Group 24,Managed Medicaid,9,38984.28,46387.03,0.1111111111111111,4331.586666666666,57176.81,0.0017981420550221363,-10789.779999999999,-0.18870902381577426
Inpatient,PRV037,Provider Group 37,Managed Medicaid,10,38937.479999999996,45232.9,0.0,3893.7479999999996,45536.68,0.001795983414457913,-303.77999999999884,-0.006671105579062831
Inpatient,PRV036,Provider Group 36,Managed Medicaid,8,38849.46,46220.86,0.125,4856.1825,53423.65,0.0017919235097044318,-7202.790000000001,-0.13482399648844662
Emergency,PRV003,Provider Group 03,Commercial,24,38148.89,43589.31,0.041666666666666664,1589.5370833333334,33949.46,0.001759609859702768,9639.849999999999,0.28394707898152133
Inpatient,PRV016,Provider Group 16,Exchange,8,38069.850000000006,51396.07,0.25,4758.731250000001,42158.68,0.001755964155638747,9237.39,0.21911003854959404
Inpatient,PRV002,Provider Group 02,Managed Medicaid,9,37985.729999999996,43164.88,0.0,4220.636666666666,55863.96,0.0017520841375989504,-12699.080000000002,-0.2273215146223075
Outpatient,PRV017,Provider Group 17,Medicare Advantage,29,37676.47,45036.89,0.034482758620689655,1299.1886206896552,43915.840000000004,0.0017378195824516926,1121.0499999999956,0.0255272357308888
Emergency,PRV039,Provider Group 39,Commercial,23,37538.81,44939.48,0.043478260869565216,1632.1221739130433,32866.97,0.0017314700427065862,12072.510000000002,0.3673143584577465
Inpatient,PRV023,Provider Group 23,Managed Medicaid,11,37456.71,48156.35,0.09090909090909091,3405.1554545454546,53164.21,0.0017276831967595195,-5007.860000000001,-0.09419607664630023
Inpatient,PRV030,Provider Group 30,Medicare Advantage,10,37447.89,50402.69,0.1,3744.7889999999998,45435.92,0.0017272763760378005,4966.770000000004,0.10931373239498626
Outpatient,PRV025,Provider Group 25,Medicare Advantage,34,37432.6,44355.14,0.029411764705882353,1100.9588235294118,43831.94,0.0017265711278705576,523.1999999999971,0.011936501099426516
Outpatient,PRV023,Provider Group 23,Medicare Advantage,31,37334.77,42591.91,0.03225806451612903,1204.3474193548386,40919.86,0.00172205873884496,1672.050000000003,0.040861576750262654
Inpatient,PRV027,Provider Group 27,Exchange,5,36873.520000000004,41396.29,0.0,7374.704000000001,38343.28,0.0017007836755917988,3053.010000000002,0.07962307867245583
Inpatient,PRV038,Provider Group 38,Exchange,8,36404.77,44053.28,0.125,4550.59625,40536.51,0.0016791626763507806,3516.769999999997,0.08675561857693218
Inpatient,PRV018,Provider Group 18,Exchange,6,36068.74,40424.13,0.0,6011.456666666666,36176.75,0.0016636633603508678,4247.379999999997,0.11740634523554486
Emergency,PRV012,Provider Group 12,Commercial,25,35848.99,47329.58,0.12,1433.9596,33808.38,0.0016535274359066785,13521.200000000004,0.3999363471423359
Emergency,PRV020,Provider Group 20,Commercial,22,35848.52,45228.24,0.09090909090909091,1629.4781818181816,34444.76,0.0016535057572514395,10783.479999999996,0.3130659061058923
Outpatient,PRV018,Provider Group 18,Medicare Advantage,30,35840.04,42365.630000000005,0.03333333333333333,1194.6680000000001,40130.2,0.0016531146189611703,2235.4300000000076,0.055704432073600624
Outpatient,PRV022,Provider Group 22,Medicare Advantage,37,35689.68,43295.83,0.05405405405405406,964.5859459459459,37873.98,0.0016461792942766274,5421.8499999999985,0.14315501037915734
Inpatient,PRV012,Provider Group 12,Exchange,7,35601.15,41777.18,0.0,5085.878571428571,35638.240000000005,0.001642095865875972,6138.939999999995,0.1722571036055651
Emergency,PRV016,Provider Group 16,Commercial,25,35186.14,44278.07,0.08,1407.4456,29048.77,0.0016229536132999402,15229.3,0.5242666040593112
Inpatient,PRV013,Provider Group 13,Medicare Advantage,8,35078.91,40007.27,0.0,4384.86375,31924.97,0.001618007651169563,8082.299999999996,0.25316546891038566
Outpatient,PRV024,Provider Group 24,Medicare Advantage,32,34921.2,42694.43,0.0625,1091.2875,40279.68,0.0016107333092169208,2414.75,0.05994958251902696
Inpatient,PRV007,Provider Group 07,Managed Medicaid,7,34890.69,44404.03,0.14285714285714285,4984.384285714286,46026.04,0.0016093260416183218,-1622.010000000002,-0.035241137408301954
Inpatient,PRV025,Provider Group 25,Exchange,6,34135.48,37876.2,0.0,5689.246666666667,36626.67,0.0015744921326331291,1249.5299999999988,0.034115304503521585
Inpatient,PRV038,Provider Group 38,Managed Medicaid,9,33686.18,39009.67,0.0,3742.908888888889,44341.270000000004,0.0015537682607206183,-5331.600000000006,-0.12024012844016432
Emergency,PRV034,Provider Group 34,Commercial,23,33183.79,38520.52,0.043478260869565216,1442.7734782608695,30515.94,0.0015305956232620692,8004.579999999998,0.2623081576382703
Inpatient,PRV032,Provider Group 32,Exchange,7,33103.44,37536.07,0.0,4729.062857142858,33473.35,0.001526889495712169,4062.720000000001,0.12137177784715307
Emergency,PRV033,Provider Group 33,Commercial,29,32963.12,38611.82,0.034482758620689655,1136.6593103448276,30625.94,0.0015204172640033698,7985.880000000001,0.26075542497634363
Inpatient,PRV027,Provider Group 27,Managed Medicaid,11,32879.04,52481.229999999996,0.2727272727272727,2989.0036363636364,54608.91,0.0015165390909555089,-2127.6800000000076,-0.03896214006102681
Inpatient,PRV034,Provider Group 34,Managed Medicaid,10,32873.88,40869.25,0.1,3287.388,49535.99,0.0015163010869958635,-8666.739999999998,-0.17495844940214172
Emergency,PRV040,Provider Group 40,Commercial,21,32870.74,38416.06,0.0,1565.2733333333333,28242.32,0.0015161562551289478,10173.739999999998,0.3602303210217857
Inpatient,PRV030,Provider Group 30,Managed Medicaid,7,32390.99,38012.64,0.0,4627.284285714286,41834.3,0.0014940278831057409,-3821.6600000000035,-0.09135231138085263
Outpatient,PRV035,Provider Group 35,Medicare Advantage,25,32216.49,37846.23,0.04,1288.6596,36695.73,0.0014859791057882847,1150.5,0.03135242165777871
Emergency,PRV005,Provider Group 05,Commercial,19,32112.04,39666.770000000004,0.05263157894736842,1690.1073684210526,29156.57,0.001481161370597406,10510.200000000004,0.3604745002584325
Emergency,PRV028,Provider Group 28,Commercial,22,32051.64,37300.66,0.045454545454545456,1456.8927272727271,28497.74,0.0014783754327752033,8802.920000000002,0.30889888110425606
Outpatient,PRV034,Provider Group 34,Medicare Advantage,30,31807.02,36328.47,0.0,1060.234,35677.47,0.0014670923845952828,651.0,0.018246809541147397
Emergency,PRV027,Provider Group 27,Commercial,20,31795.83,38411.51,0.1,1589.7915,27402.19,0.0014665762481014012,11009.320000000003,0.4017678878950917
Inpatient,PRV003,Provider Group 03,Exchange,6,31795.22,36384.87,0.0,5299.203333333334,30266.18,0.001466548111974389,6118.690000000002,0.20216261186578557
Inpatient,PRV039,Provider Group 39,Exchange,5,31362.38,38025.9,0.0,6272.476000000001,34165.229999999996,0.001446583454243227,3860.6700000000055,0.11299997102317198
Outpatient,PRV010,Provider Group 10,Medicare Advantage,31,31298.37,36775.84,0.06451612903225806,1009.6248387096774,35365.31,0.0014436310058988694,1410.5299999999988,0.03988456484617267
Emergency,PRV035,Provider Group 35,Commercial,19,31106.1,38944.47,0.10526315789473684,1637.1631578947367,28011.05,0.0014347625909141857,10933.420000000002,0.3903252466437353
Inpatient,PRV028,Provider Group 28,Managed Medicaid,8,30773.07,35665.1,0.0,3846.63375,41821.37,0.0014194016493094153,-6156.270000000004,-0.14720392947433342
Inpatient,PRV040,Provider Group 40,Managed Medicaid,7,30451.78,34149.61,0.0,4350.254285714285,35979.5,0.001404582212837636,-1829.8899999999994,-0.05085923928903958
Emergency,PRV032,Provider Group 32,Commercial,25,30359.11,36082.51,0.04,1214.3644,26944.760000000002,0.0014003078277716836,9137.75,0.3391290180354176
Outpatient,PRV020,Provider Group 20,Medicare Advantage,24,30357.02,34773.9,0.0,1264.8758333333333,32757.91,0.0014002114269430677,2015.9900000000016,0.06154208250770582
Professional,PRV017,Provider Group 17,Commercial,71,30034.4,37411.27,0.08450704225352113,423.0197183098592,28474.87,0.0013853306444894418,8936.399999999998,0.3138346197893089
Inpatient,PRV024,Provider Group 24,Exchange,5,29971.91,35653.08,0.0,5994.382,32050.809999999998,0.0013824483058386232,3602.270000000004,0.1123924793164355
Inpatient,PRV016,Provider Group 16,Managed Medicaid,9,29730.33,33850.47,0.0,3303.3700000000003,44210.07,0.0013713054770457804,-10359.599999999999,-0.2343267043006265
Inpatient,PRV019,Provider Group 19,Exchange,4,29655.7,33525.97,0.0,7413.925,32713.18,0.0013678631833426184,812.7900000000009,0.024845948941680414
Outpatient,PRV017,Provider Group 17,Managed Medicaid,31,29619.66,37238.28,0.0967741935483871,955.4729032258065,43187.21,0.001366200845608973,-5948.93,-0.13774749514960566
Emergency,PRV019,Provider Group 19,Commercial,22,29551.54,34768.770000000004,0.045454545454545456,1343.2518181818182,26623.49,0.0013630588243432702,8145.2800000000025,0.3059433605436403
Outpatient,PRV027,Provider Group 27,Medicare Advantage,29,29204.31,33543.88,0.034482758620689655,1007.0451724137931,31084.02,0.001347042910601492,2459.859999999997,0.07913583892945626
Emergency,PRV006,Provider Group 06,Commercial,21,29193.16,36343.75,0.047619047619047616,1390.1504761904762,25580.97,0.0013465286190995455,10762.779999999999,0.4207338502019274
Emergency,PRV030,Provider Group 30,Commercial,19,29124.67,33383.75,0.0,1532.8773684210526,25507.13,0.0013433695316584417,7876.619999999999,0.30880071572144724
Outpatient,PRV032,Provider Group 32,Medicare Advantage,36,29085.5,32758.31,0.027777777777777776,807.9305555555555,31627.72,0.0013415628233058646,1130.5900000000001,0.03574680691494676
Emergency,PRV023,Provider Group 23,Commercial,19,28784.1,38415.83,0.15789473684210525,1514.9526315789474,27454.85,0.0013276608090738798,10960.980000000003,0.39923656475996055
Inpatient,PRV012,Provider Group 12,Managed Medicaid,7,28764.07,39901.21,0.14285714285714285,4109.152857142857,49607.55,0.0013267369293623117,-9706.340000000004,-0.1956625553973136
Inpatient,PRV015,Provider Group 15,Managed Medicaid,10,28501.96,48737.270000000004,0.2,2850.196,55676.56,0.0013146471584587103,-6939.289999999994,-0.12463575335832519
Inpatient,PRV005,Provider Group 05,Exchange,6,28465.63,30856.79,0.0,4744.2716666666665,26872.050000000003,0.0013129714445335346,3984.739999999998,0.1482856722877487
Professional,PRV018,Provider Group 18,Commercial,70,28291.76,32782.85,0.02857142857142857,404.16799999999995,25082.280000000002,0.001304951725839058,7700.569999999996,0.3070123609177473
Inpatient,PRV029,Provider Group 29,Exchange,6,28037.98,32386.07,0.0,4672.996666666667,27151.25,0.001293246174505969,5234.82,0.19280217301229224
Outpatient,PRV039,Provider Group 39,Medicare Advantage,24,28034.86,31005.78,0.0,1168.1191666666666,29263.92,0.001293102265135021,1741.8600000000006,0.05952244265293237
Emergency,PRV022,Provider Group 22,Commercial,22,27763.94,33472.65,0.045454545454545456,1261.9972727272727,25053.57,0.001280606134757684,8419.080000000002,0.3360431267879189
Outpatient,PRV030,Provider Group 30,Medicare Advantage,29,27737.14,31697.78,0.0,956.4531034482759,29714.32,0.0012793699901610777,1983.4599999999991,0.06675098067194535
Outpatient,PRV026,Provider Group 26,Medicare Advantage,29,27714.26,32536.95,0.034482758620689655,955.6641379310345,31298.11,0.001278314654774124,1238.8400000000001,0.03958194280740914
Inpatient,PRV013,Provider Group 13,Exchange,5,27532.78,31049.35,0.0,5506.556,25255.84,0.0012699439263639696,5793.509999999998,0.22939288497234692
Emergency,PRV017,Provider Group 17,Commercial,11,27508.7,31861.33,0.0,2500.7909090909093,23945.02,0.0012688332412189591,7916.310000000001,0.33060360776478787
Inpatient,PRV030,Provider Group 30,Exchange,5,27494.19,29950.34,0.0,5498.838,24534.14,0.001268163970394453,5416.200000000001,0.22076176299637978
Inpatient,PRV033,Provider Group 33,Exchange,5,27269.129999999997,30868.719999999998,0.0,5453.825999999999,24320.73,0.0012577831232708616,6547.989999999998,0.2692349283923631
Emergency,PRV013,Provider Group 13,Commercial,17,27235.670000000002,31680.73,0.0,1602.0982352941178,20857.34,0.001256239787517039,10823.39,0.5189247526290505
Outpatient,PRV031,Provider Group 31,Medicare Advantage,32,27208.74,31844.73,0.03125,850.273125,30575.92,0.001254997646696643,1268.8100000000013,0.04149703426748897
Professional,PRV026,Provider Group 26,Commercial,86,26960.21,32817.69,0.06976744186046512,313.4908139534884,25589.38,0.0012435342505550532,7228.310000000001,0.2824730415508309
Emergency,PRV021,Provider Group 21,Commercial,26,26923.34,31773.04,0.038461538461538464,1035.5130769230768,24066.18,0.0012418336292387517,7706.860000000001,0.32023611557796045
Emergency,PRV018,Provider Group 18,Commercial,16,26800.059999999998,32050.24,0.0625,1675.0037499999999,25975.48,0.001236147364094362,6074.760000000002,0.2338651682278827
Inpatient,PRV011,Provider Group 11,Exchange,4,26752.28,29704.66,0.0,6688.07,27245.93,0.0012339435212277256,2458.7299999999996,0.0902421022148996
Emergency,PRV008,Provider Group 08,Commercial,19,26690.85,33604.7,0.10526315789473684,1404.7815789473684,26094.72,0.0012311100748631906,7509.979999999996,0.2877969183037793
Outpatient,PRV029,Provider Group 29,Medicare Advantage,27,26614.88,32678.23,0.1111111111111111,985.7362962962964,32235.89,0.0012276059739301985,442.34000000000015,0.013721972621199544
Emergency,PRV001,Provider Group 01,Commercial,14,26545.3,29435.23,0.0,1896.0928571428572,20245.33,0.0012243966104588597,9189.899999999998,0.4539269056123065
Inpatient,PRV040,Provider Group 40,Exchange,3,26474.27,29562.84,0.0,8824.756666666666,26008.92,0.0012211203660298688,3553.920000000002,0.13664235193156818
Inpatient,PRV037,Provider Group 37,Medicare Advantage,7,26404.38,30087.85,0.0,3772.054285714286,26926.18,0.001217896703871032,3161.6699999999983,0.11741992365794175
Emergency,PRV002,Provider Group 02,Commercial,18,26398.92,31864.42,0.05555555555555555,1466.6066666666666,24498.54,0.0012176448624718725,7365.879999999997,0.3006660805092874
Outpatient,PRV012,Provider Group 12,Medicare Advantage,25,26150.54,30948.53,0.04,1046.0216,28202.47,0.0012061883850500402,2746.0599999999977,0.09736948572234977
Professional,PRV004,Provider Group 04,Commercial,60,26115.67,29799.760000000002,0.0,435.2611666666666,21866.99,0.0012045800133305001,7932.77,0.362773751668611
Inpatient,PRV001,Provider Group 01,Managed Medicaid,9,25768.170000000002,29434.15,0.0,2863.13,32927.39,0.0011885516458931592,-3493.239999999998,-0.10608918593304838
Emergency,PRV036,Provider Group 36,Commercial,20,25710.93,36361.14,0.1,1285.5465,26333.88,0.00118591146243384,10027.259999999998,0.3807741206385082
Emergency,PRV010,Provider Group 10,Commercial,18,25585.34,28829.989999999998,0.0,1421.4077777777777,22745.92,0.0011801186490051905,6084.07,0.26747961832275857
Outpatient,PRV036,Provider Group 36,Medicare Advantage,23,25520.670000000002,30983.34,0.043478260869565216,1109.594347826087,28328.33,0.0011771357582939018,2655.0099999999984,0.0937227856354398
Outpatient,PRV011,Provider Group 11,Medicare Advantage,25,25386.54,29595.84,0.04,1015.4616000000001,27165.899999999998,0.0011709490390870798,2429.9400000000023,0.08944816847592027
Professional,PRV002,Provider Group 02,Commercial,78,25365.01,30302.84,0.038461538461538464,325.19243589743587,23269.31,0.0011699559721779404,7033.529999999999,0.30226637575415854
Emergency,PRV014,Provider Group 14,Commercial,20,24946.93,35429.79,0.2,1247.3465,25474.260000000002,0.0011506721164708798,9955.529999999999,0.3908074267908076
Professional,PRV010,Provider Group 10,Commercial,81,24872.32,29407.18,0.024691358024691357,307.0656790123457,22928.66,0.0011472307452636854,6478.52,0.2825511826683286
Outpatient,PRV037,Provider Group 37,Medicare Advantage,26,24669.36,28694.4,0.038461538461538464,948.8215384615385,26353.22,0.0011378692561843104,2341.1800000000003,0.08883847970001389
Outpatient,PRV019,Provider Group 19,Medicare Advantage,31,24637.99,28611.43,0.03225806451612903,794.773870967742,26866.85,0.0011364223212591035,1744.5800000000017,0.0649342963540572
Outpatient,PRV040,Provider Group 40,Managed Medicaid,27,24327.85,28044.38,0.037037037037037035,901.0314814814815,32425.64,0.0011221171762892705,-4381.259999999998,-0.13511714803470334
Inpatient,PRV036,Provider Group 36,Exchange,3,24269.3,27910.76,0.0,8089.766666666666,27948.43,0.0011194165693440724,-37.67000000000189,-0.00134783957453073
Emergency,PRV037,Provider Group 37,Commercial,20,24260.86,33315.46,0.1,1213.0430000000001,25793.9,0.0011190272760457382,7521.559999999998,0.2916022780579903
Professional,PRV020,Provider Group 20,Commercial,68,24099.87,29011.43,0.04411764705882353,354.40985294117644,22542.39,0.001111601644754407,6469.040000000001,0.28697223320153725
Outpatient,PRV005,Provider Group 05,Medicare Advantage,27,24029.71,29185.01,0.037037037037037035,889.9892592592593,28300.18,0.0011083655289000074,884.8299999999981,0.03126587887426858
Inpatient,PRV005,Provider Group 05,Managed Medicaid,9,23973.920000000002,38942.979999999996,0.2222222222222222,2663.7688888888893,46773.46,0.0011057922263983406,-7830.480000000003,-0.16741288756487127
Professional,PRV009,Provider Group 09,Commercial,68,23948.06,27695.57,0.014705882352941176,352.1773529411765,21032.49,0.001104599439112212,6663.079999999998,0.3167993898962984
Professional,PRV029,Provider Group 29,Commercial,77,23632.52,27906.23,0.025974025974025976,306.9158441558442,23121.74,0.0010900452202311224,4784.489999999998,0.20692603584332311
Professional,PRV007,Provider Group 07,Commercial,72,23569.77,27895.48,0.027777777777777776,327.35791666666665,20720.52,0.0010871508891327247,7174.959999999999,0.346273163028727
Outpatient,PRV015,Provider Group 15,Medicare Advantage,25,23279.16,26747.62,0.04,931.1664,24572.68,0.0010737465614752695,2174.9399999999987,0.08851049214005141
Professional,PRV038,Provider Group 38,Commercial,75,23277.47,27107.32,0.02666666666666667,310.36626666666666,20540.32,0.0010736686105660058,6567.0,0.3197126432304852
Outpatient,PRV012,Provider Group 12,Managed Medicaid,23,23222.65,29898.7,0.13043478260869565,1009.6804347826088,32835.1,0.0010711400491187682,-2936.399999999998,-0.08942869063898079
Outpatient,PRV026,Provider Group 26,Managed Medicaid,22,23125.96,26483.84,0.045454545454545456,1051.18,30197.76,0.001066680242363325,-3713.9199999999983,-0.12298660562902673
Emergency,PRV017,Provider Group 17,Medicare Advantage,16,23038.79,32327.489999999998,0.1875,1439.924375,31089.07,0.0010626595436884674,1238.4199999999983,0.039834578519074335
Outpatient,PRV003,Provider Group 03,Medicare Advantage,22,22995.05,26119.08,0.0,1045.2295454545454,25595.18,0.0010606420450072894,523.9000000000015,0.020468697621974195
Outpatient,PRV035,Provider Group 35,Managed Medicaid,31,22975.91,34671.96,0.16129032258064516,741.1583870967742,41058.32,0.0010597592163662803,-6386.360000000001,-0.1555436267241329
Professional,PRV028,Provider Group 28,Commercial,85,22933.78,26842.51,0.023529411764705882,269.8091764705882,20380.47,0.0010578159786104955,6462.039999999997,0.3170702147693354
Inpatient,PRV031,Provider Group 31,Managed Medicaid,6,22924.52,25726.46,0.0,3820.7533333333336,26256.36,0.001057388862977489,-529.9000000000015,-0.020181776910432422
Emergency,PRV004,Provider Group 04,Commercial,15,22671.38,29206.8,0.13333333333333333,1511.4253333333334,22688.16,0.0010457128315153638,6518.639999999999,0.287314616963209
Professional,PRV035,Provider Group 35,Commercial,76,22663.920000000002,26668.8,0.039473684210526314,298.20947368421054,20307.14,0.0010453687405194427,6361.66,0.31327208065734513
Professional,PRV006,Provider Group 06,Commercial,76,22617.77,26923.49,0.05263157894736842,297.60223684210524,20357.75,0.0010432400810741669,6565.740000000002,0.322517959990667
Outpatient,PRV016,Provider Group 16,Medicare Advantage,28,22548.3,25645.65,0.0,805.2964285714286,23849.95,0.00104003579133065,1795.7000000000007,0.07529156245610581
Outpatient,PRV025,Provider Group 25,Managed Medicaid,24,22463.42,27214.329999999998,0.08333333333333333,935.9758333333333,32347.55,0.0010361207184440846,-5133.220000000001,-0.15868960709543695
Professional,PRV034,Provider Group 34,Commercial,68,22419.06,26055.99,0.014705882352941176,329.6920588235294,20087.02,0.0010340746223879106,5968.970000000001,0.29715557608843923
Professional,PRV001,Provider Group 01,Commercial,64,22306.0,26097.0,0.03125,348.53125,19854.99,0.001028859752682973,6242.009999999998,0.3143799115486836
Outpatient,PRV040,Provider Group 40,Medicare Advantage,25,22283.13,27053.12,0.04,891.3252,24981.92,0.0010278048785440034,2071.2000000000007,0.08290795903597485
Emergency,PRV039,Provider Group 39,Medicare Advantage,15,22126.34,28676.86,0.06666666666666667,1475.0893333333333,28741.8,0.0010205729714058717,-64.93999999999869,-0.0022594270365808226
Professional,PRV014,Provider Group 14,Commercial,75,22102.43,25849.25,0.02666666666666667,294.6990666666667,19996.88,0.001019470127476586,5852.369999999999,0.2926641556082748
Professional,PRV012,Provider Group 12,Commercial,71,22017.68,25054.27,0.014084507042253521,310.1081690140845,18899.08,0.0010155610508138099,6155.189999999999,0.32568728213225184
Professional,PRV005,Provider Group 05,Commercial,74,21988.86,25027.17,0.013513513513513514,297.14675675675676,19939.05,0.001014231734124474,5088.119999999999,0.2551836722411549
Professional,PRV040,Provider Group 40,Commercial,73,21804.17,24708.48,0.0,298.6872602739726,19210.8,0.001005712945111517,5497.68,0.28617652570429136
Professional,PRV025,Provider Group 25,Commercial,71,21781.93,26554.22,0.07042253521126761,306.78774647887326,20174.11,0.0010046871295955272,6380.110000000001,0.3162523650361776
Emergency,PRV038,Provider Group 38,Commercial,14,21587.55,24070.100000000002,0.0,1541.9678571428572,19487.58,0.0009957213912862599,4582.52,0.23515079861121801
Professional,PRV036,Provider Group 36,Commercial,66,21539.05,26785.41,0.07575757575757576,326.3492424242424,19965.91,0.0009934843385647893,6819.5,0.34155718422050385
Emergency,PRV024,Provider Group 24,Commercial,14,21380.57,26431.05,0.07142857142857142,1527.1835714285714,19164.99,0.0009861744805173941,7266.059999999998,0.3791319484121827
Outpatient,PRV017,Provider Group 17,Exchange,18,21359.88,33787.33,0.2222222222222222,1186.66,27328.67,0.0009852201584388946,6458.6600000000035,0.23633275969888048
Inpatient,PRV018,Provider Group 18,Managed Medicaid,6,21355.37,28520.78,0.16666666666666666,3559.228333333333,29841.760000000002,0.000985012135598197,-1320.9800000000032,-0.04426615588356729
Outpatient,PRV038,Provider Group 38,Medicare Advantage,23,21309.82,24184.83,0.0,926.5139130434783,21442.41,0.00098291115103195,2742.420000000002,0.12789700411474278
Inpatient,PRV015,Provider Group 15,Exchange,5,21304.38,23644.010000000002,0.0,4260.876,21588.95,0.000982660232128758,2055.0600000000013,0.09519036358878043
Outpatient,PRV029,Provider Group 29,Managed Medicaid,26,21241.93,28736.81,0.07692307692307693,816.9973076923077,38531.65,0.0009797797384698747,-9794.84,-0.2542024543459727
Outpatient,PRV039,Provider Group 39,Managed Medicaid,24,21225.25,24199.62,0.0,884.3854166666666,29129.850000000002,0.0009790103768328824,-4930.230000000003,-0.16925009912512431
Professional,PRV011,Provider Group 11,Commercial,69,21020.96,25363.96,0.07246376811594203,304.65159420289854,19519.89,0.0009695875417716609,5844.07,0.2993905191064089
Outpatient,PRV002,Provider Group 02,Medicare Advantage,24,20988.92,25955.88,0.08333333333333333,874.5383333333333,24115.13,0.0009681097032315388,1840.75,0.07633174691573298
Professional,PRV008,Provider Group 08,Commercial,71,20963.85,25838.39,0.07042253521126761,295.26549295774646,19541.36,0.0009669533545361312,6297.029999999999,0.3222411336774922
Outpatient,PRV008,Provider Group 08,Managed Medicaid,23,20890.67,24368.36,0.043478260869565216,908.29,27290.45,0.0009635779417906215,-2922.09,-0.10707371992766701
Outpatient,PRV013,Provider Group 13,Medicare Advantage,25,20807.33,23533.98,0.0,832.2932000000001,21871.23,0.0009597339010935627,1662.75,0.0760245308562893
Inpatient,PRV017,Provider Group 17,Exchange,4,20357.43,22733.13,0.0,5089.3575,19598.53,0.0009389823543020236,3134.600000000002,0.15994056697109438
Professional,PRV033,Provider Group 33,Commercial,83,20289.91,23946.37,0.03614457831325301,244.45674698795182,18111.28,0.0009358680079153493,5835.09,0.3221798790587965
Outpatient,PRV020,Provider Group 20,Managed Medicaid,21,20144.59,23770.52,0.0,959.2661904761904,28832.39,0.000929165152214646,-5061.869999999999,-0.17556192878911528
Outpatient,PRV024,Provider Group 24,Managed Medicaid,21,20072.85,23697.579999999998,0.047619047619047616,955.8499999999999,27306.75,0.0009258561591788045,-3609.170000000002,-0.13217134957473892
Professional,PRV031,Provider Group 31,Commercial,81,20053.41,23395.38,0.037037037037037035,247.57296296296295,18119.83,0.0009249594930982811,5275.549999999999,0.29114787500765726
Emergency,PRV011,Provider Group 11,Commercial,12,19880.16,26105.04,0.08333333333333333,1656.68,19792.84,0.000916968371778801,6312.200000000001,0.31891330400286166
Outpatient,PRV029,Provider Group 29,Exchange,13,19700.31,22342.4,0.0,1515.4084615384616,21920.57,0.0009086728267900072,421.83000000000175,0.01924356894004133
Outpatient,PRV033,Provider Group 33,Medicare Advantage,28,19502.67,23101.11,0.03571428571428571,696.5239285714285,22299.93,0.0008995567216380184,801.1800000000003,0.035927467036892057
Inpatient,PRV032,Provider Group 32,Managed Medicaid,7,19430.85,32200.57,0.2857142857142857,2775.835714285714,35363.72,0.0008962440386183065,-3163.1500000000015,-0.08944618948459046
Outpatient,PRV004,Provider Group 04,Managed Medicaid,16,19397.11,22905.78,0.0,1212.319375,25908.27,0.0008946877879209372,-3002.4900000000016,-0.11588925080678877
Imaging,PRV029,Provider Group 29,Commercial,28,19377.15,22235.57,0.0,692.0410714285715,18699.82,0.0008937671369452557,3535.75,0.189079360122183
Professional,PRV024,Provider Group 24,Commercial,60,19330.2,22584.7,0.03333333333333333,322.17,17530.85,0.0008916015776612753,5053.850000000002,0.28828322642655674
Professional,PRV023,Provider Group 23,Commercial,68,19033.71,23056.16,0.08823529411764706,279.90749999999997,17606.38,0.0008779260361893406,5449.779999999999,0.309534384694639
Inpatient,PRV035,Provider Group 35,Exchange,4,19020.37,21503.55,0.0,4755.0925,19371.07,0.0008773107313789402,2132.4799999999996,0.11008581353533901
Outpatient,PRV018,Provider Group 18,Managed Medicaid,19,18826.95,23164.72,0.05263157894736842,990.892105263158,27542.45,0.0008683892728761185,-4377.73,-0.15894482880063318
Outpatient,PRV001,Provider Group 01,Managed Medicaid,26,18822.34,23785.89,0.11538461538461539,723.9361538461538,28262.36,0.0008681766375555829,-4476.470000000001,-0.1583898159955503
Emergency,PRV018,Provider Group 18,Medicare Advantage,11,18661.99,21015.7,0.0,1696.5445454545456,20486.98,0.0008607805261352156,528.7200000000012,0.025807610492127254
Inpatient,PRV022,Provider Group 22,Exchange,2,18498.18,22166.81,0.0,9249.09,17046.86,0.0008532248229124504,5119.950000000001,0.30034563550120086
Outpatient,PRV034,Provider Group 34,Managed Medicaid,15,18424.97,22135.1,0.06666666666666667,1228.3313333333333,25291.87,0.0008498480264229893,-3156.7700000000004,-0.12481362588056955
Emergency,PRV007,Provider Group 07,Medicare Advantage,12,18366.100000000002,23009.11,0.08333333333333333,1530.5083333333334,20723.69,0.0008471326595423094,2285.420000000002,0.1102805533184487
Outpatient,PRV014,Provider Group 14,Medicare Advantage,17,18335.94,22891.170000000002,0.058823529411764705,1078.5847058823529,21389.84,0.0008457415356231432,1501.3300000000017,0.07018893081949196
Outpatient,PRV005,Provider Group 05,Exchange,17,18205.420000000002,20852.04,0.0,1070.9070588235295,18202.19,0.0008397213269384764,2649.850000000002,0.1455786364168269
Imaging,PRV018,Provider Group 18,Commercial,27,18166.22,20476.38,0.0,672.8229629629631,15488.53,0.0008379132348419475,4987.85,0.32203508015286153
Professional,PRV027,Provider Group 27,Commercial,68,18150.97,21703.34,0.058823529411764705,266.9260294117647,16706.19,0.0008372098316666397,4997.1500000000015,0.29911966762020553
Outpatient,PRV036,Provider Group 36,Managed Medicaid,25,18099.71,24134.16,0.16,723.9884,26622.510000000002,0.0008348454745016378,-2488.350000000002,-0.09346789615254167
Imaging,PRV023,Provider Group 23,Commercial,29,18085.06,22728.93,0.06896551724137931,623.6227586206898,17014.54,0.0008341697462053586,5714.389999999999,0.33585333485360164
Professional,PRV039,Provider Group 39,Commercial,61,18053.1,22228.01,0.06557377049180328,295.9524590163934,16466.6,0.0008326955976491069,5761.41,0.3498846149174693
Professional,PRV003,Provider Group 03,Commercial,75,18018.93,23036.73,0.08,240.2524,17205.920000000002,0.0008311195132884338,5830.809999999998,0.33888394227103213
Inpatient,PRV014,Provider Group 14,Exchange,3,17878.57,20926.96,0.0,5959.5233333333335,16823.56,0.0008246454365876993,4103.399999999998,0.24390794813939484
Outpatient,PRV028,Provider Group 28,Medicare Advantage,23,17875.18,20104.43,0.0,777.1817391304348,19082.06,0.0008244890735211884,1022.369999999999,0.053577548755218196
Professional,PRV030,Provider Group 30,Commercial,69,17791.04,20370.07,0.028985507246376812,257.84115942028984,15743.24,0.0008206081329854247,4626.83,0.29389312492218883
Inpatient,PRV010,Provider Group 10,Managed Medicaid,4,17597.04,20196.91,0.0,4399.26,24376.96,0.0008116599220995421,-4180.049999999999,-0.1714754423849405
Inpatient,PRV020,Provider Group 20,Exchange,2,17574.65,19959.71,0.0,8787.325,15652.23,0.0008106271878637951,4307.48,0.27519912498091326
Emergency,PRV003,Provider Group 03,Medicare Advantage,16,17563.23,20057.71,0.0,1097.701875,18544.43,0.0008101004426662859,1513.2799999999988,0.08160293953494385
Outpatient,PRV014,Provider Group 14,Managed Medicaid,20,17417.35,19652.61,0.0,870.8675,24747.44,0.0008033717570784892,-5094.829999999998,-0.20587301151149365
Outpatient,PRV002,Provider Group 02,Exchange,14,17241.149999999998,19864.53,0.0,1231.5107142857141,18453.69,0.0007952445676037854,1410.8400000000001,0.07645300208251034
Outpatient,PRV009,Provider Group 09,Exchange,13,17225.48,19424.24,0.07692307692307693,1325.0369230769231,18185.07,0.0007945217920131578,1239.170000000002,0.06814216277418794
Outpatient,PRV032,Provider Group 32,Managed Medicaid,24,17115.2,19387.8,0.0,713.1333333333333,22661.49,0.0007894351492477191,-3273.6900000000023,-0.14446049222712196
Emergency,PRV001,Provider Group 01,Managed Medicaid,11,17063.9,19548.17,0.0,1551.2636363636366,21842.329999999998,0.0007870689470907821,-2294.16,-0.1050327506268791
Emergency,PRV028,Provider Group 28,Medicare Advantage,13,17022.75,20675.0,0.07692307692307693,1309.4423076923076,19425.08,0.0007851709116374106,1249.9199999999983,0.06434568094442844
Professional,PRV021,Provider Group 21,Commercial,72,16999.04,19524.05,0.027777777777777776,236.0977777777778,14111.76,0.0007840772926678009,5412.289999999999,0.38353047387427214
Emergency,PRV035,Provider Group 35,Medicare Advantage,15,16991.12,20173.11,0.06666666666666667,1132.7413333333332,18045.54,0.0007837119842646246,2127.5699999999997,0.1179000462164058
Imaging,PRV009,Provider Group 09,Commercial,26,16867.9,20791.72,0.07692307692307693,648.7653846153846,16462.9,0.0007780284866081378,4328.82,0.2629439527665235
Professional,PRV019,Provider Group 19,Commercial,66,16863.9,19945.2,0.030303030303030304,255.51363636363638,15356.73,0.0007778439874146145,4588.470000000001,0.2987921256673785
Outpatient,PRV035,Provider Group 35,Exchange,12,16815.18,19775.37,0.08333333333333333,1401.265,16641.72,0.0007755967872375,3133.649999999998,0.1883008487103495
Professional,PRV037,Provider Group 37,Commercial,67,16789.87,19740.74,0.029850746268656716,250.59507462686565,14920.25,0.0007744293685904809,4820.490000000002,0.3230837284898042
Inpatient,PRV004,Provider Group 04,Managed Medicaid,4,16623.309999999998,19434.92,0.0,4155.827499999999,24008.739999999998,0.0007667468221721685,-4573.82,-0.19050645723182474
Emergency,PRV031,Provider Group 31,Commercial,12,16355.35,18500.489999999998,0.0,1362.9458333333334,13759.43,0.0007543872211980393,4741.059999999998,0.344568052601016
Emergency,PRV010,Provider Group 10,Medicare Advantage,16,16296.279999999999,19833.48,0.0625,1018.5174999999999,18176.99,0.0007516626293576831,1656.489999999998,0.09113114987684967
Emergency,PRV015,Provider Group 15,Medicare Advantage,15,16250.86,20325.02,0.06666666666666667,1083.3906666666667,17981.63,0.0007495676410152255,2343.3899999999994,0.13032133349423825
Imaging,PRV007,Provider Group 07,Commercial,22,16078.619999999999,18203.46,0.0,730.8463636363635,14577.9,0.0007416231057421099,3625.5599999999995,0.2487024880126767
Imaging,PRV026,Provider Group 26,Commercial,23,16002.23,19219.59,0.043478260869565216,695.7491304347826,15201.75,0.0007380996323937977,4017.84,0.2643011495387044
Outpatient,PRV027,Provider Group 27,Exchange,17,16000.6,19400.79,0.058823529411764705,941.2117647058824,16026.09,0.000738024448972437,3374.7000000000007,0.21057538052013938
Outpatient,PRV021,Provider Group 21,Medicare Advantage,23,15999.71,18446.37,0.043478260869565216,695.6395652173912,17336.88,0.000737983397901878,1109.489999999998,0.06399594390686202
Imaging,PRV014,Provider Group 14,Commercial,22,15944.94,18334.25,0.0,724.77,13758.74,0.0007354571426945595,4575.51,0.33255298086888774
Outpatient,PRV013,Provider Group 13,Managed Medicaid,28,15899.779999999999,20030.43,0.10714285714285714,567.8492857142857,23256.24,0.0007333741467996808,-3225.8100000000013,-0.13870728888246772
Professional,PRV022,Provider Group 22,Commercial,59,15891.89,18304.54,0.03389830508474576,269.35406779661014,13997.83,0.0007330102221404561,4306.710000000001,0.3076698316810535
Outpatient,PRV011,Provider Group 11,Managed Medicaid,19,15865.37,18231.04,0.0,835.0194736842105,21739.9,0.0007317869924873963,-3508.8600000000006,-0.16140184637463836
Outpatient,PRV008,Provider Group 08,Medicare Advantage,16,15757.3,17829.04,0.0,984.83125,16905.14,0.000726802285526379,923.9000000000015,0.054652017078829364
Outpatient,PRV014,Provider Group 14,Exchange,16,15741.15,17864.15,0.0,983.821875,16030.76,0.0007260573700325285,1833.3900000000012,0.11436700443397575
Imaging,PRV001,Provider Group 01,Commercial,22,15731.16,20323.67,0.09090909090909091,715.0527272727272,16830.28,0.0007255965832967039,3493.3899999999994,0.20756576836511334
Emergency,PRV004,Provider Group 04,Medicare Advantage,11,15729.89,17831.36,0.0,1429.99,18691.27,0.0007255380048027603,-859.9099999999999,-0.04600596963181206
Emergency,PRV011,Provider Group 11,Medicare Advantage,14,15725.37,18537.25,0.0,1123.2407142857144,17395.93,0.000725329520714079,1141.3199999999997,0.0656084497925664
Emergency,PRV026,Provider Group 26,Medicare Advantage,13,15703.91,18873.37,0.07692307692307693,1207.9930769230768,17744.39,0.0007243396825408261,1128.9799999999996,0.06362461600539661
Outpatient,PRV006,Provider Group 06,Managed Medicaid,23,15638.69,20397.29,0.13043478260869565,679.9430434782608,23212.34,0.0007213314231904279,-2815.0499999999993,-0.12127385692265404
Imaging,PRV036,Provider Group 36,Commercial,25,15516.2,16985.24,0.0,620.648,13236.14,0.000715681596636759,3749.100000000002,0.2832472306881011
Outpatient,PRV018,Provider Group 18,Exchange,12,15515.33,17247.59,0.0,1292.9441666666667,15921.04,0.0007156414680621677,1326.5499999999993,0.08332056197333837
Outpatient,PRV038,Provider Group 38,Managed Medicaid,23,15458.59,21159.4,0.17391304347826086,672.1126086956522,24787.89,0.0007130243470020389,-3628.489999999998,-0.1463815597051624
Imaging,PRV010,Provider Group 10,Commercial,21,15441.890000000001,17522.68,0.0,735.3280952380953,13170.19,0.000712254062869079,4352.49,0.3304804258708492
Inpatient,PRV021,Provider Group 21,Exchange,3,15414.47,16843.620000000003,0.0,5138.156666666667,13953.3,0.0007109893208974763,2890.3200000000033,0.20714239642235197
Emergency,PRV034,Provider Group 34,Medicare Advantage,10,15306.55,17601.33,0.0,1530.655,15560.34,0.0007060115326562163,2040.9900000000016,0.1311661570376998
Outpatient,PRV030,Provider Group 30,Managed Medicaid,18,15304.869999999999,17248.24,0.0,850.2705555555555,20257.559999999998,0.0007059340429949365,-3009.319999999996,-0.1485529352992165
Emergency,PRV024,Provider Group 24,Medicare Advantage,14,15147.800000000001,17992.9,0.07142857142857142,1081.9857142857143,18054.47,0.0006986892209132583,-61.56999999999971,-0.0034102358031002683
Outpatient,PRV008,Provider Group 08,Exchange,12,15056.07,18859.35,0.08333333333333333,1254.6725,16268.19,0.000694458193157784,2591.159999999998,0.15927770698522686
Emergency,PRV016,Provider Group 16,Medicare Advantage,11,14887.72,17672.35,0.09090909090909091,1353.4290909090907,15652.5,0.00068669308335037,2019.8499999999985,0.12904328382047586
Outpatient,PRV037,Provider Group 37,Managed Medicaid,20,14851.29,18956.55,0.1,742.5645000000001,21409.61,0.000685012756945356,-2453.0600000000013,-0.11457751916078814
Emergency,PRV001,Provider Group 01,Medicare Advantage,11,14850.32,17169.12,0.0,1350.0290909090909,15516.75,0.0006849680158909266,1652.369999999999,0.10648943883222962
Outpatient,PRV010,Provider Group 10,Exchange,13,14782.77,17319.74,0.0,1137.1361538461538,14300.36,0.000681852285760301,3019.380000000001,0.21114013912936463
Outpatient,PRV009,Provider Group 09,Managed Medicaid,20,14758.01,18090.97,0.1,737.9005,20736.05,0.0006807102357523914,-2645.079999999998,-0.12755949180292284
Professional,PRV015,Provider Group 15,Commercial,58,14722.94,18199.88,0.06896551724137931,253.8437931034483,13873.87,0.0006790926390731755,4326.01,0.31180989875211457
Outpatient,PRV007,Provider Group 07,Exchange,11,14704.630000000001,16506.13,0.0,1336.7845454545457,13993.96,0.0006782480940148224,2512.170000000002,0.17951816355056052
Emergency,PRV025,Provider Group 25,Medicare Advantage,10,14699.56,17208.59,0.0,1469.956,13551.69,0.0006780142412870315,3656.8999999999996,0.26984826246763316
Outpatient,PRV039,Provider Group 39,Exchange,12,14494.33,16369.720000000001,0.0,1207.8608333333334,14836.94,0.0006685480489153321,1532.7800000000007,0.10330836412359964
Imaging,PRV004,Provider Group 04,Commercial,16,14492.09,16640.91,0.0,905.755625,11947.33,0.000668444729366959,4693.58,0.3928559770258292
Inpatient,PRV004,Provider Group 04,Exchange,4,14484.4,27284.199999999997,0.25,3621.1,23554.57,0.0006680900296674103,3729.6299999999974,0.15833997394136243
Outpatient,PRV028,Provider Group 28,Managed Medicaid,20,14454.35,18363.03,0.1,722.7175,22466.19,0.0006667039794760662,-4103.16,-0.18263710936300281
Imaging,PRV039,Provider Group 39,Commercial,22,14358.33,17609.79,0.09090909090909091,652.6513636363636,13030.949999999999,0.0006622750763355381,4578.840000000002,0.3513819023171758
Outpatient,PRV023,Provider Group 23,Exchange,13,14327.400000000001,17121.4,0.07692307692307693,1102.1076923076923,14577.12,0.0006608484363216188,2544.2800000000007,0.17453927799181185
Imaging,PRV017,Provider Group 17,Commercial,20,14306.59,17420.67,0.05,715.3295,12987.29,0.0006598885792673136,4433.379999999997,0.3413629787276635
Emergency,PRV030,Provider Group 30,Medicare Advantage,11,14294.53,16042.66,0.0,1299.5027272727273,14010.79,0.0006593323141988407,2031.869999999999,0.14502180105475843
Inpatient,PRV026,Provider Group 26,Exchange,3,14224.859999999999,21959.57,0.3333333333333333,4741.62,17342.22,0.0006561187994956476,4617.3499999999985,0.2662490730713829
Outpatient,PRV002,Provider Group 02,Managed Medicaid,19,14202.58,19086.82,0.10526315789473684,747.5042105263158,23710.1,0.0006550911389877226,-4623.279999999999,-0.19499200762544228
Emergency,PRV020,Provider Group 20,Medicare Advantage,13,14191.52,16716.86,0.07692307692307693,1091.6553846153847,15640.32,0.0006545809987176305,1076.5400000000009,0.06883107251002543
Professional,PRV032,Provider Group 32,Commercial,60,14115.74,17298.54,0.06666666666666667,235.26233333333332,13763.93,0.0006510856614963306,3534.6100000000006,0.256802381296621
Imaging,PRV008,Provider Group 08,Commercial,24,14063.77,16460.06,0.041666666666666664,585.9904166666666,12740.65,0.0006486885557244785,3719.4100000000017,0.29193251521704167
Emergency,PRV027,Provider Group 27,Medicare Advantage,15,14055.89,18982.41,0.2,937.0593333333333,18788.79,0.0006483250923132374,193.61999999999898,0.010305080848740072
Outpatient,PRV005,Provider Group 05,Managed Medicaid,15,14018.23,17664.98,0.13333333333333333,934.5486666666667,22556.82,0.0006465880324062151,-4891.84,-0.2168674485144626
Outpatient,PRV030,Provider Group 30,Exchange,11,13984.24,17354.22,0.09090909090909091,1271.2945454545454,14691.57,0.0006450202505092503,2662.6500000000015,0.18123658669563578
Inpatient,PRV025,Provider Group 25,Managed Medicaid,4,13936.98,17929.480000000003,0.25,3484.245,21760.14,0.000642840392537772,-3830.659999999996,-0.1760402276823585
Emergency,PRV038,Provider Group 38,Medicare Advantage,13,13832.94,17001.260000000002,0.07692307692307693,1064.0723076923077,15717.11,0.0006380415685142296,1284.1500000000015,0.08170395193518411
Emergency,PRV004,Provider Group 04,Managed Medicaid,13,13702.0,20834.63,0.15384615384615385,1054.0,23842.7,0.0006320019874142427,-3008.0699999999997,-0.12616314427476752
Professional,PRV013,Provider Group 13,Commercial,65,13614.11,15884.47,0.015384615384615385,209.44784615384617,12456.55,0.0006279480788845508,3427.92,0.2751901609996347
Emergency,PRV037,Provider Group 37,Medicare Advantage,12,13571.82,16946.7,0.08333333333333333,1130.985,15385.66,0.0006259974611610252,1561.0400000000009,0.10146071081773553
Outpatient,PRV022,Provider Group 22,Managed Medicaid,18,13525.44,16179.65,0.05555555555555555,751.4133333333334,18395.86,0.0006238581930121219,-2216.210000000001,-0.12047330214515663
Emergency,PRV039,Provider Group 39,Exchange,7,13513.44,15558.39,0.0,1930.4914285714287,11325.63,0.0006233046954315518,4232.76,0.37373285194730893
Outpatient,PRV021,Provider Group 21,Managed Medicaid,21,13487.32,16599.07,0.09523809523809523,642.2533333333333,19630.28,0.0006220999156978444,-3031.209999999999,-0.15441501598550808
Outpatient,PRV015,Provider Group 15,Managed Medicaid,19,13456.82,15855.210000000001,0.05263157894736842,708.2536842105263,18212.56,0.0006206931093472288,-2357.3500000000004,-0.1294354006246239
Emergency,PRV040,Provider Group 40,Medicare Advantage,10,13373.67,17741.92,0.1,1337.367,16824.38,0.0006168578323618621,917.5399999999972,0.05453633358257464
Outpatient,PRV006,Provider Group 06,Exchange,12,13299.12,14726.67,0.0,1108.26,12487.720000000001,0.0006134192286425707,2238.949999999999,0.17929213659499083
Emergency,PRV040,Provider Group 40,Managed Medicaid,10,13241.9,15596.54,0.1,1324.19,14831.65,0.0006107799676792191,764.8900000000012,0.05157147047024446
Professional,PRV012,Provider Group 12,Medicare Advantage,46,13113.21,15002.51,0.0,285.0697826086956,13949.55,0.000604844167375589,1052.960000000001,0.07548343853385958
Outpatient,PRV027,Provider Group 27,Managed Medicaid,18,13097.1,14974.869999999999,0.05555555555555555,727.6166666666667,16991.74,0.0006041010968736738,-2016.8700000000026,-0.11869708458345068
Emergency,PRV029,Provider Group 29,Medicare Advantage,11,13023.63,14678.49,0.0,1183.9663636363637,15736.82,0.0006007123079366335,-1058.33,-0.06725183359789334
Imaging,PRV027,Provider Group 27,Commercial,22,13010.79,14910.2,0.0,591.3995454545455,11138.16,0.0006001200655254236,3772.040000000001,0.338659168121126
Imaging,PRV020,Provider Group 20,Commercial,19,12992.09,14873.52,0.0,683.7942105263159,11065.78,0.0005992575317957019,3807.74,0.34410046106103676
Outpatient,PRV031,Provider Group 31,Managed Medicaid,21,12819.86,15441.59,0.047619047619047616,610.4695238095238,17955.64,0.0005913134577705703,-2514.0499999999993,-0.1400145024070431
Professional,PRV029,Provider Group 29,Medicare Advantage,43,12801.93,15084.369999999999,0.046511627906976744,297.7193023255814,14820.56,0.0005904864401356018,263.8099999999995,0.017800272054497232
Emergency,PRV022,Provider Group 22,Medicare Advantage,9,12783.0,14398.76,0.0,1420.3333333333333,12767.77,0.0005896132977022525,1630.9899999999998,0.12774274599244814
Emergency,PRV028,Provider Group 28,Managed Medicaid,11,12655.61,14250.78,0.0,1150.51,16066.21,0.0005837374596365176,-1815.4299999999985,-0.11299678019893918
Outpatient,PRV040,Provider Group 40,Exchange,12,12645.470000000001,14570.21,0.0,1053.7891666666667,12521.65,0.0005832697541809359,2048.5599999999995,0.16360144230193302
Professional,PRV016,Provider Group 16,Commercial,58,12632.02,14873.65,0.034482758620689655,217.7934482758621,11300.94,0.0005826493756427136,3572.709999999999,0.31614272795006426
Professional,PRV018,Provider Group 18,Medicare Advantage,38,12629.23,15121.58,0.02631578947368421,332.34815789473686,14827.32,0.0005825206874552311,294.2600000000002,0.019845798161771663
Outpatient,PRV007,Provider Group 07,Managed Medicaid,17,12607.119999999999,15583.119999999999,0.058823529411764705,741.595294117647,17944.5,0.0005815008681630307,-2361.380000000001,-0.13159352447825245
Emergency,PRV018,Provider Group 18,Managed Medicaid,13,12583.94,14217.11,0.0,967.9953846153846,16108.18,0.0005804316953365629,-1891.0699999999997,-0.11739811698155841
Outpatient,PRV033,Provider Group 33,Managed Medicaid,16,12532.58,15456.68,0.0625,783.28625,18824.100000000002,0.000578062725691723,-3367.420000000002,-0.17888876493431302
Outpatient,PRV034,Provider Group 34,Exchange,12,12377.92,17183.45,0.16666666666666666,1031.4933333333333,15224.58,0.0005709290643741427,1958.8700000000008,0.12866496152931647
Emergency,PRV017,Provider Group 17,Managed Medicaid,11,12315.630000000001,17472.18,0.18181818181818182,1119.6027272727274,17228.22,0.0005680559506830003,243.95999999999913,0.014160487850747153
Imaging,PRV040,Provider Group 40,Commercial,23,12260.61,15628.32,0.08695652173913043,533.07,11692.6,0.0005655181642760865,3935.7199999999993,0.3365992165985323
Emergency,PRV038,Provider Group 38,Managed Medicaid,9,12127.1,15013.28,0.1111111111111111,1347.4555555555555,17717.29,0.0005593600424442608,-2704.01,-0.15261984197357498
Imaging,PRV005,Provider Group 05,Commercial,22,12078.49,15080.06,0.09090909090909091,549.0222727272727,11547.27,0.0005571179159949683,3532.789999999999,0.3059415775330445
Outpatient,PRV015,Provider Group 15,Exchange,9,12055.74,14130.82,0.1111111111111111,1339.5266666666666,12442.51,0.0005560685768318043,1688.3099999999995,0.13568886020585874
Imaging,PRV038,Provider Group 38,Commercial,18,12043.39,13570.61,0.0,669.0772222222222,10466.59,0.0005554989355718009,3104.0200000000004,0.29656459267058327
Emergency,PRV001,Provider Group 01,Exchange,4,11793.81,13154.1,0.0,2948.4525,9664.57,0.0005439871083919113,3489.5300000000007,0.3610641756436138
Outpatient,PRV021,Provider Group 21,Exchange,13,11791.78,13413.19,0.0,907.0600000000001,11944.8,0.0005438934750511983,1468.3900000000012,0.12293131739334281
Outpatient,PRV011,Provider Group 11,Exchange,12,11740.34,13164.19,0.0,978.3616666666667,11637.21,0.000541520815422488,1526.9800000000014,0.1312152998871724
Emergency,PRV002,Provider Group 02,Exchange,6,11734.130000000001,12788.28,0.0,1955.6883333333335,11510.27,0.000541234380424543,1278.0100000000002,0.111032147812345
Emergency,PRV005,Provider Group 05,Exchange,9,11715.71,13152.41,0.0,1301.7455555555555,10628.15,0.0005403847616383679,2524.26,0.23750699792532098
Outpatient,PRV024,Provider Group 24,Exchange,12,11659.140000000001,14509.43,0.08333333333333333,971.5950000000001,12683.630000000001,0.000537775481793964,1825.7999999999993,0.14394932680943856
Outpatient,PRV013,Provider Group 13,Exchange,10,11595.01,13422.86,0.0,1159.501,10319.25,0.0005348174984738008,3103.6100000000006,0.3007592606051797
Emergency,PRV012,Provider Group 12,Medicare Advantage,8,11501.65,12794.43,0.0,1437.70625,11285.89,0.0005305112872969657,1508.5400000000009,0.13366602013664858
Outpatient,PRV026,Provider Group 26,Exchange,10,11491.05,13284.07,0.0,1149.105,10235.05,0.0005300223644341288,3049.0200000000004,0.29789986370364585
Emergency,PRV025,Provider Group 25,Managed Medicaid,9,11459.130000000001,12709.56,0.0,1273.2366666666667,13923.6,0.0005285500608698126,-1214.0400000000009,-0.08719296733603385
Outpatient,PRV020,Provider Group 20,Exchange,12,11453.39,15566.650000000001,0.16666666666666666,954.4491666666667,13501.85,0.0005282853045271064,2064.800000000001,0.1529271914589483
Outpatient,PRV016,Provider Group 16,Exchange,10,11417.18,14543.54,0.1,1141.718,12206.45,0.0005266151255777364,2337.09,0.191463529527422
Outpatient,PRV019,Provider Group 19,Managed Medicaid,16,11403.9,13554.76,0.0625,712.74375,16271.73,0.0005260025882552388,-2716.9699999999993,-0.1669748699124186
Outpatient,PRV028,Provider Group 28,Exchange,11,11372.04,12860.7,0.0,1033.8218181818183,10764.45,0.0005245330521788254,2096.25,0.1947382355810097
Outpatient,PRV010,Provider Group 10,Managed Medicaid,18,11347.7,14747.28,0.1111111111111111,630.4277777777778,17018.53,0.0005234103745862357,-2271.249999999998,-0.13345747253141124
Professional,PRV004,Provider Group 04,Medicare Advantage,34,11325.4,13378.01,0.058823529411764705,333.09999999999997,12777.55,0.000522381791582343,600.460000000001,0.04699335944684239
Emergency,PRV013,Provider Group 13,Medicare Advantage,14,11320.75,14913.95,0.14285714285714285,808.625,12786.65,0.0005221673112698721,2127.300000000001,0.16636882999065442
Professional,PRV001,Provider Group 01,Medicare Advantage,42,11293.66,13132.58,0.047619047619047616,268.89666666666665,12666.82,0.0005209177904817352,465.7600000000002,0.03677008120428018
Emergency,PRV034,Provider Group 34,Managed Medicaid,12,11245.94,13671.97,0.08333333333333333,937.1616666666667,15090.81,0.0005187167151030017,-1418.8400000000001,-0.09402013543341943
Outpatient,PRV012,Provider Group 12,Exchange,8,11240.800000000001,12716.06,0.0,1405.1000000000001,11763.529999999999,0.0005184796336393241,952.5300000000007,0.08097314326566947
Outpatient,PRV019,Provider Group 19,Exchange,9,11203.49,12423.230000000001,0.0,1244.8322222222223,11426.09,0.000516758717411735,997.1400000000012,0.08726869821610028
Imaging,PRV003,Provider Group 03,Commercial,18,10992.16,12108.89,0.0,610.6755555555555,9390.15,0.0005070111637699126,2718.74,0.2895310511546674
Emergency,PRV011,Provider Group 11,Exchange,9,10962.42,12426.68,0.0,1218.0466666666666,10976.85,0.0005056394122660664,1449.83,0.13208069710344952
Emergency,PRV039,Provider Group 39,Managed Medicaid,10,10952.61,15747.61,0.2,1095.261,17423.4,0.0005051869279939505,-1675.7900000000009,-0.09618042402745737
Emergency,PRV014,Provider Group 14,Medicare Advantage,10,10934.0,16026.35,0.2,1093.4,14563.4,0.000504328545496083,1462.9500000000007,0.10045387752859915
Professional,PRV039,Provider Group 39,Medicare Advantage,39,10880.26,12621.3,0.02564102564102564,278.98102564102567,11912.0,0.0005018497988310968,709.2999999999993,0.059544996642041575
Emergency,PRV023,Provider Group 23,Exchange,7,10779.960000000001,12109.58,0.0,1539.9942857142858,10827.19,0.0004972234815534988,1282.3899999999994,0.11844162705189429
Professional,PRV005,Provider Group 05,Medicare Advantage,45,10592.93,12174.52,0.0,235.39844444444446,11762.460000000001,0.0004885967605123306,412.0599999999995,0.03503178756824673
Imaging,PRV019,Provider Group 19,Commercial,15,10568.12,12177.19,0.0,704.5413333333333,9744.89,0.000487452404264502,2432.300000000001,0.24959748134663412
Emergency,PRV036,Provider Group 36,Exchange,6,10530.65,11923.02,0.0,1755.1083333333333,8827.53,0.000485724108069172,3095.49,0.35066320930090294
Professional,PRV010,Provider Group 10,Medicare Advantage,46,10530.61,12122.49,0.021739130434782608,228.9263043478261,11910.06,0.00048572226307723676,212.4300000000003,0.0178361821854802
Professional,PRV009,Provider Group 09,Medicare Advantage,38,10522.58,12238.25,0.02631578947368421,276.91,11664.42,0.0004853518809462386,573.8299999999999,0.049194902104005164
Emergency,PRV019,Provider Group 19,Medicare Advantage,11,10411.68,15465.99,0.09090909090909091,946.5163636363636,15510.64,0.0004802366408058037,-44.649999999999636,-0.0028786690942475385
Imaging,PRV030,Provider Group 30,Commercial,20,10331.24,13559.65,0.1,516.562,10899.69,0.00047652636202404904,2659.959999999999,0.24403996810918466
Professional,PRV008,Provider Group 08,Medicare Advantage,45,10227.59,12338.7,0.044444444444444446,227.27977777777778,11799.3,0.0004717455266718752,539.4000000000015,0.045714576288424014
Professional,PRV032,Provider Group 32,Medicare Advantage,48,10211.77,12068.3,0.041666666666666664,212.74520833333335,11164.55,0.00047101583236149036,903.75,0.08094817972959054
Inpatient,PRV033,Provider Group 33,Managed Medicaid,4,10191.25,11805.65,0.0,2547.8125,13324.45,0.00047006935149871554,-1518.800000000001,-0.11398594313461351
Imaging,PRV028,Provider Group 28,Commercial,21,10140.96,11526.72,0.0,482.9028571428571,8951.51,0.00046774973538814317,2575.209999999999,0.2876844241921194
Imaging,PRV035,Provider Group 35,Commercial,19,10131.56,12694.04,0.05263157894736842,533.24,9604.460000000001,0.0004673161622833633,3089.58,0.3216818019961559
Imaging,PRV024,Provider Group 24,Commercial,14,10054.699999999999,11314.15,0.0,718.1928571428571,8675.83,0.0004637710102798121,2638.3199999999997,0.30410001118048646
Professional,PRV034,Provider Group 34,Medicare Advantage,36,10033.74,11495.0,0.027777777777777776,278.715,10707.98,0.00046280423450574976,787.0200000000004,0.07349845629147612
Outpatient,PRV016,Provider Group 16,Managed Medicaid,16,9972.64,14071.71,0.1875,623.29,16734.52,0.0004599860093246805,-2662.8100000000013,-0.15912078745013308
Imaging,PRV031,Provider Group 31,Commercial,21,9924.61,11425.11,0.0,472.60047619047623,8918.75,0.00045777063525844896,2506.3600000000006,0.2810214435879468
Emergency,PRV037,Provider Group 37,Exchange,7,9916.49,11180.39,0.0,1416.6414285714286,9370.13,0.0004573961018955965,1810.2600000000002,0.19319475823707893
Emergency,PRV035,Provider Group 35,Managed Medicaid,8,9874.52,11040.8,0.0,1234.315,13394.949999999999,0.00045546024410755273,-2354.1499999999996,-0.17574906961205528
Emergency,PRV008,Provider Group 08,Medicare Advantage,7,9851.28,11154.99,0.0,1407.3257142857144,9877.07,0.0004543883037931821,1277.92,0.12938249906095634
Inpatient,PRV006,Provider Group 06,Managed Medicaid,4,9778.279999999999,22360.48,0.25,2444.5699999999997,27073.25,0.0004510211935113808,-4712.77,-0.17407477860988246
Imaging,PRV015,Provider Group 15,Commercial,15,9744.81,10814.46,0.0,649.654,7759.09,0.0004494773965095742,3055.369999999999,0.3937794251645488
Outpatient,PRV036,Provider Group 36,Exchange,7,9739.9,11506.68,0.0,1391.4142857142856,9897.52,0.0004492509237495243,1609.1599999999999,0.1625821417890542
Emergency,PRV022,Provider Group 22,Managed Medicaid,10,9681.1,11787.86,0.0,968.11,13036.26,0.0004465387856047311,-1248.3999999999996,-0.09576366227737093
Emergency,PRV040,Provider Group 40,Exchange,4,9661.71,11366.039999999999,0.0,2415.4275,9966.47,0.00044564442576412657,1399.5699999999997,0.14042785459646193
Pharmacy,PRV036,Provider Group 36,Commercial,40,9625.2,10964.6,0.0,240.63000000000002,8300.36,0.0004439604093752422,2664.24,0.320978849110159
Emergency,PRV024,Provider Group 24,Exchange,7,9602.27,10802.1,0.0,1371.7528571428572,9508.779999999999,0.0004429027677483696,1293.3200000000015,0.13601324249798624
Emergency,PRV031,Provider Group 31,Medicare Advantage,10,9517.08,13108.24,0.2,951.708,13343.4,0.000438973396174306,-235.15999999999985,-0.017623694110946227
Emergency,PRV007,Provider Group 07,Exchange,5,9515.439999999999,10772.31,0.0,1903.0879999999997,9410.73,0.00043889775150496134,1361.58,0.14468378117319272
Emergency,PRV011,Provider Group 11,Managed Medicaid,9,9489.11,12330.05,0.1111111111111111,1054.3455555555556,13275.0,0.000437683285563594,-944.9500000000007,-0.0711826741996234
Emergency,PRV036,Provider Group 36,Medicare Advantage,9,9472.380000000001,14191.99,0.1111111111111111,1052.4866666666667,12448.02,0.00043691161768668257,1743.9699999999993,0.1401001926410786
Pharmacy,PRV026,Provider Group 26,Commercial,42,9455.93,11562.42,0.07142857142857142,225.14119047619047,8694.16,0.00043615286475331776,2868.26,0.3299065119574519
Pharmacy,PRV017,Provider Group 17,Commercial,35,9436.33,11814.3,0.11428571428571428,269.60942857142857,9171.62,0.0004352488187050533,2642.6799999999985,0.2881366650602618
Emergency,PRV002,Provider Group 02,Managed Medicaid,10,9430.69,12036.470000000001,0.1,943.0690000000001,14329.0,0.0004349886748421854,-2292.529999999999,-0.15999232326052054
Pharmacy,PRV025,Provider Group 25,Commercial,47,9413.83,10866.68,0.0,200.29425531914893,8322.53,0.00043421101074148446,2544.1499999999996,0.3056943020932336
Professional,PRV026,Provider Group 26,Medicare Advantage,37,9413.71,10570.65,0.0,254.42459459459457,9946.71,0.0004342054757656787,623.9400000000005,0.06272827899878458
Professional,PRV020,Provider Group 20,Medicare Advantage,37,9323.71,10746.27,0.02702702702702703,251.99216216216215,10186.3,0.0004300542439114033,559.9700000000012,0.05497285569834005
Outpatient,PRV038,Provider Group 38,Exchange,8,9258.59,10243.65,0.0,1157.32375,8406.210000000001,0.0004270505970408432,1837.4399999999987,0.2185812631376088
Professional,PRV002,Provider Group 02,Medicare Advantage,35,9239.04,10685.78,0.02857142857142857,263.9725714285714,10113.6,0.0004261488572324978,572.1800000000003,0.05657530454042085
Imaging,PRV002,Provider Group 02,Commercial,14,9174.21,10265.9,0.0,655.3007142857142,7225.14,0.000423158586553468,3040.7599999999993,0.42085828094680505
Professional,PRV025,Provider Group 25,Medicare Advantage,36,9161.710000000001,11642.56,0.08333333333333333,254.49194444444447,11286.58,0.0004225820265737076,355.97999999999956,0.031540112239491463
Emergency,PRV025,Provider Group 25,Exchange,4,9147.3,10034.73,0.0,2286.825,7553.58,0.00042191736822903966,2481.1499999999996,0.3284733861294909
Pharmacy,PRV020,Provider Group 20,Commercial,38,9139.25,10980.5,0.02631578947368421,240.5065789473684,8586.05,0.00042154606360207393,2394.4500000000007,0.2788767826881978
Professional,PRV007,Provider Group 07,Medicare Advantage,36,9128.24,10319.94,0.0,253.5622222222222,9798.48,0.0004210382295719009,521.460000000001,0.053218458373135526
Pharmacy,PRV018,Provider Group 18,Commercial,37,9119.42,10325.99,0.0,246.4708108108108,8026.51,0.00042063140885018193,2299.4799999999996,0.28648565815030436
Emergency,PRV032,Provider Group 32,Medicare Advantage,8,9062.51,10172.26,0.0,1132.81375,9225.22,0.00041800644657432847,947.0400000000009,0.10265771439597114
Outpatient,PRV037,Provider Group 37,Exchange,8,9057.59,10542.89,0.0,1132.19875,9057.49,0.0004177795125662947,1485.3999999999996,0.16399686888972548
Emergency,PRV006,Provider Group 06,Managed Medicaid,9,9036.64,10153.34,0.0,1004.071111111111,11081.789999999999,0.00041681319804021615,-928.4499999999989,-0.08378159124112612
Emergency,PRV023,Provider Group 23,Medicare Advantage,8,9028.06,12625.0,0.25,1128.5075,11747.43,0.00041641744727010857,877.5699999999997,0.07470314783744186
Emergency,PRV005,Provider Group 05,Managed Medicaid,8,9010.7,10364.66,0.0,1126.3375,12725.02,0.0004156167207702173,-2360.3600000000006,-0.18548968881777794
Professional,PRV040,Provider Group 40,Medicare Advantage,39,8975.08,10298.98,0.0,230.1302564102564,9666.06,0.0004139737554518918,632.9200000000001,0.0654785921047459
Professional,PRV027,Provider Group 27,Medicare Advantage,38,8970.26,10219.55,0.05263157894736842,236.05947368421053,9791.85,0.00041375143392369615,427.6999999999989,0.04367918217701444
Outpatient,PRV022,Provider Group 22,Exchange,9,8964.59,9799.880000000001,0.0,996.0655555555555,8276.95,0.0004134899063168768,1522.9300000000003,0.18399652045741488
Imaging,PRV022,Provider Group 22,Commercial,18,8853.53,11835.67,0.1111111111111111,491.8627777777778,8723.58,0.0004083672862087009,3112.09,0.3567445933894112
Professional,PRV015,Provider Group 15,Medicare Advantage,39,8741.61,10284.54,0.05128205128205128,224.14384615384617,10270.82,0.00040320499877391757,13.720000000001164,0.0013358232351458952
Imaging,PRV025,Provider Group 25,Medicare Advantage,13,8729.619999999999,9802.810000000001,0.0,671.5092307692307,9295.08,0.00040265196244133124,507.7300000000014,0.054623521260710114
Pharmacy,PRV024,Provider Group 24,Commercial,35,8717.17,9868.4,0.0,249.062,7474.14,0.00040207770870148983,2394.2599999999993,0.3203391962152166
Pharmacy,PRV037,Provider Group 37,Commercial,44,8671.36,9790.21,0.0,197.07636363636365,7782.79,0.0003999647316876637,2007.4199999999992,0.25793063926946497
Professional,PRV038,Provider Group 38,Medicare Advantage,38,8638.5,10532.84,0.07894736842105263,227.32894736842104,9992.57,0.0003984490708128693,540.2700000000004,0.05406717190872823
Outpatient,PRV025,Provider Group 25,Exchange,9,8633.37,11074.43,0.1111111111111111,959.2633333333334,9409.49,0.0003982124505971757,1664.9400000000005,0.1769426398242626
Professional,PRV030,Provider Group 30,Medicare Advantage,37,8562.23,9629.7,0.0,231.4116216216216,9207.16,0.00039493113244036277,422.5400000000009,0.04589254449797776
Professional,PRV036,Provider Group 36,Medicare Advantage,36,8555.5,9890.02,0.027777777777777776,237.65277777777777,9645.06,0.00039462071254725973,244.96000000000095,0.025397457351224458
Pharmacy,PRV004,Provider Group 04,Commercial,32,8448.95,9667.33,0.0,264.0296875,7774.62,0.0003897061152797815,1892.71,0.24344726816230247
Outpatient,PRV023,Provider Group 23,Managed Medicaid,16,8439.52,13515.630000000001,0.25,527.47,15125.41,0.0003892711584310502,-1609.7799999999988,-0.10642885052372127
Outpatient,PRV001,Provider Group 01,Exchange,7,8424.33,9691.22,0.0,1203.4757142857143,8749.26,0.0003885705227436452,941.9599999999991,0.1076616765303579
Professional,PRV028,Provider Group 28,Medicare Advantage,37,8416.73,9820.8,0.02702702702702703,227.47918918918919,8946.11,0.00038821997427595085,874.6899999999987,0.09777322210435582
Imaging,PRV016,Provider Group 16,Commercial,16,8411.08,9296.19,0.0,525.6925,7201.64,0.0003879593691650991,2094.55,0.2908434745419099
Emergency,PRV026,Provider Group 26,Managed Medicaid,8,8382.81,9385.27,0.0,1047.85125,10544.39,0.0003866554211148728,-1159.119999999999,-0.10992764873074679
Pharmacy,PRV005,Provider Group 05,Commercial,40,8360.95,10138.630000000001,0.075,209.02375,8053.41,0.00038564713302226776,2085.220000000001,0.2589238595824627
Imaging,PRV006,Provider Group 06,Commercial,17,8357.16,9455.68,0.0,491.5976470588235,7651.21,0.0003854723200364043,1804.4700000000003,0.235841128396685
Pharmacy,PRV040,Provider Group 40,Commercial,42,8320.58,9561.87,0.0,198.10904761904763,7577.71,0.0003837850749116333,1984.1600000000008,0.26184163817301015
Imaging,PRV011,Provider Group 11,Commercial,16,8313.79,9814.41,0.0625,519.611875,7880.6900000000005,0.0003834718875306274,1933.7199999999993,0.24537445325218973
Outpatient,PRV003,Provider Group 03,Exchange,8,8285.539999999999,9288.89,0.0,1035.6924999999999,8666.26,0.0003821688619763687,622.6299999999992,0.071845294279193
Professional,PRV003,Provider Group 03,Medicare Advantage,40,8251.65,9923.63,0.025,206.29125,9434.14,0.0003806056925592421,489.4899999999998,0.05188496248730672
Professional,PRV033,Provider Group 33,Medicare Advantage,32,8138.4800000000005,9336.39,0.03125,254.32750000000001,8721.13,0.0003753857491264827,615.2600000000002,0.07054819730929367
Pharmacy,PRV001,Provider Group 01,Commercial,34,8137.07,9570.89,0.029411764705882353,239.3255882352941,6764.9,0.0003753207131607657,2805.99,0.41478661916658044
Outpatient,PRV003,Provider Group 03,Managed Medicaid,11,8090.08,9175.89,0.0,735.4618181818182,10225.82,0.00037315330888485013,-1049.9300000000003,-0.10267440655125949
Pharmacy,PRV021,Provider Group 21,Commercial,52,8078.6,9378.72,0.038461538461538464,155.3576923076923,7059.29,0.0003726237961994381,2319.4299999999994,0.328564204048849
Professional,PRV024,Provider Group 24,Medicare Advantage,31,8010.43,9721.41,0.06451612903225806,258.4009677419355,9067.98,0.0003694794686938164,653.4300000000003,0.07205904732917368
Inpatient,PRV031,Provider Group 31,Exchange,2,7952.39,11980.88,0.5,3976.195,9268.380000000001,0.00036680238539579254,2712.499999999998,0.2926617165027759
Professional,PRV022,Provider Group 22,Medicare Advantage,33,7942.39,9268.73,0.030303030303030304,240.67848484848486,9086.39,0.00036634113741198414,182.34000000000015,0.020067375492357268
Imaging,PRV039,Provider Group 39,Medicare Advantage,12,7934.43,8848.16,0.0,661.2025,8635.630000000001,0.0003659739840168727,212.52999999999884,0.024610827467133122
Pharmacy,PRV011,Provider Group 11,Commercial,36,7931.37,9167.84,0.027777777777777776,220.31583333333333,6887.87,0.0003658328421338273,2279.9700000000003,0.3310123448903653
Imaging,PRV017,Provider Group 17,Medicare Advantage,10,7930.82,10378.16,0.1,793.082,10124.34,0.00036580747349471783,253.8199999999997,0.025070276185904433
Pharmacy,PRV035,Provider Group 35,Commercial,36,7777.08,8770.08,0.027777777777777776,216.03,6747.53,0.0003587162469916478,2022.5500000000002,0.29974672213387715
Professional,PRV006,Provider Group 06,Medicare Advantage,42,7772.25,9580.36,0.09523809523809523,185.05357142857142,8944.75,0.00035849346421546835,635.6100000000006,0.07105956007714029
Emergency,PRV007,Provider Group 07,Managed Medicaid,7,7768.17,8914.91,0.0,1109.7385714285715,9859.72,0.00035830527503807457,-944.8099999999995,-0.09582523641644991
Imaging,PRV032,Provider Group 32,Commercial,19,7744.26,9690.15,0.10526315789473684,407.59263157894736,7253.86,0.00035720243110878874,2436.29,0.33586118287367
Emergency,PRV021,Provider Group 21,Managed Medicaid,9,7735.18,8940.789999999999,0.0,859.4644444444444,9277.13,0.0003567836179394907,-336.34000000000015,-0.036254746888315696
Professional,PRV014,Provider Group 14,Managed Medicaid,38,7697.39,8812.14,0.02631578947368421,202.5628947368421,9862.21,0.00035504056180867883,-1050.0699999999997,-0.10647410671644589
Outpatient,PRV032,Provider Group 32,Exchange,9,7694.46,8770.85,0.0,854.94,6861.22,0.000354905416149423,1909.63,0.2783222225784919
Emergency,PRV014,Provider Group 14,Exchange,10,7686.820000000001,9300.65,0.1,768.682,7476.01,0.0003545530226897934,1824.6399999999994,0.244066019173329
Emergency,PRV036,Provider Group 36,Managed Medicaid,5,7676.35,8787.96,0.0,1535.27,11213.97,0.00035407009605074603,-2426.01,-0.21633819245102318
Professional,PRV031,Provider Group 31,Medicare Advantage,40,7659.08,9140.86,0.05,191.477,8640.05,0.0003532735207827089,500.8100000000013,0.05796378493180032
Emergency,PRV033,Provider Group 33,Medicare Advantage,8,7644.67,10871.43,0.125,955.58375,9470.44,0.00035260886243804104,1400.9899999999998,0.14793293659006337
Pharmacy,PRV038,Provider Group 38,Commercial,35,7592.46,8744.93,0.0,216.92742857142858,6690.89,0.0003502006867145775,2054.04,0.3069905498371666
Professional,PRV036,Provider Group 36,Managed Medicaid,32,7543.35,8582.63,0.03125,235.7296875,10204.25,0.00034793549786609455,-1621.6200000000008,-0.158916137883725
Professional,PRV019,Provider Group 19,Medicare Advantage,39,7514.29,8923.43,0.05128205128205128,192.67410256410255,8571.84,0.0003465951112251474,351.59000000000015,0.041016864523836204
Professional,PRV017,Provider Group 17,Managed Medicaid,30,7513.62,10245.44,0.13333333333333333,250.454,11822.83,0.0003465642076102322,-1577.3899999999994,-0.13341898682464345
Imaging,PRV033,Provider Group 33,Commercial,13,7507.42,8369.41,0.0,577.4938461538461,6512.93,0.00034627823386027104,1856.4799999999996,0.285045286837107
Imaging,PRV004,Provider Group 04,Medicare Advantage,10,7437.35,8939.34,0.1,743.735,8833.93,0.0003430462692377257,105.40999999999985,0.011932401547216228
Imaging,PRV034,Provider Group 34,Commercial,11,7393.02,8772.31,0.09090909090909091,672.0927272727273,7326.96,0.0003410015569255032,1445.3499999999995,0.19726462270846293
Emergency,PRV030,Provider Group 30,Exchange,6,7375.32,8812.91,0.0,1229.22,7650.36,0.00034018514799416235,1162.5500000000002,0.1519601691946523
Imaging,PRV012,Provider Group 12,Medicare Advantage,14,7365.59,9324.43,0.07142857142857142,526.1135714285714,8995.35,0.0003397363537059168,329.0799999999999,0.036583345839794994
Pharmacy,PRV007,Provider Group 07,Commercial,37,7296.32,8766.32,0.02702702702702703,197.19783783783782,6818.14,0.00033654128892207614,1948.1799999999994,0.2857348191735575
Professional,PRV013,Provider Group 13,Medicare Advantage,44,7278.13,8576.210000000001,0.045454545454545456,165.41204545454545,8150.0,0.0003357022788395287,426.21000000000095,0.05229570552147251
Imaging,PRV037,Provider Group 37,Commercial,16,7270.0199999999995,8418.66,0.0,454.37624999999997,6286.43,0.00033532820672466004,2132.2299999999996,0.33917978884676986
Imaging,PRV007,Provider Group 07,Medicare Advantage,11,7266.92,8236.95,0.0,660.6290909090909,6959.92,0.0003351852198496795,1277.0300000000007,0.1834834308440328
Imaging,PRV036,Provider Group 36,Medicare Advantage,14,7256.29,8246.7,0.0,518.3064285714286,7762.09,0.00033469491324289116,484.6100000000006,0.062432927214191095
Emergency,PRV008,Provider Group 08,Exchange,6,7253.43,10075.5,0.16666666666666666,1208.905,7209.29,0.000334562996319522,2866.21,0.39757174423556274
Professional,PRV004,Provider Group 04,Managed Medicaid,23,7236.87,8755.16,0.08695652173913043,314.64652173913043,9968.47,0.0003337991696583353,-1213.3099999999995,-0.12171476665927666
Professional,PRV005,Provider Group 05,Managed Medicaid,41,7228.05,8618.19,0.04878048780487805,176.2939024390244,10062.49,0.0003333923489366163,-1444.2999999999993,-0.1435330618962105
Pharmacy,PRV028,Provider Group 28,Commercial,38,7215.85,8424.44,0.02631578947368421,189.8907894736842,6371.08,0.0003328296263963701,2053.3600000000006,0.3222938654042958
Professional,PRV034,Provider Group 34,Managed Medicaid,32,7190.39,8058.55,0.0,224.6996875,9536.63,0.00033165528902959397,-1478.079999999999,-0.15498976053385727
Professional,PRV039,Provider Group 39,Managed Medicaid,36,7161.66,8394.97,0.027777777777777776,198.935,9758.48,0.0003303301235721125,-1363.5100000000002,-0.13972565399529438
Emergency,PRV029,Provider Group 29,Managed Medicaid,8,7113.78,9968.59,0.125,889.2225,11811.06,0.0003281216682256379,-1842.4699999999993,-0.15599531286776966
Pharmacy,PRV006,Provider Group 06,Commercial,33,7080.15,7855.29,0.0,214.54999999999998,6044.74,0.00032657049125609037,1810.5500000000002,0.29952487617333423
Imaging,PRV009,Provider Group 09,Medicare Advantage,10,7076.02,8753.56,0.1,707.6020000000001,8427.16,0.00032637999583877756,326.39999999999964,0.03873190968250272
Pharmacy,PRV014,Provider Group 14,Commercial,38,7046.28,8439.94,0.05263157894736842,185.42842105263156,6266.44,0.00032500824433493136,2173.500000000001,0.3468476519363468
Pharmacy,PRV032,Provider Group 32,Commercial,39,7043.46,7840.56,0.0,180.60153846153847,6013.63,0.0003248781724034974,1826.9300000000003,0.30379820507746574
Emergency,PRV003,Provider Group 03,Managed Medicaid,8,6985.96,7933.1900000000005,0.0,873.245,9321.44,0.00032222599649659925,-1388.25,-0.14893085188554558
Emergency,PRV024,Provider Group 24,Managed Medicaid,5,6974.889999999999,7928.04,0.0,1394.9779999999998,9336.87,0.00032171539497852334,-1408.8300000000008,-0.15088889531502533
Pharmacy,PRV013,Provider Group 13,Commercial,47,6941.2300000000005,8250.08,0.0425531914893617,147.6857446808511,6409.81,0.0003201628342650244,1840.2699999999995,0.2871021137912043
Pharmacy,PRV016,Provider Group 16,Commercial,35,6925.49,7841.91,0.0,197.87114285714284,6005.94,0.00031943682993850993,1835.9700000000003,0.30569236455908655
Pharmacy,PRV034,Provider Group 34,Commercial,35,6847.72,7733.12,0.0,195.64914285714286,5973.34,0.0003158497043684322,1759.7799999999997,0.29460569798471203
Emergency,PRV015,Provider Group 15,Commercial,11,6845.17,13980.12,0.36363636363636365,622.2881818181818,11301.09,0.00031573208613256104,2679.0300000000007,0.23705943408998606
Professional,PRV017,Provider Group 17,Medicare Advantage,28,6807.35,9404.710000000001,0.14285714285714285,243.11964285714288,9661.59,0.00031398764625779777,-256.8799999999992,-0.02658775625958038
Pharmacy,PRV008,Provider Group 08,Commercial,28,6754.8099999999995,7752.29,0.0,241.24321428571426,6000.39,0.0003115642493508685,1751.8999999999996,0.291964355650216
Emergency,PRV021,Provider Group 21,Medicare Advantage,10,6746.900000000001,9923.85,0.2,674.69,10101.58,0.00031119940219567614,-177.72999999999956,-0.01759427733087295
Emergency,PRV009,Provider Group 09,Exchange,7,6728.3,8641.44,0.14285714285714285,961.1857142857143,6870.9400000000005,0.0003103414809457925,1770.5,0.2576794441517463
Pharmacy,PRV033,Provider Group 33,Commercial,33,6721.0,7679.56,0.0,203.66666666666666,6032.8099999999995,0.00031000476991761237,1646.750000000001,0.2729656660826383
Professional,PRV021,Provider Group 21,Medicare Advantage,39,6679.93,7723.13,0.02564102564102564,171.2802564102564,7266.09,0.00030811042444811137,457.03999999999996,0.06290040448164005
Emergency,PRV031,Provider Group 31,Managed Medicaid,9,6671.24,7500.03,0.0,741.2488888888888,9312.01,0.0003077095999501819,-1811.9800000000005,-0.19458527213780918
Pharmacy,PRV003,Provider Group 03,Commercial,35,6644.44,7708.41,0.05714285714285714,189.84114285714284,5869.39,0.0003064734553535754,1839.0199999999995,0.31332387181632154
Professional,PRV001,Provider Group 01,Managed Medicaid,30,6636.74,7475.29,0.0,221.22466666666665,8399.28,0.000306118294406043,-923.9900000000007,-0.11000823880142115
Emergency,PRV012,Provider Group 12,Managed Medicaid,7,6619.72,8336.54,0.14285714285714285,945.6742857142857,10436.76,0.00030533325033760115,-2100.2199999999993,-0.20123294968936714
Emergency,PRV016,Provider Group 16,Managed Medicaid,7,6593.0599999999995,7495.29,0.0,941.8657142857143,8599.93,0.00030410356321276794,-1104.6400000000003,-0.128447557131279
Professional,PRV011,Provider Group 11,Medicare Advantage,28,6574.6,7920.0199999999995,0.03571428571428571,234.80714285714288,7463.1,0.0003032520994346577,456.91999999999916,0.061223888196593794
Professional,PRV037,Provider Group 37,Medicare Advantage,33,6547.15,7658.42,0.06060606060606061,198.39848484848483,7363.15,0.00030198597371910367,295.27000000000044,0.04010104371091183
Emergency,PRV013,Provider Group 13,Managed Medicaid,9,6510.36,7501.55,0.0,723.3733333333333,9070.71,0.00030028904238667265,-1569.159999999999,-0.17299197086005386
Emergency,PRV006,Provider Group 06,Medicare Advantage,7,6471.67,9112.22,0.14285714285714285,924.5242857142857,8794.25,0.00029850447393731805,317.96999999999935,0.036156579583250345
Professional,PRV026,Provider Group 26,Managed Medicaid,29,6429.18,8116.27,0.10344827586206896,221.69586206896554,9362.8,0.00029654463125411624,-1246.5299999999988,-0.13313645490665174
Emergency,PRV005,Provider Group 05,Medicare Advantage,7,6409.12,10235.51,0.14285714285714285,915.5885714285714,8344.44,0.00029561936779859665,1891.0699999999997,0.22662635239752454
Professional,PRV014,Provider Group 14,Medicare Advantage,30,6407.13,7060.18,0.0,213.571,6586.96,0.00029552757944981877,473.22000000000025,0.0718419422616807
Professional,PRV023,Provider Group 23,Medicare Advantage,27,6404.0,7605.72,0.037037037037037035,237.1851851851852,7033.67,0.00029538320883088675,572.0500000000002,0.08133023016433813
Pharmacy,PRV009,Provider Group 09,Commercial,33,6382.63,7518.37,0.030303030303030304,193.4130303030303,5646.3,0.00029439752188948823,1872.0699999999997,0.33155694879832803
Pharmacy,PRV022,Provider Group 22,Commercial,33,6360.83,7297.13,0.0,192.75242424242424,5720.85,0.00029339200128478593,1576.2799999999997,0.2755324820612321
Emergency,PRV002,Provider Group 02,Medicare Advantage,9,6359.42,11358.84,0.2222222222222222,706.6022222222223,9757.5,0.000293326965319069,1601.3400000000001,0.1641137586471945
Emergency,PRV019,Provider Group 19,Exchange,4,6270.71,7008.469999999999,0.0,1567.6775,6097.54,0.00028923523445470483,910.9299999999994,0.14939303391203657
Emergency,PRV038,Provider Group 38,Exchange,6,6266.76,8041.23,0.16666666666666666,1044.46,7721.84,0.0002890530415011005,319.3899999999994,0.04136190338054135
Professional,PRV002,Provider Group 02,Managed Medicaid,30,6246.11,7411.83,0.03333333333333333,208.20366666666666,8272.99,0.0002881005644145362,-861.1599999999999,-0.10409295792694055
Professional,PRV016,Provider Group 16,Medicare Advantage,27,6214.01,7112.78,0.0,230.14851851851853,6356.01,0.0002866199583865113,756.7699999999995,0.11906368932710923
Pharmacy,PRV012,Provider Group 12,Commercial,30,6199.85,7111.09,0.0,206.6616666666667,5401.94,0.00028596683124143866,1709.1500000000005,0.3163955912135271
Professional,PRV035,Provider Group 35,Managed Medicaid,30,6182.61,7119.09,0.0,206.087,8182.02,0.000285171639717353,-1062.9300000000003,-0.1299104622085989
Imaging,PRV038,Provider Group 38,Medicare Advantage,9,6127.91,7818.33,0.1111111111111111,680.8788888888889,7490.43,0.00028264861324592115,327.89999999999964,0.04377585799480132
Imaging,PRV013,Provider Group 13,Commercial,17,6097.21,8068.69,0.058823529411764705,358.6594117647059,6314.89,0.0002812325819356294,1753.7999999999993,0.27772455260503337
Outpatient,PRV004,Provider Group 04,Exchange,4,6076.74,6845.51,0.0,1519.185,5796.54,0.0002802884073127737,1048.9700000000003,0.18096485144586258
Pharmacy,PRV002,Provider Group 02,Commercial,28,6067.16,7491.25,0.03571428571428571,216.68428571428572,5793.1,0.00027984653174428526,1698.1499999999996,0.2931332101983393
Pharmacy,PRV023,Provider Group 23,Commercial,30,6043.14,7551.37,0.06666666666666667,201.43800000000002,5675.67,0.00027873861408717754,1875.6999999999998,0.3304808066712828
Pharmacy,PRV015,Provider Group 15,Commercial,40,6036.68,7129.4,0.025,150.917,5336.73,0.0002784406478896373,1792.67,0.3359116912416405
Pharmacy,PRV027,Provider Group 27,Commercial,28,6001.25,7363.74,0.07142857142857142,214.33035714285714,5962.55,0.0002768064462830042,1401.1899999999996,0.2349984486503257
Pharmacy,PRV019,Provider Group 19,Commercial,32,5978.62,6911.12,0.03125,186.831875,5070.34,0.00027576264209564584,1840.7799999999997,0.3630486318471739
Inpatient,PRV028,Provider Group 28,Exchange,1,5943.62,6371.3,0.0,5943.62,5180.71,0.0002741482741523165,1190.5900000000001,0.22981212999762585
Imaging,PRV008,Provider Group 08,Managed Medicaid,8,5928.44,6834.04,0.0,741.055,7768.13,0.0002734480997128954,-934.0900000000001,-0.12024644283759414
Emergency,PRV015,Provider Group 15,Managed Medicaid,6,5877.6,8273.67,0.16666666666666666,979.6,9909.19,0.0002711031149632136,-1635.5200000000004,-0.16505082655595466
Inpatient,PRV006,Provider Group 06,Exchange,2,5870.65,6764.92,0.0,2935.325,6374.87,0.00027078254761446675,390.0500000000002,0.06118556143105666
Professional,PRV035,Provider Group 35,Medicare Advantage,27,5840.71,6650.77,0.0,216.3225925925926,6336.01,0.00026940157115094447,314.7600000000002,0.04967795189717191
Emergency,PRV019,Provider Group 19,Managed Medicaid,6,5838.14,6519.5,0.0,973.0233333333334,6282.4,0.00026928303041910575,237.10000000000036,0.03774035400483897
Pharmacy,PRV010,Provider Group 10,Commercial,30,5822.87,6640.75,0.0,194.09566666666666,5002.49,0.00026857870474783035,1638.2600000000002,0.32748891052255985
Emergency,PRV028,Provider Group 28,Exchange,4,5808.29,7030.0599999999995,0.0,1452.0725,6177.35,0.0002679062051874377,852.7099999999991,0.13803815551976156
Imaging,PRV001,Provider Group 01,Medicare Advantage,11,5807.52,6579.4400000000005,0.0,527.9563636363637,6651.25,0.00026787068909268447,-71.80999999999949,-0.010796466829543242
Imaging,PRV012,Provider Group 12,Commercial,10,5800.83,6734.65,0.0,580.083,5125.73,0.00026756211419151665,1608.92,0.313890899442616
Imaging,PRV025,Provider Group 25,Commercial,9,5800.52,6530.18,0.0,644.5022222222223,5349.03,0.0002675478155040186,1181.1500000000005,0.22081573668496915
Imaging,PRV021,Provider Group 21,Commercial,15,5792.01,6639.8,0.0,386.134,5239.28,0.00026715529346979766,1400.5200000000004,0.26731153899009036
Professional,PRV004,Provider Group 04,Exchange,16,5760.41,6607.99,0.0,360.025625,5497.92,0.0002656977498409632,1110.0699999999997,0.20190726674815196
Emergency,PRV014,Provider Group 14,Managed Medicaid,8,5751.9400000000005,7250.03,0.125,718.9925000000001,7332.1,0.0002653070727986775,-82.07000000000062,-0.011193246136850372
Imaging,PRV011,Provider Group 11,Medicare Advantage,11,5735.8,7327.48,0.18181818181818182,521.4363636363637,6540.55,0.0002645626185528108,786.9299999999994,0.1203155697915312
Imaging,PRV028,Provider Group 28,Medicare Advantage,12,5722.5199999999995,6435.81,0.0,476.8766666666666,5903.46,0.0002639500812303132,532.3500000000004,0.09017593072537128
Pharmacy,PRV039,Provider Group 39,Commercial,26,5710.94,6673.17,0.038461538461538464,219.65153846153845,5030.06,0.00026341595606506313,1643.1099999999997,0.3266581313145369
Imaging,PRV040,Provider Group 40,Medicare Advantage,12,5693.05,6476.64,0.08333333333333333,474.42083333333335,6160.23,0.00026259078342202993,316.41000000000076,0.05136334195314149
Emergency,PRV032,Provider Group 32,Exchange,4,5678.389999999999,6537.93,0.0,1419.5974999999999,4883.68,0.0002619145938777668,1654.25,0.33873021983422336
Emergency,PRV008,Provider Group 08,Managed Medicaid,6,5665.17,7746.219999999999,0.16666666666666666,944.195,8357.32,0.0002613048240431722,-611.1000000000004,-0.07312152699669276
Professional,PRV029,Provider Group 29,Managed Medicaid,32,5564.68,6913.99,0.0625,173.89625,9022.51,0.0002566697430538818,-2108.5200000000004,-0.2336955015843707
Imaging,PRV010,Provider Group 10,Medicare Advantage,10,5521.47,6256.33,0.0,552.147,6110.65,0.00025467669051584574,145.6800000000003,0.023840344316889413
Professional,PRV008,Provider Group 08,Managed Medicaid,27,5516.15,6503.55,0.07407407407407407,204.30185185185184,7765.28,0.0002544313065884597,-1261.7299999999996,-0.1624835163703047
Emergency,PRV037,Provider Group 37,Managed Medicaid,5,5515.98,6440.46,0.0,1103.196,7440.38,0.0002544234653727349,-999.9200000000001,-0.13439098540665934
Professional,PRV020,Provider Group 20,Managed Medicaid,26,5468.43,6342.4800000000005,0.038461538461538464,210.32423076923078,7334.78,0.0002522302312097261,-992.2999999999993,-0.13528694793845206
Emergency,PRV033,Provider Group 33,Managed Medicaid,9,5313.06,6767.599999999999,0.1111111111111111,590.34,8049.43,0.0002450638212852953,-1281.8300000000008,-0.15924481609256813
Professional,PRV007,Provider Group 07,Managed Medicaid,24,5302.1,6313.59,0.08333333333333333,220.92083333333335,7173.97,0.00024455829349504134,-860.3800000000001,-0.11993080539784806
Imaging,PRV022,Provider Group 22,Medicare Advantage,13,5281.54,6144.28,0.0,406.27230769230766,6200.29,0.00024360996764033127,-56.01000000000022,-0.00903344843547644
Professional,PRV003,Provider Group 03,Exchange,22,5278.3,6224.57,0.045454545454545456,239.9227272727273,5408.56,0.00024346052329357736,816.0099999999993,0.15087380005029052
Professional,PRV018,Provider Group 18,Managed Medicaid,25,5264.55,6432.07,0.04,210.582,7493.17,0.00024282630731584085,-1061.1000000000004,-0.14160895855826044
Pharmacy,PRV025,Provider Group 25,Medicare Advantage,26,5234.35,5994.82,0.0,201.32115384615386,5580.03,0.00024143333840473955,414.78999999999996,0.07433472579896523
Pharmacy,PRV029,Provider Group 29,Commercial,27,5234.18,6270.69,0.037037037037037035,193.85851851851854,5594.9400000000005,0.0002414254971890148,675.7499999999991,0.12077877510750769
Professional,PRV009,Provider Group 09,Managed Medicaid,28,5221.28,6050.4800000000005,0.0,186.4742857142857,7382.42,0.00024083048728990196,-1331.9399999999996,-0.18042051251486635
Emergency,PRV006,Provider Group 06,Exchange,6,5136.18,8977.73,0.16666666666666666,856.0300000000001,8430.82,0.0002369052669476927,546.9099999999999,0.0648703210363879
Emergency,PRV032,Provider Group 32,Managed Medicaid,7,5124.27,6585.49,0.14285714285714285,732.0385714285715,8107.09,0.0002363559205989769,-1521.6000000000004,-0.18768756730220096
Professional,PRV015,Provider Group 15,Managed Medicaid,30,5115.0,5965.12,0.03333333333333333,170.5,6975.21,0.00023592834371798652,-1010.0900000000001,-0.14481141069587872
Professional,PRV006,Provider Group 06,Managed Medicaid,29,5087.43,6415.02,0.034482758620689655,175.4286206896552,7145.93,0.00023465668302662682,-730.9099999999999,-0.10228339768231705
Outpatient,PRV033,Provider Group 33,Exchange,7,5063.69,5560.36,0.0,723.3842857142856,4754.31,0.0002335616803130657,806.0499999999993,0.1695409007826581
Inpatient,PRV037,Provider Group 37,Exchange,1,5019.81,5987.39,0.0,5019.81,5250.84,0.00023153772416011455,736.5500000000002,0.14027279444812643
Professional,PRV031,Provider Group 31,Managed Medicaid,34,5012.78,5951.8099999999995,0.08823529411764706,147.43470588235294,7028.05,0.00023121346682749726,-1076.2400000000007,-0.1531349378561622
Professional,PRV010,Provider Group 10,Managed Medicaid,21,4998.85,5662.03,0.0,238.0404761904762,6374.96,0.0002305709483860522,-712.9300000000003,-0.11183285855911257
Emergency,PRV021,Provider Group 21,Exchange,5,4982.2,5461.320000000001,0.0,996.4399999999999,5119.66,0.0002298029704930112,341.66000000000076,0.06673490036447748
Imaging,PRV009,Provider Group 09,Exchange,8,4971.57,6601.95,0.125,621.44625,5401.17,0.0002293126638862229,1200.7799999999997,0.22231849765884054
Professional,PRV038,Provider Group 38,Exchange,21,4970.6900000000005,5825.25,0.047619047619047616,236.69952380952384,4602.23,0.0002292720740636478,1223.0200000000004,0.26574508444819156
Imaging,PRV008,Provider Group 08,Medicare Advantage,10,4885.62,5532.62,0.0,488.562,5381.63,0.00022534823746538988,150.98999999999978,0.02805655535590514
Emergency,PRV027,Provider Group 27,Exchange,4,4865.27,5367.79,0.0,1216.3175,4394.13,0.00022440959781833985,973.6599999999999,0.22158197413367375
Imaging,PRV026,Provider Group 26,Medicare Advantage,10,4856.98,5525.06,0.0,485.698,5169.24,0.00022402722323976268,355.8200000000006,0.06883410327243475
Emergency,PRV018,Provider Group 18,Exchange,4,4841.48,7937.03,0.25,1210.37,6019.5,0.0002233122888648597,1917.5299999999997,0.31855303596644235
Professional,PRV034,Provider Group 34,Exchange,14,4819.99,5348.34,0.0,344.28499999999997,4976.98,0.00022232106694765547,371.3600000000006,0.07461552989965815
Pharmacy,PRV004,Provider Group 04,Medicare Advantage,21,4814.49,5808.59,0.047619047619047616,229.26142857142855,5307.6,0.00022206738055656087,500.9899999999998,0.09439106187353978
Professional,PRV011,Provider Group 11,Managed Medicaid,24,4795.8,5749.26,0.08333333333333333,199.82500000000002,6777.29,0.00022120530807482304,-1028.0299999999997,-0.15168747390181028
Imaging,PRV005,Provider Group 05,Medicare Advantage,7,4783.75,5646.200000000001,0.0,683.3928571428571,5028.74,0.00022064950425433393,617.460000000001,0.12278622477996495
Professional,PRV033,Provider Group 33,Managed Medicaid,26,4776.62,5383.85,0.0,183.71615384615384,6591.5,0.00022032063444187854,-1207.6499999999996,-0.18321322915876503
Professional,PRV010,Provider Group 10,Exchange,16,4729.9400000000005,5307.14,0.0,295.62125000000003,4871.22,0.00021816752885346104,435.9200000000001,0.08948887547677996
Professional,PRV025,Provider Group 25,Exchange,14,4713.97,5304.24,0.0,336.71214285714285,4424.84,0.00021743091582331905,879.3999999999996,0.19874164941557199
Professional,PRV028,Provider Group 28,Exchange,18,4712.3,5231.78,0.0,261.7944444444445,4159.7699999999995,0.00021735388741002306,1072.0100000000002,0.2577089598703775
Imaging,PRV027,Provider Group 27,Medicare Advantage,9,4707.26,5451.25,0.0,523.0288888888889,5384.3,0.00021712141842618362,66.94999999999982,0.012434299723269471
Imaging,PRV023,Provider Group 23,Medicare Advantage,9,4698.05,5472.19,0.0,522.0055555555556,5642.44,0.00021669660903309612,-170.25,-0.03017311659494829
Imaging,PRV015,Provider Group 15,Medicare Advantage,10,4686.610000000001,5414.21,0.0,468.66100000000006,4752.07,0.00021616894133961935,662.1400000000003,0.1393371730635282
Professional,PRV036,Provider Group 36,Exchange,18,4661.68,5630.72,0.05555555555555555,258.9822222222222,4991.05,0.00021501905011598503,639.6700000000001,0.12816341250839003
Professional,PRV002,Provider Group 02,Exchange,18,4642.55,5305.1,0.0,257.9194444444445,4862.93,0.0002141366827229596,442.1700000000001,0.09092666355468823
Emergency,PRV029,Provider Group 29,Exchange,4,4641.71,5313.97,0.0,1160.4275,3902.33,0.0002140979378923197,1411.6400000000003,0.3617428561910449
Imaging,PRV018,Provider Group 18,Managed Medicaid,10,4633.49,6659.53,0.1,463.349,7714.3,0.0002137187920496292,-1054.7700000000004,-0.1367291912422385
Professional,PRV008,Provider Group 08,Exchange,19,4629.78,5255.84,0.0,243.67263157894735,4678.29,0.00021354766904763627,577.5500000000002,0.12345322756819269
Imaging,PRV003,Provider Group 03,Managed Medicaid,11,4626.43,5312.23,0.0,420.5845454545455,5918.84,0.0002133931509730605,-606.6100000000006,-0.10248798751106646
Imaging,PRV014,Provider Group 14,Medicare Advantage,13,4574.08,5815.15,0.07692307692307693,351.8523076923077,5644.6,0.0002109785177778236,170.54999999999927,0.03021471849200993
Emergency,PRV009,Provider Group 09,Medicare Advantage,6,4573.6,9392.84,0.3333333333333333,762.2666666666668,8259.37,0.00021095637787460082,1133.4699999999993,0.13723443797771492
Imaging,PRV003,Provider Group 03,Exchange,8,4569.29,5003.9400000000005,0.0,571.16125,4398.400000000001,0.0002107575799935794,605.54,0.13767279010549288
Professional,PRV006,Provider Group 06,Exchange,17,4566.58,6742.93,0.23529411764705882,268.6223529411765,6174.0,0.00021063258178996732,568.9300000000003,0.09214933592484617
Imaging,PRV027,Provider Group 27,Exchange,7,4557.75,5304.53,0.0,651.1071428571429,4854.46,0.00021022529982026454,450.0699999999997,0.09271268071010982
Professional,PRV027,Provider Group 27,Exchange,20,4514.93,5168.17,0.0,225.74650000000003,4549.21,0.00020825023595359707,618.96,0.13605878822916506
Emergency,PRV003,Provider Group 03,Exchange,4,4507.45,5150.15,0.0,1126.8625,4376.59,0.00020790522246170835,773.5599999999995,0.17674947847525116
Professional,PRV012,Provider Group 12,Exchange,16,4452.09,5351.72,0.0625,278.255625,4676.97,0.0002053517536233452,674.75,0.1442707564940549
Emergency,PRV020,Provider Group 20,Exchange,5,4421.85,7940.43,0.4,884.3700000000001,5712.65,0.00020395693972030866,2227.7800000000007,0.3899731298084078
Professional,PRV024,Provider Group 24,Exchange,17,4364.45,5525.75,0.11764705882352941,256.7323529411765,5007.389999999999,0.00020130937629324853,518.3600000000006,0.10351899891959697
Professional,PRV005,Provider Group 05,Exchange,19,4351.45,5274.27,0.05263157894736842,229.0236842105263,4800.45,0.00020070975391429764,473.8200000000006,0.09870324657063413
Professional,PRV027,Provider Group 27,Managed Medicaid,23,4346.72,5102.32,0.043478260869565216,188.98782608695655,5887.3,0.00020049158361795628,-784.9800000000005,-0.13333446571433433
Professional,PRV038,Provider Group 38,Managed Medicaid,27,4288.81,5610.85,0.1111111111111111,158.84481481481484,6391.76,0.00019782049654372197,-780.9099999999999,-0.12217448715220844
Emergency,PRV034,Provider Group 34,Exchange,4,4270.27,5962.049999999999,0.25,1067.5675,5430.68,0.00019696534278174123,531.369999999999,0.09784594194465498
Professional,PRV018,Provider Group 18,Exchange,14,4217.65,4874.13,0.0,301.26071428571424,4513.28,0.0001945382558909415,360.85000000000036,0.07995293888258659
Emergency,PRV030,Provider Group 30,Managed Medicaid,6,4213.9,7606.280000000001,0.16666666666666666,702.3166666666666,9390.82,0.00019436528789701336,-1784.539999999999,-0.190030263597854
Imaging,PRV020,Provider Group 20,Exchange,6,4211.15,4570.81,0.0,701.8583333333332,3933.42,0.00019423844470146606,637.3900000000003,0.16204473460754262
Professional,PRV019,Provider Group 19,Managed Medicaid,27,4203.7,4922.53,0.037037037037037035,155.69259259259258,5784.53,0.00019389481495352882,-862.0,-0.14901815704992455
Imaging,PRV032,Provider Group 32,Medicare Advantage,11,4186.96,5969.87,0.18181818181818182,380.63272727272727,5628.2699999999995,0.0001931226858286336,341.60000000000036,0.060693605672791175
Imaging,PRV017,Provider Group 17,Managed Medicaid,10,4183.25,5175.84,0.1,418.325,5847.74,0.0001929515628266407,-671.8999999999996,-0.11489908922079294
Imaging,PRV018,Provider Group 18,Medicare Advantage,8,4155.75,4608.9,0.0,519.46875,4417.83,0.00019168313087116764,191.0699999999997,0.04324974025709448
Pharmacy,PRV033,Provider Group 33,Medicare Advantage,23,4155.24,4694.29,0.0,180.66260869565215,4397.72,0.0001916596072239934,296.5699999999997,0.06743721746723295
Emergency,PRV009,Provider Group 09,Managed Medicaid,5,4152.15,4778.22,0.0,830.43,6127.9,0.00019151708159699662,-1349.6799999999994,-0.22025163596011677
Professional,PRV024,Provider Group 24,Managed Medicaid,26,4149.99,5130.18,0.07692307692307693,159.61499999999998,5870.17,0.000191417452032494,-739.9899999999998,-0.12605938158520108
Pharmacy,PRV030,Provider Group 30,Commercial,24,4134.92,4553.0599999999995,0.0,172.28833333333333,3702.94,0.0001907223513208948,850.1199999999994,0.2295797393422522
Imaging,PRV024,Provider Group 24,Medicare Advantage,7,4125.92,4630.41,0.0,589.4171428571428,4158.59,0.00019030722813546724,471.8199999999997,0.11345672451479942
Imaging,PRV039,Provider Group 39,Managed Medicaid,5,4111.33,4557.49,0.0,822.266,5019.91,0.00018963426732709082,-462.4200000000001,-0.09211718935200035
Professional,PRV015,Provider Group 15,Exchange,13,4108.54,5071.77,0.07692307692307693,316.04153846153844,4135.61,0.00018950557913960828,936.1600000000008,0.2263656389263013
Imaging,PRV012,Provider Group 12,Managed Medicaid,10,4048.96,4647.74,0.0,404.896,5668.67,0.00018675746365207795,-1020.9300000000003,-0.18010044684202825
Professional,PRV029,Provider Group 29,Exchange,15,4035.6,4693.06,0.0,269.04,4777.21,0.00018614123634570995,-84.14999999999964,-0.017614884001331245
Pharmacy,PRV026,Provider Group 26,Medicare Advantage,20,4034.02,4606.7,0.0,201.701,4412.45,0.0001860683591642682,194.25,0.04402316173554375
Imaging,PRV004,Provider Group 04,Exchange,5,4008.4,4710.54,0.0,801.6800000000001,3973.85,0.00018488664182975115,736.69,0.185384450847415
Imaging,PRV037,Provider Group 37,Medicare Advantage,7,4002.5,4900.48,0.14285714285714285,571.7857142857143,4521.12,0.00018461450551930422,379.3599999999997,0.08390841207488403
Professional,PRV001,Provider Group 01,Exchange,14,3993.94,4564.92,0.0,285.2814285714286,3816.77,0.00018421967724516425,748.1500000000001,0.19601652706345946
Imaging,PRV003,Provider Group 03,Medicare Advantage,10,3974.89,4482.47,0.0,397.489,4235.49,0.00018334099983600928,246.98000000000047,0.05831202529105262
Imaging,PRV023,Provider Group 23,Managed Medicaid,9,3948.14,4628.09,0.0,438.6822222222222,6048.35,0.00018210716147932184,-1420.2600000000002,-0.234817760215596
Emergency,PRV027,Provider Group 27,Managed Medicaid,6,3944.54,5101.07,0.16666666666666666,657.4233333333333,6118.87,0.00018194111220515085,-1017.8000000000002,-0.166337902259731
Professional,PRV013,Provider Group 13,Managed Medicaid,26,3925.04,4341.15,0.0,150.96307692307693,5359.23,0.00018104167863672448,-1018.0799999999999,-0.18996758862747073
Imaging,PRV016,Provider Group 16,Medicare Advantage,8,3918.24,4745.82,0.125,489.78,3964.3199999999997,0.00018072803000773478,781.5,0.19713343019736046
Professional,PRV037,Provider Group 37,Managed Medicaid,30,3916.84,5855.37,0.16666666666666666,130.56133333333335,7082.62,0.00018066345529000162,-1227.25,-0.17327627346942234
Imaging,PRV031,Provider Group 31,Exchange,10,3868.1800000000003,4337.13,0.0,386.81800000000004,3656.68,0.00017841902260079006,680.4500000000003,0.18608409814367138
Professional,PRV012,Provider Group 12,Managed Medicaid,19,3829.39,4725.14,0.05263157894736842,201.54684210526315,5746.71,0.00017662984167159733,-1021.5699999999997,-0.17776606092877484
Imaging,PRV007,Provider Group 07,Managed Medicaid,9,3826.8,4452.41,0.0,425.20000000000005,4897.83,0.00017651037844379098,-445.4200000000001,-0.09094231527023193
Imaging,PRV011,Provider Group 11,Managed Medicaid,7,3821.08,4368.849999999999,0.0,545.8685714285714,5558.79,0.00017624654459705256,-1189.9400000000005,-0.21406457160641085
Professional,PRV037,Provider Group 37,Exchange,18,3820.55,4466.9,0.05555555555555555,212.2527777777778,3698.91,0.00017622209845391074,767.9899999999998,0.20762603037110927
Professional,PRV040,Provider Group 40,Exchange,18,3808.47,4577.7,0.05555555555555555,211.58166666666665,3591.85,0.0001756649108894702,985.8499999999999,0.27446858861032614
Pharmacy,PRV001,Provider Group 01,Medicare Advantage,21,3802.34,4593.3099999999995,0.047619047619047616,181.06380952380954,4115.41,0.0001753821658753957,477.89999999999964,0.11612451736279002
Emergency,PRV023,Provider Group 23,Managed Medicaid,6,3773.0200000000004,6363.35,0.3333333333333333,628.8366666666667,7631.46,0.0001740297867868695,-1268.1099999999997,-0.1661687278712068
Professional,PRV021,Provider Group 21,Managed Medicaid,27,3753.17,4522.25,0.037037037037037035,139.0062962962963,5184.53,0.00017311420953900988,-662.2799999999997,-0.1277415696311912
Professional,PRV039,Provider Group 39,Exchange,14,3739.71,4391.42,0.07142857142857142,267.1221428571429,3501.8,0.00017249336975280378,889.6199999999999,0.25404649037637783
Pharmacy,PRV020,Provider Group 20,Medicare Advantage,21,3710.3199999999997,4222.68,0.0,176.68190476190475,3939.24,0.00017113776192839093,283.4400000000005,0.0719529655466538
Emergency,PRV035,Provider Group 35,Exchange,3,3694.2799999999997,4117.71,0.0,1231.4266666666665,3292.4700000000003,0.0001703979201623623,825.2399999999998,0.25064465279865866
Imaging,PRV006,Provider Group 06,Medicare Advantage,8,3672.3,4215.34,0.0,459.0375,3871.75,0.0001693840970939515,343.59000000000015,0.08874281655582104
Imaging,PRV014,Provider Group 14,Managed Medicaid,8,3651.42,4527.01,0.125,456.4275,5233.8,0.0001684210113037596,-706.79,-0.13504337192861782
Professional,PRV020,Provider Group 20,Exchange,14,3638.81,4601.71,0.14285714285714285,259.915,3750.97,0.00016783937759617723,850.7400000000002,0.22680533302052544
Professional,PRV032,Provider Group 32,Managed Medicaid,27,3633.15,4260.53,0.037037037037037035,134.5611111111111,4749.03,0.00016757831123734169,-488.5,-0.1028631109931923
Imaging,PRV040,Provider Group 40,Managed Medicaid,10,3623.0899999999997,3993.28,0.0,362.30899999999997,4749.13,0.00016711429576563044,-755.8499999999999,-0.1591554663696298
Professional,PRV025,Provider Group 25,Managed Medicaid,20,3608.66,4391.02,0.05,180.433,5038.45,0.00016644871492499497,-647.4299999999994,-0.12849785152179727
Imaging,PRV006,Provider Group 06,Managed Medicaid,9,3593.35,4336.26,0.1111111111111111,399.2611111111111,5582.99,0.00016574254426178432,-1246.7299999999996,-0.22330865718906887
Emergency,PRV010,Provider Group 10,Exchange,4,3584.3399999999997,4022.91,0.0,896.0849999999999,3218.12,0.00016532695982837296,804.79,0.25008079251239856
Imaging,PRV029,Provider Group 29,Medicare Advantage,9,3571.21,4040.2,0.0,396.80111111111114,4588.639999999999,0.00016472134122563257,-548.4399999999996,-0.11952125248439617
Professional,PRV040,Provider Group 40,Managed Medicaid,21,3561.87,4421.98,0.047619047619047616,169.61285714285714,4985.32,0.00016429053560875555,-563.3400000000001,-0.11299976731684229
Professional,PRV023,Provider Group 23,Managed Medicaid,28,3550.3,5710.9400000000005,0.25,126.79642857142858,6527.39,0.00016375687169148926,-816.4499999999998,-0.12508062181055518
Imaging,PRV034,Provider Group 34,Medicare Advantage,8,3504.95,3868.41,0.0,438.11875,3860.42,0.00016166511208491824,7.989999999999782,0.00206972298350951
Imaging,PRV030,Provider Group 30,Medicare Advantage,8,3503.59,3952.66,0.0,437.94875,4437.39,0.0001616023823591203,-484.7300000000005,-0.10923763744002678
Emergency,PRV012,Provider Group 12,Exchange,4,3498.48,7166.85,0.25,874.62,5965.35,0.00016136668463939422,1201.5,0.20141316100480272
Imaging,PRV009,Provider Group 09,Managed Medicaid,9,3485.16,4277.5,0.1111111111111111,387.24,5262.74,0.00016075230232496146,-985.2399999999998,-0.18721046451088214
Pharmacy,PRV005,Provider Group 05,Medicare Advantage,19,3484.44,3998.88,0.05263157894736842,183.39157894736843,3809.09,0.00016071909247012726,189.78999999999996,0.0498255488843792
Professional,PRV035,Provider Group 35,Exchange,11,3473.28,3878.5299999999997,0.0,315.75272727272727,3346.03,0.00016020433972019712,532.4999999999995,0.15914382118510578
Emergency,PRV022,Provider Group 22,Exchange,3,3471.9,4074.52,0.0,1157.3,3613.23,0.00016014068749843155,461.28999999999996,0.12766693512452845
Pharmacy,PRV014,Provider Group 14,Medicare Advantage,20,3467.38,3959.7400000000002,0.0,173.369,3544.13,0.00015993220340975017,415.6100000000001,0.11726714313526877
Emergency,PRV033,Provider Group 33,Exchange,3,3437.05,4019.9600000000005,0.0,1145.6833333333334,3253.5699999999997,0.00015853323827485935,766.3900000000008,0.2355535611651204
Imaging,PRV007,Provider Group 07,Exchange,6,3436.02,3937.31,0.0,572.67,3513.54,0.00015848572973252707,423.77,0.12061055232045173
Professional,PRV031,Provider Group 31,Exchange,14,3421.54,3770.04,0.0,244.3957142857143,3410.44,0.00015781784265197254,359.5999999999999,0.1054409401719426
Professional,PRV016,Provider Group 16,Managed Medicaid,22,3407.54,4022.18,0.045454545454545456,154.8881818181818,4594.65,0.00015717209547464083,-572.4699999999998,-0.12459490929668197
Pharmacy,PRV008,Provider Group 08,Medicare Advantage,18,3365.82,4109.72,0.05555555555555555,186.99,3855.5099999999998,0.00015524776888619225,254.2100000000005,0.06593420844453794
Imaging,PRV021,Provider Group 21,Medicare Advantage,10,3348.9900000000002,3697.68,0.0,334.899,3024.08,0.00015447148852944275,673.5999999999999,0.22274543001507893
Imaging,PRV013,Provider Group 13,Medicare Advantage,10,3334.5299999999997,4378.89,0.1,333.453,4008.76,0.00015380452394485582,370.1300000000001,0.09233029665033579
Imaging,PRV001,Provider Group 01,Exchange,3,3295.14,3968.42,0.0,1098.3799999999999,2867.7200000000003,0.0001519876681366346,1100.6999999999998,0.3838240832438312
Imaging,PRV010,Provider Group 10,Exchange,6,3293.51,3748.62,0.0,548.9183333333334,3577.82,0.00015191248471527386,170.79999999999973,0.04773856706038865
Imaging,PRV031,Provider Group 31,Medicare Advantage,9,3247.1099999999997,3662.12,0.0,360.78999999999996,3378.1800000000003,0.00014977229407040296,283.9399999999996,0.08405117548502436
Professional,PRV019,Provider Group 19,Exchange,16,3241.1,3699.95,0.0,202.56875,3087.2799999999997,0.00014949508403213412,612.6700000000001,0.1984497680806406
Professional,PRV009,Provider Group 09,Exchange,13,3235.27,3989.2799999999997,0.07692307692307693,248.8669230769231,3413.34,0.00014922617645757384,575.9399999999996,0.16873209232013206
Professional,PRV028,Provider Group 28,Managed Medicaid,21,3233.0499999999997,3852.62,0.047619047619047616,153.95476190476188,4819.2,0.00014912377940516836,-966.5799999999999,-0.20056855909694554
Pharmacy,PRV031,Provider Group 31,Commercial,23,3206.79,4187.44,0.13043478260869565,139.42565217391305,3352.97,0.0001479125421996876,834.4699999999998,0.2488748780931532
Professional,PRV011,Provider Group 11,Exchange,12,3202.72,3703.79,0.0,266.8933333333333,3315.34,0.00014772481427027757,388.4499999999998,0.11716747000307655
Imaging,PRV033,Provider Group 33,Medicare Advantage,7,3202.56,3671.88,0.0,457.50857142857143,3282.41,0.00014771743430253662,389.47000000000025,0.11865367214942688
Emergency,PRV010,Provider Group 10,Managed Medicaid,4,3171.81,3574.98,0.0,792.9525,4362.35,0.00014629909675232587,-787.3700000000003,-0.18049216591974515
Imaging,PRV019,Provider Group 19,Medicare Advantage,7,3156.9,3671.2799999999997,0.0,450.9857142857143,2921.7400000000002,0.00014561137600846758,749.5399999999995,0.2565389117443713
Emergency,PRV026,Provider Group 26,Exchange,3,3133.48,3815.18,0.0,1044.4933333333333,3568.95,0.00014453113323038835,246.23000000000002,0.0689922806427661
Imaging,PRV002,Provider Group 02,Medicare Advantage,5,3119.62,3583.33,0.0,623.924,3138.63,0.00014389184352482992,444.6999999999998,0.14168602224537452
Imaging,PRV020,Provider Group 20,Medicare Advantage,7,3113.59,4064.89,0.14285714285714285,444.79857142857145,3725.65,0.00014361371099059348,339.2399999999998,0.09105525210365971
Imaging,PRV015,Provider Group 15,Managed Medicaid,7,3069.37,3398.55,0.0,438.4814285714286,4202.33,0.00014157407240619283,-803.7799999999997,-0.1912700811216634
Professional,PRV033,Provider Group 33,Exchange,15,3060.85,3514.09,0.0,204.05666666666667,3192.55,0.00014118108912398807,321.53999999999996,0.10071572880612675
Pharmacy,PRV024,Provider Group 24,Medicare Advantage,19,3037.05,3926.67,0.10526315789473684,159.84473684210528,3625.64,0.00014008331892252415,301.0300000000002,0.08302809986650639
Professional,PRV003,Provider Group 03,Managed Medicaid,21,3036.74,4231.78,0.14285714285714285,144.60666666666665,5058.8,0.00014006902023502607,-827.0200000000004,-0.16348145805329334
Professional,PRV017,Provider Group 17,Exchange,10,3034.66,4241.73,0.1,303.466,4114.61,0.0001399730806543939,127.11999999999989,0.03089478711226578
Professional,PRV026,Provider Group 26,Exchange,11,3024.97,3634.81,0.09090909090909091,274.99727272727273,3293.89,0.0001395261313580836,340.9200000000001,0.10350072406789543
Pharmacy,PRV023,Provider Group 23,Medicare Advantage,16,3021.88,3435.74,0.0,188.8675,3402.5299999999997,0.00013938360573108682,33.210000000000036,0.009760384184709625
Imaging,PRV032,Provider Group 32,Managed Medicaid,11,2990.7000000000003,3373.87,0.0,271.88181818181823,3829.48,0.0001379454345175723,-455.6100000000001,-0.11897437772230175
Pharmacy,PRV013,Provider Group 13,Medicare Advantage,20,2989.31,3334.12,0.0,149.4655,3199.7,0.00013788132104782292,134.42000000000007,0.0420101884551677
Imaging,PRV035,Provider Group 35,Exchange,3,2985.44,3316.02,0.0,995.1466666666666,2985.3199999999997,0.0001377028180780891,330.7000000000003,0.11077539426259171
Lab,PRV026,Provider Group 26,Commercial,22,2973.11,3342.75,0.0,135.14136363636365,2725.65,0.00013713409931405337,617.0999999999999,0.2264047108029277
Imaging,PRV029,Provider Group 29,Managed Medicaid,7,2942.46,3411.45,0.0,420.3514285714286,4191.9,0.00013572037424368068,-780.4499999999998,-0.18618049094682598
Pharmacy,PRV009,Provider Group 09,Medicare Advantage,20,2941.6,3777.46,0.05,147.07999999999998,3598.32,0.00013568070691707314,179.13999999999987,0.04978434380488669
Pharmacy,PRV031,Provider Group 31,Medicare Advantage,24,2925.19,3377.72,0.041666666666666664,121.88291666666667,3175.69,0.0001349237989756436,202.02999999999975,0.0636176704905075
Pharmacy,PRV022,Provider Group 22,Medicare Advantage,20,2871.95,3318.7200000000003,0.05,143.5975,3037.44,0.00013246811470984777,281.2800000000002,0.09260429835651081
Imaging,PRV028,Provider Group 28,Exchange,7,2866.56,3279.7799999999997,0.0,409.50857142857143,2542.52,0.00013221950204657506,737.2599999999998,0.28997215361137757
Imaging,PRV019,Provider Group 19,Managed Medicaid,8,2865.25,3337.69,0.0,358.15625,3654.91,0.00013215907856069616,-317.2199999999998,-0.0867928348440864
Imaging,PRV038,Provider Group 38,Managed Medicaid,7,2854.95,3489.68,0.14285714285714285,407.84999999999997,3857.89,0.00013168399313737353,-368.21000000000004,-0.09544336411872813
Imaging,PRV010,Provider Group 10,Managed Medicaid,5,2853.54,3281.32,0.0,570.708,3898.63,0.00013161895717165654,-617.31,-0.15834023746803363
Pharmacy,PRV015,Provider Group 15,Medicare Advantage,17,2852.4300000000003,3222.23,0.0,167.79000000000002,3156.01,0.00013156775864545383,66.2199999999998,0.020982189536788477
Imaging,PRV035,Provider Group 35,Managed Medicaid,9,2842.9,4120.47,0.2222222222222222,315.8777777777778,5153.5199999999995,0.00013112818931688443,-1033.0499999999993,-0.20045522283798245
Imaging,PRV008,Provider Group 08,Exchange,5,2810.1600000000003,3088.0,0.0,562.032,2647.11,0.00012961806341789582,440.8899999999999,0.16655522437677311
Pharmacy,PRV002,Provider Group 02,Medicare Advantage,18,2761.58,3465.22,0.05555555555555555,153.42111111111112,3310.83,0.00012737732071255468,154.38999999999987,0.046631811358481066
Imaging,PRV020,Provider Group 20,Managed Medicaid,8,2759.2200000000003,3146.22,0.0,344.90250000000003,3715.62,0.00012726846618837592,-569.4000000000001,-0.15324494969883898
Emergency,PRV020,Provider Group 20,Managed Medicaid,3,2736.08,3134.35,0.0,912.0266666666666,3623.51,0.00012620113835384332,-489.1600000000003,-0.13499617773926395
Imaging,PRV022,Provider Group 22,Managed Medicaid,10,2721.08,3310.23,0.1,272.108,3545.43,0.00012550926637813073,-235.19999999999982,-0.06633892080791323
Pharmacy,PRV034,Provider Group 34,Medicare Advantage,18,2715.26,3095.8700000000003,0.0,150.8477777777778,2744.49,0.00012524082005155426,351.38000000000056,0.1280310731684213
Professional,PRV022,Provider Group 22,Exchange,11,2714.41,3119.98,0.0,246.76454545454544,2576.93,0.00012520161397293054,543.0500000000002,0.21073525474110674
Pharmacy,PRV006,Provider Group 06,Medicare Advantage,19,2711.31,3104.11,0.0,142.70052631578946,2972.97,0.00012505862709794995,131.14000000000033,0.04411077138349877
Pharmacy,PRV036,Provider Group 36,Medicare Advantage,16,2711.0,3068.29,0.0,169.4375,2937.21,0.0001250443284104519,131.07999999999993,0.04462738449072417
Imaging,PRV005,Provider Group 05,Managed Medicaid,7,2706.56,3165.1800000000003,0.0,386.65142857142854,3703.56,0.00012483953430564098,-538.3799999999997,-0.14536824028772308
Professional,PRV032,Provider Group 32,Exchange,16,2702.63,3396.56,0.0625,168.914375,2905.45,0.00012465826384800427,491.1100000000001,0.16903061487893448
Professional,PRV016,Provider Group 16,Exchange,15,2689.43,3038.07,0.0,179.29533333333333,2653.09,0.00012404941650937722,384.98,0.14510627230889264
Pharmacy,PRV017,Provider Group 17,Medicare Advantage,16,2684.1,3621.08,0.1875,167.75625,3589.8,0.00012380357133400736,31.279999999999745,0.008713577358070016
Imaging,PRV025,Provider Group 25,Managed Medicaid,7,2670.73,3668.95,0.14285714285714285,381.53285714285715,4169.04,0.00012318688277965554,-500.09000000000015,-0.11995327461477946
Imaging,PRV035,Provider Group 35,Medicare Advantage,7,2667.41,3022.5,0.0,381.0585714285714,2980.9700000000003,0.00012303374844903117,41.529999999999745,0.013931706793426214
Outpatient,PRV031,Provider Group 31,Exchange,3,2654.46,3155.96,0.0,884.82,3102.1,0.0001224364323099993,53.86000000000013,0.01736243190097035
Imaging,PRV018,Provider Group 18,Exchange,4,2651.54,3020.9300000000003,0.0,662.885,2776.01,0.00012230174789872728,244.92000000000007,0.08822734788419352
Lab,PRV035,Provider Group 35,Commercial,23,2649.2200000000003,3037.86,0.0,115.18347826086958,2388.68,0.00012219473836648373,649.1800000000003,0.27177353182510855
Pharmacy,PRV035,Provider Group 35,Medicare Advantage,22,2639.34,3482.29,0.13636363636363635,119.97000000000001,3471.93,0.00012173902535848106,10.360000000000127,0.0029839311276437393
Imaging,PRV024,Provider Group 24,Managed Medicaid,6,2631.82,3037.85,0.0,438.6366666666667,3482.37,0.00012139216687465715,-444.52,-0.12764869901819736
Pharmacy,PRV027,Provider Group 27,Managed Medicaid,20,2618.92,2996.73,0.05,130.946,3481.02,0.00012079715697554433,-484.28999999999996,-0.13912301566782148
Pharmacy,PRV029,Provider Group 29,Medicare Advantage,17,2602.9300000000003,2978.39,0.0,153.11352941176472,3119.5,0.00012005962144943474,-141.11000000000013,-0.04523481327135763
Professional,PRV007,Provider Group 07,Exchange,11,2596.85,2936.7200000000003,0.0,236.0772727272727,2287.25,0.00011977918267527923,649.4700000000003,0.28395234451852674
Imaging,PRV036,Provider Group 36,Managed Medicaid,5,2567.5299999999997,3346.8999999999996,0.2,513.506,4127.08,0.00011842680358675306,-780.1800000000003,-0.18903922385803046
Pharmacy,PRV004,Provider Group 04,Managed Medicaid,15,2562.77,2972.44,0.0,170.85133333333334,3415.2,0.00011820724954646028,-442.75999999999976,-0.12964394471773244
Professional,PRV030,Provider Group 30,Managed Medicaid,14,2555.0499999999997,3046.97,0.07142857142857142,182.5035714285714,3460.62,0.0001178511661029602,-413.6500000000001,-0.11953060434257448
Professional,PRV022,Provider Group 22,Managed Medicaid,20,2553.85,3661.31,0.1,127.6925,4038.57,0.0001177958163449032,-377.2600000000002,-0.0934142530648225
Pharmacy,PRV028,Provider Group 28,Medicare Advantage,15,2544.18,2967.31,0.06666666666666667,169.612,2533.24,0.00011734978954456049,434.07000000000016,0.1713497339375662
Pharmacy,PRV036,Provider Group 36,Managed Medicaid,20,2541.57,2909.56,0.0,127.0785,3478.52,0.00011722940382078651,-568.96,-0.16356381449582008
Professional,PRV013,Provider Group 13,Exchange,12,2528.36,2791.61,0.0,210.6966666666667,2406.04,0.00011662009523417564,385.57000000000016,0.16025086864723787
Professional,PRV030,Provider Group 30,Exchange,10,2498.3199999999997,2880.8,0.0,249.83199999999997,2526.44,0.00011523450629081525,354.3600000000001,0.14026060385364392
Emergency,PRV031,Provider Group 31,Exchange,3,2486.61,2672.57,0.0,828.87,2060.17,0.00011469438490177566,612.4000000000001,0.29725702247872754
Pharmacy,PRV039,Provider Group 39,Medicare Advantage,14,2465.34,3138.56,0.14285714285714285,176.0957142857143,3138.28,0.00011371331044021523,0.27999999999974534,8.922084708813277e-05
Pharmacy,PRV011,Provider Group 11,Medicare Advantage,17,2464.17,2790.95,0.0,144.95117647058825,2440.64,0.00011365934442610965,350.30999999999995,0.14353202438704601
Pharmacy,PRV018,Provider Group 18,Medicare Advantage,13,2453.85,2976.7599999999998,0.07692307692307693,188.7576923076923,2848.4900000000002,0.00011318333650681939,128.26999999999953,0.04503087600799003
Pharmacy,PRV016,Provider Group 16,Medicare Advantage,17,2440.07,2788.45,0.0,143.5335294117647,2772.41,0.00011254773678513146,16.039999999999964,0.0057855800548980724
Pharmacy,PRV023,Provider Group 23,Managed Medicaid,20,2439.1,3017.66,0.1,121.955,3476.5699999999997,0.00011250299573070203,-458.90999999999985,-0.13200079388592775
Imaging,PRV034,Provider Group 34,Exchange,5,2433.6400000000003,2847.5099999999998,0.0,486.72800000000007,2673.88,0.00011225115433154267,173.62999999999965,0.06493559920415264
Pharmacy,PRV025,Provider Group 25,Managed Medicaid,18,2430.33,2913.39,0.05555555555555555,135.01833333333332,3394.7,0.00011209848124890208,-481.30999999999995,-0.14178277903791203
Imaging,PRV033,Provider Group 33,Exchange,5,2430.0299999999997,2846.9,0.0,486.006,2503.53,0.00011208464380938782,343.3699999999999,0.13715433807463856
Imaging,PRV039,Provider Group 39,Exchange,3,2425.12,2878.54,0.0,808.3733333333333,2200.76,0.00011185817104933791,677.7799999999997,0.3079754266707863
Emergency,PRV016,Provider Group 16,Exchange,2,2390.21,2622.91,0.0,1195.105,2015.6,0.00011024795433786286,607.31,0.3013048223853939
Imaging,PRV038,Provider Group 38,Exchange,4,2382.14,2618.2999999999997,0.0,595.535,2132.37,0.0001098757272149295,485.92999999999984,0.22788259073237752
Lab,PRV036,Provider Group 36,Commercial,23,2378.74,2709.77,0.0,103.42347826086956,2213.37,0.00010971890290043464,496.4000000000001,0.22427339306125957
Lab,PRV009,Provider Group 09,Commercial,23,2355.62,2773.12,0.043478260869565216,102.41826086956522,2057.5,0.00010865249756186968,715.6199999999999,0.34781044957472657
Professional,PRV023,Provider Group 23,Exchange,13,2354.11,3179.05,0.07692307692307693,181.0853846153846,2591.69,0.00010858284911631461,587.3600000000001,0.22663204318417715
Imaging,PRV005,Provider Group 05,Exchange,5,2347.13,3939.2,0.4,469.42600000000004,3441.42,0.00010826089802361636,497.77999999999975,0.14464378076491674
Pharmacy,PRV037,Provider Group 37,Medicare Advantage,13,2341.22,2647.1,0.0,180.09384615384613,2350.24,0.0001079883004651856,296.8600000000001,0.12631050445911912
Pharmacy,PRV010,Provider Group 10,Medicare Advantage,18,2290.74,2898.19,0.05555555555555555,127.26333333333332,2670.27,0.00010565992064292089,227.92000000000007,0.08535466450958146
Pharmacy,PRV003,Provider Group 03,Medicare Advantage,15,2277.36,2623.12,0.0,151.824,2532.98,0.00010504277084058529,90.13999999999987,0.03558654233353594
Pharmacy,PRV017,Provider Group 17,Managed Medicaid,14,2270.78,3155.19,0.14285714285714285,162.19857142857146,3776.35,0.00010473926966723939,-621.1599999999999,-0.1644868722443629
Imaging,PRV004,Provider Group 04,Managed Medicaid,5,2247.9700000000003,3308.08,0.2,449.59400000000005,4106.13,0.00010368716301617247,-798.0500000000002,-0.19435575590641313
Pharmacy,PRV007,Provider Group 07,Medicare Advantage,14,2224.61,2999.0,0.07142857142857142,158.9007142857143,2825.39,0.0001026096877259961,173.61000000000013,0.06144638439295111
Pharmacy,PRV018,Provider Group 18,Managed Medicaid,17,2221.21,2908.7799999999997,0.11764705882352941,130.65941176470588,3461.31,0.00010245286341150125,-552.5300000000002,-0.15963031337846081
Pharmacy,PRV037,Provider Group 37,Exchange,14,2207.45,2578.75,0.07142857142857142,157.67499999999998,2155.06,0.0001018181861857809,423.69000000000005,0.19660241478195506
Pharmacy,PRV012,Provider Group 12,Managed Medicaid,17,2204.77,2832.49,0.11764705882352941,129.69235294117647,3395.11,0.00010169457172612026,-562.6200000000003,-0.1657148074731011
Lab,PRV006,Provider Group 06,Commercial,23,2199.17,2525.72,0.0,95.61608695652174,1765.3100000000002,0.00010143627285518758,760.4099999999996,0.430751539389682
Pharmacy,PRV027,Provider Group 27,Medicare Advantage,17,2195.19,2469.23,0.0,129.12882352941176,2311.39,0.00010125269615763184,157.84000000000015,0.0682879133335353
Pharmacy,PRV019,Provider Group 19,Medicare Advantage,15,2190.09,2554.13,0.06666666666666667,146.006,2491.05,0.00010101745968588957,63.07999999999993,0.02532265510527686
Pharmacy,PRV040,Provider Group 40,Medicare Advantage,15,2167.01,2457.81,0.0,144.46733333333336,2392.73,9.995289933925982e-05,65.07999999999993,0.027199057143931796
Pharmacy,PRV007,Provider Group 07,Managed Medicaid,17,2164.19,2429.96,0.0,127.30529411764707,2783.35,9.982282740782586e-05,-353.3899999999999,-0.12696570679217486
Pharmacy,PRV025,Provider Group 25,Exchange,8,2153.0299999999997,2485.0699999999997,0.0,269.12874999999997,1973.8400000000001,9.930807465789569e-05,511.22999999999956,0.25900275604912226
Lab,PRV020,Provider Group 20,Commercial,16,2145.43,2416.62,0.0,134.089375,1820.3899999999999,9.895752619020132e-05,596.23,0.32752871637396386
Pharmacy,PRV038,Provider Group 38,Medicare Advantage,14,2115.77,2422.56,0.0,151.12642857142856,2266.33,9.758946467022568e-05,156.23000000000002,0.06893523891048524
Pharmacy,PRV033,Provider Group 33,Exchange,12,2111.04,2639.36,0.08333333333333333,175.92,2067.46,9.73712943738843e-05,571.9000000000001,0.2766196202103064
Pharmacy,PRV008,Provider Group 08,Managed Medicaid,14,2107.4,2399.44,0.0,150.52857142857144,2751.33,9.720340010777807e-05,-351.8899999999999,-0.12789814380681339
Imaging,PRV001,Provider Group 01,Managed Medicaid,4,2106.15,2299.14,0.0,526.5375,2310.9,9.714574410980202e-05,-11.760000000000218,-0.005088926392314777
Imaging,PRV012,Provider Group 12,Exchange,4,2092.98,2349.9,0.0,523.245,2182.06,9.653828051512638e-05,167.84000000000015,0.07691814157264243
Imaging,PRV040,Provider Group 40,Exchange,5,2091.17,2378.95,0.0,418.23400000000004,2045.67,9.645479463005706e-05,333.27999999999975,0.16291972801087162
Imaging,PRV011,Provider Group 11,Exchange,4,2086.04,2281.61,0.0,521.51,2319.06,9.621817441436336e-05,-37.44999999999982,-0.01614878442127406
Lab,PRV025,Provider Group 25,Commercial,21,2082.62,2484.94,0.047619047619047616,99.17238095238095,2013.03,9.60604276039009e-05,471.9100000000001,0.23442770351162182
Professional,PRV021,Provider Group 21,Exchange,13,2079.09,2352.04,0.0,159.93,1992.41,9.589760706561655e-05,359.6299999999999,0.1804999974904763
Imaging,PRV029,Provider Group 29,Exchange,4,2059.17,2333.48,0.0,514.7925,2122.52,9.497880108187024e-05,210.96000000000004,0.09939128959915573
Pharmacy,PRV034,Provider Group 34,Exchange,11,2058.75,2357.56,0.0,187.1590909090909,1952.8200000000002,9.495942866655029e-05,404.7399999999998,0.20725924560379336
Pharmacy,PRV010,Provider Group 10,Exchange,11,2041.6100000000001,2707.3,0.18181818181818182,185.6009090909091,2109.25,9.416884962230274e-05,598.0500000000002,0.2835368021808701
Pharmacy,PRV009,Provider Group 09,Exchange,11,2025.06,2285.51,0.0,184.09636363636363,2000.31,9.340548420909986e-05,285.2000000000003,0.1425779004254342
Pharmacy,PRV018,Provider Group 18,Exchange,8,2024.14,2220.5299999999997,0.0,253.0175,2000.97,9.336304939458949e-05,219.55999999999972,0.10972678251048228
Lab,PRV023,Provider Group 23,Commercial,18,2021.48,2255.47,0.0,112.30444444444444,1657.53,9.324035743089645e-05,597.9399999999998,0.36074158537100376
Lab,PRV017,Provider Group 17,Commercial,19,1991.4,2977.19,0.21052631578947367,104.81052631578947,2262.29,9.185292349560086e-05,714.9000000000001,0.31600723161044786
Pharmacy,PRV036,Provider Group 36,Exchange,9,1975.32,2191.82,0.0,219.48,1680.17,9.111123673763697e-05,511.6500000000001,0.3045227566258177
Imaging,PRV037,Provider Group 37,Managed Medicaid,6,1968.19,2313.91,0.0,328.0316666666667,2564.25,9.07823669251816e-05,-250.34000000000015,-0.09762698644827929
Lab,PRV038,Provider Group 38,Commercial,20,1965.6,2253.89,0.05,98.28,1601.21,9.066290369737523e-05,652.6799999999998,0.4076167398404955
Pharmacy,PRV012,Provider Group 12,Medicare Advantage,10,1960.64,2227.51,0.0,196.06400000000002,2105.27,9.043412469740627e-05,122.24000000000024,0.05806381129261341
Imaging,PRV022,Provider Group 22,Exchange,4,1937.73,2530.46,0.25,484.4325,2357.78,8.937740556650128e-05,172.67999999999984,0.07323838526071128
Pharmacy,PRV034,Provider Group 34,Managed Medicaid,13,1912.07,2187.98,0.0,147.0823076923077,2525.9700000000003,8.819384324004897e-05,-337.99000000000024,-0.13380602303273603
Pharmacy,PRV028,Provider Group 28,Exchange,8,1903.36,2212.42,0.0,237.92,1602.8400000000001,8.779209624615187e-05,609.5799999999999,0.38031244540939824
Imaging,PRV025,Provider Group 25,Exchange,4,1900.48,2166.29,0.0,475.12,1952.3600000000001,8.765925682681506e-05,213.92999999999984,0.10957507836669457
Imaging,PRV002,Provider Group 02,Exchange,3,1891.1100000000001,2144.8199999999997,0.0,630.37,2054.81,8.722706746598661e-05,90.00999999999976,0.043804536672490284
Pharmacy,PRV035,Provider Group 35,Exchange,10,1854.01,2087.67,0.0,185.401,1860.16,8.551583744605751e-05,227.51,0.12230668329606055
Pharmacy,PRV014,Provider Group 14,Managed Medicaid,15,1851.19,2500.25,0.2,123.41266666666667,2910.18,8.538576551462356e-05,-409.92999999999984,-0.1408607027743988
Pharmacy,PRV020,Provider Group 20,Managed Medicaid,14,1844.63,2342.07,0.07142857142857142,131.7592857142857,2735.22,8.508318683724526e-05,-393.14999999999964,-0.14373615285059324
Pharmacy,PRV024,Provider Group 24,Managed Medicaid,12,1839.78,2202.33,0.08333333333333333,153.315,2669.15,8.485948156509819e-05,-466.82000000000016,-0.1748946293763933
Imaging,PRV021,Provider Group 21,Managed Medicaid,7,1809.78,2614.81,0.14285714285714285,258.54,3237.75,8.347573761367304e-05,-622.94,-0.19239904254497725
Pharmacy,PRV001,Provider Group 01,Exchange,7,1799.68,2079.65,0.0,257.09714285714284,1689.88,8.300987715002658e-05,389.77,0.23064951357492838
Pharmacy,PRV024,Provider Group 24,Exchange,8,1799.23,1994.56,0.0,224.90375,1687.49,8.29891209907552e-05,307.06999999999994,0.1819684857391747
Imaging,PRV026,Provider Group 26,Exchange,3,1793.74,2084.46,0.0,597.9133333333333,2198.52,8.273589584764441e-05,-114.05999999999995,-0.05188035587577095
Lab,PRV029,Provider Group 29,Commercial,18,1793.18,2019.17,0.0,99.62111111111112,1619.62,8.271006596055113e-05,399.5500000000002,0.2466936688852942
Pharmacy,PRV038,Provider Group 38,Managed Medicaid,16,1785.56,2371.82,0.125,111.5975,2775.31,8.235859499688915e-05,-403.4899999999998,-0.14538556053197654
Imaging,PRV028,Provider Group 28,Managed Medicaid,5,1774.85,2123.94,0.0,354.96999999999997,2313.3199999999997,8.186459840623037e-05,-189.37999999999965,-0.08186502515864631
Emergency,PRV015,Provider Group 15,Exchange,2,1765.31,1967.95,0.0,882.655,1562.08,8.142456782967718e-05,405.8700000000001,0.25982664140120876
Lab,PRV004,Provider Group 04,Commercial,12,1760.97,2113.68,0.08333333333333333,146.7475,1519.07,8.122438620470435e-05,594.6099999999999,0.3914302830020999
Imaging,PRV014,Provider Group 14,Exchange,5,1759.71,2397.76,0.2,351.942,2174.21,8.116626895874449e-05,223.55000000000018,0.10281895493075655
Professional,PRV014,Provider Group 14,Exchange,10,1749.39,2359.66,0.1,174.93900000000002,1966.53,8.069026103945424e-05,393.1299999999999,0.1999105022552414
Lab,PRV001,Provider Group 01,Commercial,17,1702.93,1916.98,0.0,100.17235294117647,1371.03,7.854730290668051e-05,545.95,0.3982042697825723
Imaging,PRV021,Provider Group 21,Exchange,5,1678.82,1988.62,0.0,335.764,1712.74,7.74352340177185e-05,275.8799999999999,0.16107523617128103
Lab,PRV005,Provider Group 05,Commercial,19,1676.69,1966.06,0.05263157894736842,88.24684210526316,1479.82,7.733698819716732e-05,486.24,0.3285805030341528
Imaging,PRV036,Provider Group 36,Exchange,3,1658.55,1915.54,0.0,552.85,1701.27,7.650028435453891e-05,214.26999999999998,0.12594708658825465
Pharmacy,PRV030,Provider Group 30,Medicare Advantage,12,1652.04,1896.03,0.0,137.67,1863.24,7.620001191707965e-05,32.789999999999964,0.017598377020673645
Lab,PRV039,Provider Group 39,Commercial,18,1638.41,1911.6200000000001,0.05555555555555555,91.02277777777778,1491.72,7.557133091514884e-05,419.9000000000001,0.28148714235915595
Pharmacy,PRV027,Provider Group 27,Exchange,10,1633.97,1883.25,0.0,163.397,1665.81,7.536653681033792e-05,217.44000000000005,0.1305310929817927
Pharmacy,PRV011,Provider Group 11,Managed Medicaid,12,1629.89,1868.49,0.0,135.82416666666668,2364.62,7.51783476329441e-05,-496.1299999999999,-0.20981383901007347
Lab,PRV030,Provider Group 30,Commercial,17,1607.75,1923.28,0.058823529411764705,94.57352941176471,1570.09,7.415714459679235e-05,353.19000000000005,0.22494888828028972
Pharmacy,PRV010,Provider Group 10,Managed Medicaid,14,1600.81,2234.61,0.14285714285714285,114.34357142857142,2582.0099999999998,7.383703849602933e-05,-347.39999999999964,-0.13454634180347855
Pharmacy,PRV002,Provider Group 02,Managed Medicaid,14,1590.56,2018.46,0.14285714285714285,113.61142857142856,2394.1800000000003,7.336425931262573e-05,-375.72000000000025,-0.1569305565997545
Pharmacy,PRV032,Provider Group 32,Medicare Advantage,14,1589.49,1988.2,0.07142857142857142,113.535,1937.26,7.331490577835824e-05,50.940000000000055,0.02629487007422858
Imaging,PRV034,Provider Group 34,Managed Medicaid,4,1588.6100000000001,1808.83,0.0,397.15250000000003,2060.43,7.32743159557831e-05,-251.5999999999999,-0.12211043325907696
Lab,PRV032,Provider Group 32,Commercial,16,1578.6,1737.52,0.0,98.6625,1261.61,7.28126067239909e-05,475.9100000000001,0.37722434032704255
Pharmacy,PRV026,Provider Group 26,Managed Medicaid,11,1575.9099999999999,1789.25,0.0,143.26454545454544,2106.1,7.268853101634645e-05,-316.8499999999999,-0.15044394853045912
Pharmacy,PRV039,Provider Group 39,Managed Medicaid,12,1566.4099999999999,1960.03,0.08333333333333333,130.53416666666666,2252.55,7.225034543172849e-05,-292.5200000000002,-0.12986171228163645
Pharmacy,PRV011,Provider Group 11,Exchange,7,1563.83,1841.8899999999999,0.0,223.4042857142857,1660.41,7.213134345190593e-05,181.4799999999998,0.10929830584012369
Pharmacy,PRV040,Provider Group 40,Exchange,11,1559.04,2041.3,0.18181818181818182,141.73090909090908,1883.71,7.191040566766172e-05,157.58999999999992,0.08365937431982626
Lab,PRV040,Provider Group 40,Commercial,16,1552.81,1774.4,0.0,97.050625,1400.8,7.16230481737491e-05,373.60000000000014,0.26670474014848666
Lab,PRV034,Provider Group 34,Commercial,18,1539.45,1784.87,0.0,85.525,1361.43,7.100682086738111e-05,423.4399999999998,0.31102590658351864
Pharmacy,PRV015,Provider Group 15,Exchange,6,1535.64,1740.57,0.0,255.94000000000003,1438.02,7.083108538555011e-05,302.54999999999995,0.2103934576709642
Pharmacy,PRV001,Provider Group 01,Managed Medicaid,11,1522.0,1761.39,0.0,138.36363636363637,1988.1100000000001,7.020194313563548e-05,-226.72000000000003,-0.11403795564631736
Imaging,PRV026,Provider Group 26,Managed Medicaid,4,1521.15,1729.03,0.0,380.2875,2101.4900000000002,7.016273705701177e-05,-372.46000000000026,-0.17723615149251257
Pharmacy,PRV004,Provider Group 04,Exchange,5,1514.66,1716.6699999999998,0.0,302.932,1415.33,6.986338711552013e-05,301.3399999999999,0.21291147647545092
Pharmacy,PRV014,Provider Group 14,Exchange,9,1513.3700000000001,1719.9,0.0,168.15222222222224,1527.42,6.980388612560885e-05,192.48000000000002,0.1260164198452292
Pharmacy,PRV006,Provider Group 06,Managed Medicaid,13,1495.87,1982.9,0.23076923076923078,115.06692307692308,2293.44,6.899670215394417e-05,-310.53999999999996,-0.1354035858797265
Pharmacy,PRV039,Provider Group 39,Exchange,7,1485.77,1683.42,0.0,212.25285714285715,1405.44,6.853084169029772e-05,277.98,0.19778859289617487
Lab,PRV015,Provider Group 15,Commercial,15,1482.6599999999999,1679.9,0.0,98.844,1272.32,6.83873935673333e-05,407.58000000000015,0.3203439386317909
Pharmacy,PRV040,Provider Group 40,Managed Medicaid,13,1479.38,1740.97,0.0,113.79846153846155,2141.21,6.823610422864416e-05,-400.24,-0.18692234764455612
Pharmacy,PRV022,Provider Group 22,Managed Medicaid,10,1479.05,1618.53,0.0,147.905,1715.1100000000001,6.822088304517849e-05,-96.58000000000015,-0.05631125700392403
Imaging,PRV031,Provider Group 31,Managed Medicaid,5,1466.93,1915.3899999999999,0.2,293.386,2485.89,6.766185048880273e-05,-570.5,-0.2294952713112809
Lab,PRV002,Provider Group 02,Commercial,14,1422.44,1812.57,0.14285714285714285,101.60285714285715,1264.4,6.560975820883925e-05,548.1699999999998,0.43354160075925324
Pharmacy,PRV026,Provider Group 26,Exchange,7,1421.78,1564.75,0.0,203.11142857142858,1165.53,6.557931584190789e-05,399.22,0.3425222859986444
Pharmacy,PRV032,Provider Group 32,Managed Medicaid,9,1395.27,1547.0,0.0,155.03,1715.06,6.435654743683187e-05,-168.05999999999995,-0.09799074084871663
Imaging,PRV032,Provider Group 32,Exchange,3,1390.29,1592.07,0.0,463.43,1283.04,6.41268459408953e-05,309.03,0.2408576505798728
Pharmacy,PRV005,Provider Group 05,Exchange,10,1367.65,2057.2400000000002,0.2,136.76500000000001,1825.42,6.308258050555314e-05,231.82000000000016,0.12699543118843892
Lab,PRV013,Provider Group 13,Commercial,20,1364.29,1612.14,0.05,68.2145,1291.39,6.292760118299351e-05,320.75,0.248375781135056
Imaging,PRV024,Provider Group 24,Exchange,2,1350.6100000000001,1578.77,0.0,675.3050000000001,1211.83,6.229661394114365e-05,366.94000000000005,0.3027982472789088
Imaging,PRV033,Provider Group 33,Managed Medicaid,5,1344.03,1548.4,0.0,268.806,1883.35,6.199311276779773e-05,-334.9499999999998,-0.17784798364616233
Lab,PRV018,Provider Group 18,Commercial,11,1340.67,1664.42,0.09090909090909091,121.87909090909092,1227.55,6.183813344523812e-05,436.8700000000001,0.3558877438800865
Pharmacy,PRV007,Provider Group 07,Exchange,5,1305.5,1432.03,0.0,261.1,1280.58,6.021592428618405e-05,151.45000000000005,0.11826672289118997
Pharmacy,PRV029,Provider Group 29,Managed Medicaid,11,1296.8999999999999,1781.08,0.18181818181818182,117.89999999999999,2313.05,5.981925102010883e-05,-531.9700000000003,-0.22998638161734516
Lab,PRV008,Provider Group 08,Commercial,17,1285.1,1558.58,0.058823529411764705,75.59411764705882,1192.85,5.9274978399214947e-05,365.73,0.3066018359391374
Lab,PRV037,Provider Group 37,Commercial,13,1278.56,1437.6,0.0,98.35076923076923,1019.67,5.897332221780427e-05,417.92999999999995,0.4098678984377298
Lab,PRV012,Provider Group 12,Commercial,13,1252.0,1395.95,0.0,96.3076923076923,1146.04,5.7748247572809214e-05,249.91000000000008,0.21806394192174802
Lab,PRV033,Provider Group 33,Commercial,18,1244.1100000000001,1658.41,0.1111111111111111,69.11722222222222,1210.06,5.7384322913584406e-05,448.35000000000014,0.3705188172487316
Pharmacy,PRV002,Provider Group 02,Exchange,9,1235.01,1801.12,0.2222222222222222,137.22333333333333,1567.06,5.696458724831877e-05,234.05999999999995,0.14936250047860322
Imaging,PRV013,Provider Group 13,Exchange,4,1219.92,1337.43,0.0,304.98,1191.38,5.6268564040751934e-05,146.04999999999995,0.12258893048397651
Imaging,PRV030,Provider Group 30,Managed Medicaid,5,1215.46,1990.71,0.4,243.092,2095.43,5.606284743997339e-05,-104.7199999999998,-0.0499754227056021
Pharmacy,PRV035,Provider Group 35,Managed Medicaid,8,1200.73,1318.17,0.0,150.09125,1669.15,5.538342915982365e-05,-350.98,-0.21027469071084084
Emergency,PRV017,Provider Group 17,Exchange,1,1195.6,1446.0,0.0,1195.6,934.23,5.514680894412994e-05,511.77,0.5477987219421341
Lab,PRV003,Provider Group 03,Commercial,17,1180.3300000000002,1337.71,0.0,69.43117647058824,1047.03,5.444248327285456e-05,290.68000000000006,0.27762337277823945
Pharmacy,PRV038,Provider Group 38,Exchange,8,1180.06,1370.97,0.0,147.5075,1159.03,5.443002957729172e-05,211.94000000000005,0.1828598051819194
Lab,PRV016,Provider Group 16,Commercial,10,1172.38,1315.74,0.0,117.23800000000001,1000.47,5.407579112572689e-05,315.27,0.31512189271042607
Imaging,PRV002,Provider Group 02,Managed Medicaid,4,1167.74,1393.38,0.0,291.935,1589.1799999999998,5.38617720612398e-05,-195.79999999999973,-0.12320819542153799
Pharmacy,PRV020,Provider Group 20,Exchange,5,1166.5,1235.84,0.0,233.3,997.94,5.380457731124756e-05,237.89999999999986,0.23839108563641084
Pharmacy,PRV009,Provider Group 09,Managed Medicaid,9,1165.23,1623.85,0.2222222222222222,129.47,1927.42,5.37459988173039e-05,-303.57000000000016,-0.15750070041817568
Lab,PRV018,Provider Group 18,Medicare Advantage,12,1164.48,1344.92,0.0,97.04,1226.53,5.371140521851827e-05,118.3900000000001,0.09652434102712538
Pharmacy,PRV003,Provider Group 03,Exchange,8,1153.84,1370.5,0.125,144.23,1116.6499999999999,5.322063736374615e-05,253.85000000000014,0.2273317512201676
Pharmacy,PRV029,Provider Group 29,Exchange,6,1147.38,1569.71,0.16666666666666666,191.23000000000002,1218.83,5.2922671166205945e-05,350.8800000000001,0.287882641549683
Pharmacy,PRV022,Provider Group 22,Exchange,7,1142.54,1301.61,0.0,163.22,1164.8,5.269942714204268e-05,136.80999999999995,0.11745364010989007
Pharmacy,PRV031,Provider Group 31,Managed Medicaid,10,1111.98,1271.84,0.0,111.19800000000001,1497.91,5.128985330352427e-05,-226.07000000000016,-0.15092362024420702
Lab,PRV001,Provider Group 01,Medicare Advantage,12,1110.62,1276.73,0.08333333333333333,92.55166666666666,1229.98,5.122712357772633e-05,46.75,0.03800874810972536
Pharmacy,PRV033,Provider Group 33,Managed Medicaid,15,1109.46,1626.45,0.2,73.964,1953.28,5.1173618811604564e-05,-326.8299999999999,-0.16732368119266053
Lab,PRV007,Provider Group 07,Commercial,10,1108.09,1261.3,0.0,110.809,954.24,5.111042783782281e-05,307.05999999999995,0.3217848759221998
Lab,PRV022,Provider Group 22,Commercial,11,1106.35,1526.72,0.18181818181818182,100.57727272727271,1281.06,5.103017068864015e-05,245.66000000000008,0.19176307120665706
Lab,PRV007,Provider Group 07,Medicare Advantage,12,1098.97,1284.03,0.08333333333333333,91.58083333333333,1359.78,5.068976967658957e-05,-75.75,-0.055707540925737986
Lab,PRV014,Provider Group 14,Commercial,12,1098.1200000000001,1231.71,0.0,91.51,937.95,5.065056359796586e-05,293.76,0.3131936670398209
Pharmacy,PRV030,Provider Group 30,Exchange,6,1091.28,1220.23,0.0,181.88,957.1800000000001,5.0335069977040924e-05,263.04999999999995,0.2748176936417392
Lab,PRV024,Provider Group 24,Medicare Advantage,13,1088.59,1257.3,0.0,83.7376923076923,1163.45,5.0210994269396465e-05,93.84999999999991,0.08066526279599459
Lab,PRV019,Provider Group 19,Commercial,16,1081.4,1420.52,0.125,67.5875,1072.29,4.987935696903825e-05,348.23,0.32475356480056705
Lab,PRV028,Provider Group 28,Commercial,15,1079.75,1213.09,0.0,71.98333333333333,930.05,4.980325105170986e-05,283.03999999999996,0.304327724315897
Pharmacy,PRV023,Provider Group 23,Exchange,5,1077.37,1210.05,0.0,215.474,892.37,4.969347403156346e-05,317.67999999999995,0.35599583132557117
Lab,PRV024,Provider Group 24,Commercial,10,1068.99,1214.54,0.0,106.899,913.68,4.9306948221132044e-05,300.86,0.32928377550126964
Imaging,PRV016,Provider Group 16,Exchange,2,1062.73,1265.6399999999999,0.0,531.365,1021.02,4.9018206983268e-05,244.6199999999999,0.2395839454662983
Lab,PRV026,Provider Group 26,Medicare Advantage,16,1059.67,1313.75,0.0625,66.229375,1245.32,4.887706510022264e-05,68.43000000000006,0.05494973179584369
Pharmacy,PRV032,Provider Group 32,Exchange,7,1055.8600000000001,1186.22,0.0,150.83714285714288,1054.77,4.870132961839165e-05,131.45000000000005,0.1246243256823763
Lab,PRV032,Provider Group 32,Medicare Advantage,13,1055.19,1217.08,0.0,81.16846153846154,1066.6399999999999,4.867042600347648e-05,150.44000000000005,0.14104102602565072
Lab,PRV027,Provider Group 27,Commercial,12,1047.42,1171.8,0.0,87.28500000000001,863.86,4.831203632005737e-05,307.93999999999994,0.3564697983469543
Pharmacy,PRV031,Provider Group 31,Exchange,5,1044.73,1583.29,0.2,208.946,1304.59,4.8187960612412916e-05,278.70000000000005,0.21363033596762207
Lab,PRV039,Provider Group 39,Medicare Advantage,10,1035.58,1284.97,0.1,103.55799999999999,1128.61,4.776591870722824e-05,156.36000000000013,0.13854210045985782
Lab,PRV011,Provider Group 11,Commercial,11,1020.4300000000001,1154.6299999999999,0.0,92.76636363636364,842.96,4.706712801175855e-05,311.66999999999985,0.3697328461611462
Lab,PRV027,Provider Group 27,Medicare Advantage,13,1009.75,1163.75,0.0,77.67307692307692,1119.07,4.65745151650512e-05,44.680000000000064,0.03992600999043855
Pharmacy,PRV013,Provider Group 13,Exchange,7,1003.2,1166.95,0.0,143.31428571428572,1003.54,4.627239773565671e-05,163.41000000000008,0.16283356916515543
Pharmacy,PRV021,Provider Group 21,Medicare Advantage,13,999.48,1293.04,0.15384615384615385,76.88307692307693,1275.24,4.610081348567999e-05,17.799999999999955,0.013958156895956803
Imaging,PRV015,Provider Group 15,Exchange,2,995.22,1114.6,0.0,497.61,953.5899999999999,4.590432184457763e-05,161.01,0.16884614981281265
Lab,PRV017,Provider Group 17,Medicare Advantage,9,995.17,1129.94,0.0,110.57444444444444,1086.83,4.590201560465858e-05,43.11000000000013,0.03966581710111069
Pharmacy,PRV003,Provider Group 03,Managed Medicaid,10,991.93,1097.34,0.0,99.193,1312.87,4.575257125790467e-05,-215.52999999999997,-0.16416705385910257
Imaging,PRV016,Provider Group 16,Managed Medicaid,5,989.3300000000002,2002.3000000000002,0.4,197.86600000000004,2292.55,4.563264678211449e-05,-290.25,-0.12660574469477218
Pharmacy,PRV030,Provider Group 30,Managed Medicaid,11,982.7,1249.01,0.09090909090909091,89.33636363636364,1330.3,4.532683936884953e-05,-81.28999999999996,-0.06110651732691871
Pharmacy,PRV005,Provider Group 05,Managed Medicaid,8,982.36,1130.92,0.0,122.795,1324.68,4.531115693740005e-05,-193.76,-0.14626928767702388
Lab,PRV009,Provider Group 09,Medicare Advantage,11,979.52,1083.61,0.0,89.04727272727273,1011.94,4.5180162509998464e-05,71.66999999999985,0.07082435717532644
Pharmacy,PRV013,Provider Group 13,Managed Medicaid,12,968.66,1103.48,0.0,80.72166666666666,1309.1399999999999,4.4679247199582564e-05,-205.65999999999985,-0.157095497807721
Lab,PRV010,Provider Group 10,Commercial,12,962.96,1104.6100000000001,0.0,80.24666666666667,816.75,4.441633584881179e-05,287.8600000000001,0.35244566880930533
Pharmacy,PRV028,Provider Group 28,Managed Medicaid,10,959.14,1066.71,0.0,95.914,1271.69,4.4240139118996986e-05,-204.98000000000002,-0.16118708175734653
Emergency,PRV004,Provider Group 04,Exchange,1,939.86,1164.37,0.0,939.86,1055.02,4.3350853006214433e-05,109.34999999999991,0.1036473242213417
Pharmacy,PRV016,Provider Group 16,Exchange,6,931.94,1138.54,0.16666666666666666,155.32333333333335,916.04,4.298554460303819e-05,222.5,0.24289332343565784
Lab,PRV021,Provider Group 21,Commercial,11,926.95,1103.3,0.09090909090909091,84.26818181818182,852.23,4.275538185911781e-05,251.06999999999994,0.2946035694589488
Pharmacy,PRV037,Provider Group 37,Managed Medicaid,8,913.15,1063.28,0.0,114.14375,1246.72,4.211885964146225e-05,-183.44000000000005,-0.14713809034907602
Pharmacy,PRV017,Provider Group 17,Exchange,4,912.18,1327.05,0.0,228.045,1007.7,4.207411858703283e-05,319.3499999999999,0.31690979458172064
Lab,PRV031,Provider Group 31,Medicare Advantage,15,891.88,1022.59,0.0,59.458666666666666,944.89,4.113778517990182e-05,77.70000000000005,0.08223179417710003
Lab,PRV031,Provider Group 31,Commercial,12,877.61,990.5600000000001,0.0,73.13416666666667,771.92,4.047958430700726e-05,218.6400000000001,0.28324178671364925
Lab,PRV018,Provider Group 18,Managed Medicaid,9,876.76,1007.77,0.0,97.41777777777777,1208.28,4.044037822838355e-05,-200.51,-0.16594663488595357
Pharmacy,PRV015,Provider Group 15,Managed Medicaid,7,875.65,1043.1599999999999,0.14285714285714285,125.09285714285714,1237.56,4.038917970218082e-05,-194.4000000000001,-0.1570832929312519
Lab,PRV025,Provider Group 25,Medicare Advantage,11,875.41,988.49,0.0,79.58272727272727,1032.05,4.037810975056942e-05,-43.559999999999945,-0.0422072574003197
Lab,PRV014,Provider Group 14,Medicare Advantage,14,845.73,1216.92,0.21428571428571427,60.409285714285716,1086.94,3.9009125734626146e-05,129.98000000000002,0.11958341766794857
Lab,PRV040,Provider Group 40,Medicare Advantage,11,830.98,945.11,0.0,75.54363636363637,880.04,3.8328784958508786e-05,65.07000000000005,0.0739398209172311
Pharmacy,PRV016,Provider Group 16,Managed Medicaid,9,816.23,1206.32,0.2222222222222222,90.69222222222223,1386.52,3.7648444182391426e-05,-180.20000000000005,-0.12996566944580681
Lab,PRV020,Provider Group 20,Medicare Advantage,8,801.16,899.45,0.0,100.145,770.8,3.6953343470792196e-05,128.6500000000001,0.16690451478982887
Emergency,PRV013,Provider Group 13,Exchange,1,794.54,928.08,0.0,794.54,775.32,3.6647997305511046e-05,152.76,0.19702832378888716
Lab,PRV040,Provider Group 40,Managed Medicaid,12,781.24,988.73,0.16666666666666666,65.10333333333334,1102.45,3.60345374870459e-05,-113.72000000000003,-0.10315207038867978
Lab,PRV005,Provider Group 05,Medicare Advantage,11,771.9399999999999,891.98,0.0,70.17636363636363,791.0,3.560557686210411e-05,100.98000000000002,0.127661188369153
Pharmacy,PRV019,Provider Group 19,Managed Medicaid,8,765.86,845.5799999999999,0.0,95.7325,991.86,3.532513808794861e-05,-146.2800000000001,-0.14748049119835469
Lab,PRV023,Provider Group 23,Medicare Advantage,13,761.76,866.58,0.0,58.596923076923076,805.6800000000001,3.5136026414587176e-05,60.89999999999998,0.07558832290735773
Lab,PRV016,Provider Group 16,Exchange,10,755.39,878.38,0.1,75.539,754.97,3.484221144890124e-05,123.40999999999997,0.16346344887876335
Lab,PRV015,Provider Group 15,Medicare Advantage,12,751.91,906.59,0.08333333333333333,62.659166666666664,830.04,3.4681697150535924e-05,76.55000000000007,0.09222447110982612
Imaging,PRV019,Provider Group 19,Exchange,2,744.0699999999999,794.03,0.0,372.03499999999997,755.15,3.432007873123015e-05,38.879999999999995,0.051486459643779375
Lab,PRV004,Provider Group 04,Managed Medicaid,9,729.34,816.25,0.0,81.03777777777778,980.65,3.364066045108041e-05,-164.39999999999998,-0.16764390965176157
Lab,PRV008,Provider Group 08,Medicare Advantage,12,727.06,863.1,0.08333333333333333,60.58833333333333,915.27,3.353549591077209e-05,-52.16999999999996,-0.0569995738962273
Lab,PRV006,Provider Group 06,Exchange,5,677.44,786.27,0.0,135.488,670.17,3.124678341511492e-05,116.10000000000002,0.17323962576659657
Lab,PRV003,Provider Group 03,Medicare Advantage,9,664.13,790.26,0.0,73.79222222222222,799.19,3.063286234866596e-05,-8.930000000000064,-0.01117381348615481
Lab,PRV030,Provider Group 30,Exchange,7,657.3399999999999,842.33,0.14285714285714285,93.90571428571427,797.72,3.0319674967660067e-05,44.610000000000014,0.0559218773504488
Lab,PRV034,Provider Group 34,Medicare Advantage,9,644.12,725.27,0.0,71.56888888888889,746.34,2.970990513306539e-05,-21.07000000000005,-0.028231101106734262
Imaging,PRV023,Provider Group 23,Exchange,1,628.83,648.77,0.0,628.83,513.08,2.900465696582238e-05,135.68999999999994,0.26446168238871115
Lab,PRV036,Provider Group 36,Medicare Advantage,11,621.48,841.88,0.09090909090909091,56.49818181818182,770.99,2.866563969772322e-05,70.88999999999999,0.09194671785626271
Pharmacy,PRV019,Provider Group 19,Exchange,5,616.77,706.3199999999999,0.0,123.354,572.28,2.844839189734947e-05,134.03999999999996,0.23422101069406578
Pharmacy,PRV006,Provider Group 06,Exchange,3,614.72,684.97,0.0,204.90666666666667,504.36,2.8353836060668753e-05,180.61,0.358097390752637
Imaging,PRV013,Provider Group 13,Managed Medicaid,2,613.48,735.9100000000001,0.0,306.74,765.6600000000001,2.8296641310676515e-05,-29.75,-0.03885536661181203
Lab,PRV013,Provider Group 13,Exchange,8,611.73,676.64,0.0,76.46625,556.49,2.8215922913510047e-05,120.14999999999998,0.21590684468723603
Imaging,PRV027,Provider Group 27,Managed Medicaid,3,608.45,1052.0,0.3333333333333333,202.8166666666667,1068.3400000000001,2.80646335748209e-05,-16.340000000000146,-0.015294756350974542
Lab,PRV028,Provider Group 28,Medicare Advantage,9,597.46,868.38,0.1111111111111111,66.38444444444445,770.31,2.755772204061549e-05,98.07000000000005,0.1273123807298361
Lab,PRV037,Provider Group 37,Medicare Advantage,6,587.1,649.65,0.0,97.85000000000001,634.73,2.707986912939001e-05,14.919999999999959,0.023506057693822507
Lab,PRV035,Provider Group 35,Medicare Advantage,6,582.79,671.14,0.0,97.13166666666666,601.91,2.6881071248368593e-05,69.23000000000002,0.11501719526175014
Pharmacy,PRV021,Provider Group 21,Managed Medicaid,9,576.53,854.85,0.2222222222222222,64.05888888888889,871.12,2.659233001050455e-05,-16.269999999999982,-0.01867710533565982
Imaging,PRV006,Provider Group 06,Exchange,2,558.35,659.37,0.0,279.175,665.83,2.5753781175940915e-05,-6.460000000000036,-0.009702176231170173
Lab,PRV030,Provider Group 30,Medicare Advantage,8,553.7,597.3199999999999,0.0,69.2125,520.42,2.553930086347002e-05,76.89999999999998,0.14776526651550667
Lab,PRV012,Provider Group 12,Medicare Advantage,8,546.63,596.05,0.0,68.32875,583.63,2.521319853891749e-05,12.419999999999959,0.021280605863303735
Imaging,PRV030,Provider Group 30,Exchange,2,546.5899999999999,590.11,0.0,273.29499999999996,495.11,2.5211353546982255e-05,95.0,0.19187655268526185
Lab,PRV017,Provider Group 17,Managed Medicaid,8,543.12,677.46,0.125,67.89,774.45,2.505130049660075e-05,-96.99000000000001,-0.1252372651559171
Lab,PRV032,Provider Group 32,Managed Medicaid,11,538.49,641.45,0.09090909090909091,48.95363636363636,782.08,2.483774268009747e-05,-140.63,-0.17981536415711946
Lab,PRV005,Provider Group 05,Exchange,5,535.73,620.16,0.0,107.146,496.42,2.471043823656636e-05,123.73999999999995,0.24926473550622447
Lab,PRV021,Provider Group 21,Managed Medicaid,11,534.47,613.44,0.0,48.58818181818182,728.89,2.46523209906065e-05,-115.44999999999993,-0.1583915268421846
Lab,PRV001,Provider Group 01,Managed Medicaid,7,534.13,586.89,0.0,76.30428571428571,658.71,2.4636638559157017e-05,-71.82000000000005,-0.10903128842738086
Lab,PRV011,Provider Group 11,Exchange,4,521.53,604.15,0.0,130.3825,604.98,2.4055466099558458e-05,-0.8300000000000409,-0.0013719461800390772
Lab,PRV007,Provider Group 07,Managed Medicaid,7,519.01,599.58,0.0,74.14428571428572,655.19,2.3939231607638744e-05,-55.610000000000014,-0.08487614279827227
Lab,PRV036,Provider Group 36,Managed Medicaid,7,509.56,574.22,0.0,72.79428571428572,682.03,2.3503352262939825e-05,-107.80999999999995,-0.15807222556192535
Lab,PRV029,Provider Group 29,Medicare Advantage,6,508.96999999999997,560.1,0.0,84.82833333333333,554.86,2.347613863189513e-05,5.240000000000009,0.00944382366723139
Lab,PRV002,Provider Group 02,Medicare Advantage,7,501.47,705.82,0.14285714285714285,71.63857142857144,748.17,2.3130202644038848e-05,-42.34999999999991,-0.056604782335565325
Lab,PRV038,Provider Group 38,Medicare Advantage,7,480.79999999999995,537.46,0.0,68.68571428571428,465.0,2.2176803061506924e-05,72.46000000000004,0.1558279569892474
Lab,PRV027,Provider Group 27,Managed Medicaid,9,475.81,554.53,0.0,52.867777777777775,634.24,2.1946640317586544e-05,-79.71000000000004,-0.12567797679112014
Lab,PRV009,Provider Group 09,Managed Medicaid,7,469.44,544.11,0.0,67.06285714285714,662.3199999999999,2.1652825351900606e-05,-118.20999999999992,-0.17847868100012068
Imaging,PRV017,Provider Group 17,Exchange,2,462.51,1552.15,0.5,231.255,1503.73,2.1333180499121397e-05,48.42000000000007,0.03219992950862194
Lab,PRV019,Provider Group 19,Managed Medicaid,11,451.99,549.0,0.09090909090909091,41.09,661.27,2.0847947620154982e-05,-112.26999999999998,-0.16977936395118481
Lab,PRV026,Provider Group 26,Managed Medicaid,7,444.07,627.19,0.14285714285714285,63.43857142857143,699.1,2.0482639216978744e-05,-71.90999999999997,-0.10286082105564293
Pharmacy,PRV021,Provider Group 21,Exchange,3,443.53,494.95,0.0,147.84333333333333,460.62,2.045773182585309e-05,34.329999999999984,0.07452998132951236
Lab,PRV022,Provider Group 22,Exchange,6,440.49,517.94,0.0,73.415,487.47,2.0317512438775345e-05,30.470000000000027,0.0625064106509119
Lab,PRV013,Provider Group 13,Medicare Advantage,9,421.63,469.45,0.0,46.84777777777778,455.69,1.9447598741312737e-05,13.759999999999991,0.03019596655621144
Lab,PRV019,Provider Group 19,Medicare Advantage,8,420.96999999999997,462.29,0.0,52.621249999999996,479.20000000000005,1.9417156374381384e-05,-16.910000000000025,-0.035287979966611066
Lab,PRV012,Provider Group 12,Exchange,4,418.11,467.08000000000004,0.0,104.5275,451.07,1.928523945101219e-05,16.010000000000048,0.03549338240184461
Lab,PRV021,Provider Group 21,Medicare Advantage,11,416.86,619.62,0.18181818181818182,37.89636363636364,576.4,1.922758345303614e-05,43.22000000000003,0.07498265093684946
Lab,PRV029,Provider Group 29,Managed Medicaid,5,416.83,481.74,0.0,83.366,583.98,1.9226199709084714e-05,-102.24000000000001,-0.17507448885235796
Lab,PRV010,Provider Group 10,Exchange,5,412.12,466.29,0.0,82.424,383.29999999999995,1.900895190871097e-05,82.99000000000007,0.21651447951995845
Lab,PRV016,Provider Group 16,Medicare Advantage,8,405.89,540.68,0.125,50.73625,498.89,1.8721594414798347e-05,41.789999999999964,0.08376596043215932
Lab,PRV037,Provider Group 37,Managed Medicaid,8,401.47,502.82,0.125,50.18375,574.41,1.8517722805955045e-05,-71.58999999999997,-0.12463223133301993
Imaging,PRV037,Provider Group 37,Exchange,1,392.29,440.57,0.0,392.29,359.93,1.809429715681895e-05,80.63999999999999,0.2240435640263384
Lab,PRV033,Provider Group 33,Exchange,6,386.99,449.54,0.0,64.49833333333333,411.35,1.784983572540051e-05,38.19,0.0928406466512702
Lab,PRV034,Provider Group 34,Exchange,4,383.4,438.52,0.0,95.85,376.88,1.76842476992133e-05,61.639999999999986,0.16355338569305877
Lab,PRV037,Provider Group 37,Exchange,3,378.18,455.91,0.0,126.06,309.26,1.7443476251665328e-05,146.65000000000003,0.47419646899049356
Lab,PRV006,Provider Group 06,Managed Medicaid,7,376.56,433.35,0.0,53.794285714285714,495.7,1.7368754078288368e-05,-62.349999999999966,-0.1257817228162194
Lab,PRV011,Provider Group 11,Medicare Advantage,5,370.8,403.28,0.0,74.16,384.76,1.7103075239614742e-05,18.519999999999982,0.048133901652978435
Lab,PRV021,Provider Group 21,Exchange,5,358.96,419.6,0.0,71.792,346.29999999999995,1.6556957626785617e-05,73.30000000000007,0.2116661853883918
Lab,PRV008,Provider Group 08,Managed Medicaid,3,358.74,388.9,0.0,119.58,387.48,1.6546810171141834e-05,1.419999999999959,0.0036647052751108676
Lab,PRV024,Provider Group 24,Exchange,4,347.96,391.73,0.0,86.99,334.25,1.60495848445964e-05,57.48000000000002,0.17196709050112197
Lab,PRV028,Provider Group 28,Managed Medicaid,6,347.88,391.84,0.0,57.98,391.79,1.6045894860725935e-05,0.049999999999954525,0.00012761938793729938
Lab,PRV014,Provider Group 14,Managed Medicaid,6,335.84,375.46,0.0,55.97333333333333,448.90999999999997,1.5490552288220642e-05,-73.44999999999999,-0.1636185426922991
Lab,PRV008,Provider Group 08,Exchange,4,335.03,397.23,0.0,83.7575,334.71,1.5453191201532162e-05,62.52000000000004,0.18678856323384435
Lab,PRV040,Provider Group 40,Exchange,4,331.9,364.84000000000003,0.0,82.975,305.89,1.530882058260014e-05,58.950000000000045,0.19271633593775556
Lab,PRV023,Provider Group 23,Exchange,3,328.59,376.76,0.0,109.52999999999999,340.59,1.5156147499959566e-05,36.170000000000016,0.10619806805836936
Lab,PRV015,Provider Group 15,Exchange,3,328.28999999999996,360.97,0.0,109.42999999999999,271.3,1.5142310060445314e-05,89.67000000000002,0.3305197198673056
Lab,PRV031,Provider Group 31,Managed Medicaid,6,325.68,385.09000000000003,0.0,54.28,402.88,1.5021924336671329e-05,-17.789999999999964,-0.044157069102462185
Lab,PRV018,Provider Group 18,Exchange,3,324.90999999999997,370.35,0.0,108.30333333333333,331.65,1.4986408241918083e-05,38.700000000000045,0.1166892808683855
Lab,PRV025,Provider Group 25,Exchange,3,324.71,372.79999999999995,0.0,108.23666666666666,264.68,1.4977183282241915e-05,108.11999999999995,0.4084932748979898
Pharmacy,PRV008,Provider Group 08,Exchange,2,319.86,365.32,0.0,159.93,252.17000000000002,1.4753478010094852e-05,113.14999999999998,0.4487052385295633
Lab,PRV039,Provider Group 39,Exchange,4,319.05,356.7,0.0,79.7625,326.86,1.4716116923406374e-05,29.839999999999975,0.0912929082787737
Lab,PRV025,Provider Group 25,Managed Medicaid,6,314.78,418.20000000000005,0.16666666666666666,52.46333333333333,497.95,1.4519164034320194e-05,-79.74999999999994,-0.16015664223315582
Lab,PRV016,Provider Group 16,Managed Medicaid,7,311.96000000000004,430.81,0.14285714285714285,44.56571428571429,510.5,1.4389092102886233e-05,-79.69,-0.156101860920666
Lab,PRV013,Provider Group 13,Managed Medicaid,7,308.57,366.94,0.0,44.08142857142857,427.86,1.423272903637519e-05,-60.920000000000016,-0.14238302248399012
Lab,PRV010,Provider Group 10,Medicare Advantage,7,308.38,430.81,0.14285714285714285,44.05428571428571,399.94,1.4223965324682832e-05,30.870000000000005,0.07718657798669802
Pharmacy,PRV012,Provider Group 12,Exchange,2,302.71999999999997,338.77,0.0,151.35999999999999,220.89,1.3962898965847286e-05,117.88,0.5336592874281316
Lab,PRV039,Provider Group 39,Managed Medicaid,6,297.21000000000004,499.02,0.16666666666666666,49.535000000000004,584.65,1.3708751326768873e-05,-85.63,-0.1464636962285128
Lab,PRV020,Provider Group 20,Managed Medicaid,6,294.95000000000005,431.83000000000004,0.16666666666666666,49.15833333333334,502.78000000000003,1.3604509282428179e-05,-70.94999999999999,-0.1411153983849795
Lab,PRV020,Provider Group 20,Exchange,3,287.84,313.34,0.0,95.94666666666666,317.03999999999996,1.3276561965940418e-05,-3.6999999999999886,-0.011670451678021667
Lab,PRV004,Provider Group 04,Medicare Advantage,3,284.15,392.27,0.3333333333333333,94.71666666666665,367.63,1.3106361459915125e-05,24.639999999999986,0.06702390990941975
Lab,PRV011,Provider Group 11,Managed Medicaid,5,281.21999999999997,331.26,0.0,56.24399999999999,413.32,1.2971215800659269e-05,-82.06,-0.19853866253750121
Lab,PRV003,Provider Group 03,Managed Medicaid,5,274.90999999999997,315.11,0.0,54.98199999999999,368.04,1.2680168322876181e-05,-52.93000000000001,-0.14381588957721989
Lab,PRV038,Provider Group 38,Managed Medicaid,5,273.28,305.58,0.0,54.65599999999999,411.32,1.2604984901515416e-05,-105.74000000000001,-0.2570747836234562
Lab,PRV006,Provider Group 06,Medicare Advantage,5,271.13,322.09000000000003,0.0,54.226,304.29,1.2505816584996615e-05,17.80000000000001,0.05849682868316412
Lab,PRV027,Provider Group 27,Exchange,3,268.72,302.02,0.0,89.57333333333334,285.87,1.2394655820898796e-05,16.149999999999977,0.05649421065519284
Lab,PRV029,Provider Group 29,Exchange,4,261.77,314.28000000000003,0.0,65.4425,333.18,1.207408847215197e-05,-18.899999999999977,-0.05672609400324142
Lab,PRV030,Provider Group 30,Managed Medicaid,3,261.2,288.58,0.0,87.06666666666666,332.86,1.2047797337074893e-05,-44.28000000000003,-0.13302890103947615
Lab,PRV001,Provider Group 01,Exchange,2,258.83000000000004,298.91999999999996,0.0,129.41500000000002,307.03999999999996,1.193848156491231e-05,-8.120000000000005,-0.026446065659197517
Lab,PRV009,Provider Group 09,Exchange,3,258.17,299.34999999999997,0.0,86.05666666666667,223.48,1.1908039197980955e-05,75.86999999999998,0.3394934669769106
Lab,PRV007,Provider Group 07,Exchange,1,247.6,290.89,0.0,247.6,260.91,1.1420500079095496e-05,29.97999999999996,0.11490552297727169
Lab,PRV034,Provider Group 34,Managed Medicaid,6,237.66,328.45,0.16666666666666666,39.61,381.94,1.0962019583189966e-05,-53.49000000000001,-0.14004817510603762
Lab,PRV004,Provider Group 04,Exchange,3,233.85,503.32,0.3333333333333333,77.95,496.52,1.0786284101358973e-05,6.800000000000011,0.013695319423185394
Lab,PRV017,Provider Group 17,Exchange,2,221.47,246.25,0.0,110.735,192.60000000000002,1.0215259097404198e-05,53.64999999999998,0.2785565939771546
Lab,PRV031,Provider Group 31,Exchange,3,220.86,251.42,0.0,73.62,210.82999999999998,1.0187122970391888e-05,40.59,0.19252478300052178
Lab,PRV002,Provider Group 02,Managed Medicaid,4,219.10999999999999,236.34,0.0,54.777499999999996,280.17,1.010640457322542e-05,-43.83000000000001,-0.1564407324124639
Lab,PRV014,Provider Group 14,Exchange,2,208.94,240.05,0.0,104.47,209.13,9.637315373692298e-06,30.920000000000016,0.1478506192320567
Lab,PRV033,Provider Group 33,Medicare Advantage,3,194.58,216.41000000000003,0.0,64.86,194.74,8.974963268943464e-06,21.670000000000016,0.1112765738933964
Lab,PRV022,Provider Group 22,Managed Medicaid,4,190.34,326.45000000000005,0.25,47.585,432.77,8.77939412380871e-06,-106.31999999999994,-0.2456732213415901
Lab,PRV005,Provider Group 05,Managed Medicaid,4,184.6,203.82,0.0,46.15,230.06,8.5146377811027e-06,-26.24000000000001,-0.11405720246892119
Lab,PRV015,Provider Group 15,Managed Medicaid,4,176.81,233.14999999999998,0.25,44.2025,272.5,8.155325601715971e-06,-39.35000000000002,-0.14440366972477073
Lab,PRV033,Provider Group 33,Managed Medicaid,5,174.36,224.49,0.2,34.872,264.79,8.042319845682919e-06,-40.30000000000001,-0.15219607991238343
Lab,PRV024,Provider Group 24,Managed Medicaid,3,171.51,188.27,0.0,57.169999999999995,170.73,7.91086417029753e-06,17.54000000000002,0.10273531306741651
Lab,PRV002,Provider Group 02,Exchange,1,156.37,163.24,0.0,156.37,135.96,7.2125347228116426e-06,27.28,0.20064724919093851
Lab,PRV012,Provider Group 12,Managed Medicaid,5,153.98,289.65,0.4,30.796,373.59999999999997,7.1022964546814395e-06,-83.94999999999999,-0.22470556745182013
Lab,PRV003,Provider Group 03,Exchange,3,150.45,169.93,0.0,50.15,161.1,6.939475916397081e-06,8.830000000000013,0.05481067659838618
Lab,PRV023,Provider Group 23,Managed Medicaid,3,127.0,147.85999999999999,0.0,42.333333333333336,147.55,5.857849394366429e-06,0.30999999999997385,0.0021009827177226287
Lab,PRV019,Provider Group 19,Exchange,3,107.92999999999999,125.83,0.0,35.97666666666667,119.06,4.978249489243848e-06,6.769999999999996,0.05686208634302029
Lab,PRV026,Provider Group 26,Exchange,1,103.24,125.98,0.0,103.24,107.87,4.761924184837718e-06,18.11,0.16788727171595438
Lab,PRV028,Provider Group 28,Exchange,1,97.67,102.51,0.0,97.67,88.48,4.5050090578564505e-06,14.030000000000001,0.15856690777576854
Lab,PRV022,Provider Group 22,Medicare Advantage,2,85.33,102.37,0.0,42.665,90.5,3.935829045836909e-06,11.870000000000005,0.1311602209944752
Lab,PRV035,Provider Group 35,Managed Medicaid,2,72.87,81.53,0.0,36.435,101.28,3.3611140580116673e-06,-19.75,-0.1950039494470774
Lab,PRV010,Provider Group 10,Managed Medicaid,2,67.47,80.41,0.0,33.735,105.37,3.112040146755142e-06,-24.960000000000008,-0.23687956723925221
Lab,PRV036,Provider Group 36,Exchange,1,42.76,52.39,0.0,42.76,40.61,1.972296378764634e-06,11.780000000000001,0.29007633587786263
