provider_id,provider_name,service_category,region,payer,total_claims,total_billed,total_allowed,total_paid,medicare_benchmark_total,paid_to_billed_rate,allowed_to_billed_rate,benchmark_variance_amount,benchmark_variance_pct,benchmark_flag
PRV004,Provider Group 04,Inpatient,South,Commercial,38,705024.95,505552.9,434281.25,373313.88,0.6159799734746977,0.7170709348654967,132239.02000000002,0.3542301186336817,Above benchmark
PRV010,Provider Group 10,Inpatient,Midwest,Commercial,28,313141.9,226315.1,192742.82,161483.39,0.6155127116492555,0.7227237875225256,64831.70999999999,0.4014760279679538,Above benchmark
PRV017,Provider Group 17,Inpatient,South,Commercial,17,263274.5,192917.88,156379.35,135746.12,0.5939783381983443,0.7327632566010002,57171.76000000001,0.42116680756694935,Above benchmark
PRV036,Provider Group 36,Inpatient,Northeast,Commercial,23,286128.93,209281.47,169468.5,152268.59,0.5922802003977717,0.7314236627523124,57012.880000000005,0.37442311641553916,Above benchmark
PRV001,Provider Group 01,Inpatient,South,Commercial,26,315758.71,223970.04,170230.7,167596.37,0.5391164031548014,0.709307559560273,56373.67000000001,0.3363656981353475,Above benchmark
PRV011,Provider Group 11,Inpatient,Midwest,Commercial,28,311980.61,224822.62,197625.79,168913.49,0.6334553612161987,0.7206301058261281,55909.130000000005,0.33099268744018023,Above benchmark
PRV009,Provider Group 09,Inpatient,Northeast,Commercial,26,306830.7,221576.39,198652.13,165904.57,0.6474323788330176,0.7221454372069027,55671.82000000001,0.33556531926757655,Above benchmark
PRV024,Provider Group 24,Inpatient,West,Commercial,22,296592.38,220130.03,192494.94999999998,164827.08,0.64902190002319,0.7421971865898914,55302.95000000001,0.33552101996832084,Above benchmark
PRV034,Provider Group 34,Inpatient,Midwest,Commercial,30,332390.15,237606.49,185616.07,182666.53,0.5584283108269003,0.7148421516100882,54939.95999999999,0.3007664294055402,Above benchmark
PRV025,Provider Group 25,Inpatient,South,Commercial,25,286178.55,201278.8,178301.99,147588.33,0.6230445643113364,0.7033329367277876,53690.47,0.3637853345179799,Above benchmark
PRV002,Provider Group 02,Inpatient,Midwest,Commercial,21,254140.06,182646.93,160453.22,131428.28,0.6313574491168374,0.7186861056064912,51218.649999999994,0.3897079837003116,Above benchmark
PRV038,Provider Group 38,Inpatient,South,Commercial,29,291050.53,212119.53,182129.65,161892.51,0.6257664261941044,0.7288065409123288,50227.01999999999,0.31024918941586604,Above benchmark
PRV006,Provider Group 06,Inpatient,West,Commercial,21,263282.65,189742.26,148481.54,140594.88,0.5639624943003271,0.7206789357369352,49147.380000000005,0.34956735266604305,Above benchmark
PRV026,Provider Group 26,Inpatient,Northeast,Commercial,26,254860.79,185778.24,155215.42,137134.46,0.609020398940143,0.7289400617490042,48643.78,0.354715948128574,Above benchmark
PRV029,Provider Group 29,Inpatient,Northeast,Commercial,27,327024.18,218577.13,186142.4,170381.3,0.5692007239342363,0.6683821667254085,48195.830000000016,0.2828704206388848,Above benchmark
PRV040,Provider Group 40,Inpatient,South,Commercial,27,253059.69,175083.83,151004.23,129130.02,0.5967138820094184,0.6918677170591649,45953.80999999998,0.35587239899753736,Above benchmark
PRV039,Provider Group 39,Inpatient,Northeast,Commercial,23,282966.5,203506.22,161640.01,157806.78,0.5712337326149916,0.7191883844907436,45699.44,0.2895911062883357,Above benchmark
PRV012,Provider Group 12,Inpatient,West,Commercial,29,312791.69,219130.44,193460.98,174128.51,0.6184978251819926,0.7005634964279263,45001.92999999999,0.2584409066614077,Above benchmark
PRV004,Provider Group 04,Outpatient,South,Commercial,51,244468.15,133211.51,110036.54,88387.31,0.45010583178217695,0.5449033340334928,44824.20000000001,0.5071338860748225,Above benchmark
PRV016,Provider Group 16,Inpatient,Northeast,Commercial,26,246032.57,180876.16999999998,142145.34,136124.99,0.5777500921930783,0.7351716482090155,44751.17999999999,0.3287506577594606,Above benchmark
PRV019,Provider Group 19,Inpatient,West,Commercial,24,239701.53,168946.22,144669.48,124860.34,0.6035400775289169,0.7048191140039866,44085.880000000005,0.35308153093288075,Above benchmark
PRV005,Provider Group 05,Inpatient,Northeast,Commercial,26,274257.75,193592.06,167172.38,150775.41,0.6095447804118571,0.7058763517165878,42816.649999999994,0.28397634601026783,Above benchmark
PRV035,Provider Group 35,Inpatient,South,Commercial,16,212837.71,155477.97,100760.64,112967.59,0.47341535482598457,0.7305001073353026,42510.380000000005,0.3763059829814906,Above benchmark
PRV030,Provider Group 30,Inpatient,South,Commercial,21,209379.65,151744.79,126531.89,109722.38,0.6043179936541111,0.7247351402106175,42022.41,0.3829885024367864,Above benchmark
PRV003,Provider Group 03,Inpatient,West,Commercial,25,224525.73,156249.01,133957.02,114373.65,0.5966221332405867,0.6959069234514904,41875.360000000015,0.3661276876273514,Above benchmark
PRV021,Provider Group 21,Inpatient,South,Commercial,31,217316.82,157611.34,133381.13,115764.66,0.6137634905572427,0.7252606586089378,41846.67999999999,0.361480610749429,Above benchmark
PRV018,Provider Group 18,Inpatient,Northeast,Commercial,22,287210.65,198574.95,168763.9,157590.35,0.5875962468661938,0.6913913185322341,40984.600000000006,0.2600704928950282,Above benchmark
PRV014,Provider Group 14,Inpatient,West,Commercial,22,202426.27,143555.3,127093.57,104661.26,0.6278511677362825,0.7091732708407856,38894.03999999999,0.37161830461433387,Above benchmark
PRV037,Provider Group 37,Inpatient,Northeast,Commercial,23,201305.15,142769.59,121539.61,103926.68000000001,0.6037580757372576,0.7092197591566832,38842.90999999999,0.3737530151064191,Above benchmark
PRV032,Provider Group 32,Inpatient,West,Commercial,24,212398.04,151669.44,124450.70999999999,114188.34,0.5859315368446902,0.7140811657207383,37481.100000000006,0.3282392930836897,Above benchmark
PRV020,Provider Group 20,Inpatient,South,Commercial,23,287412.74,203291.88999999998,174732.86,166403.82,0.6079509906206663,0.7073169059937983,36888.06999999998,0.22167802397805517,Above benchmark
PRV031,Provider Group 31,Inpatient,South,Commercial,28,234050.22,167256.9,133992.9,130900.54,0.572496364241828,0.714619708539475,36356.36,0.27774033628891065,Above benchmark
PRV013,Provider Group 13,Inpatient,South,Commercial,27,223140.61,152253.4,130878.04,116437.66,0.586527212594785,0.6823204435983212,35815.73999999999,0.30759584141419527,Above benchmark
PRV022,Provider Group 22,Inpatient,Midwest,Commercial,15,165865.15,117982.56,100251.29000000001,83963.6,0.6044144294325843,0.7113161504993665,34018.95999999999,0.405163189763183,Above benchmark
PRV007,Provider Group 07,Inpatient,South,Commercial,16,184899.56,131235.84,113569.48999999999,98416.08,0.6142226082095598,0.709768265538328,32819.759999999995,0.33347965088631853,Above benchmark
PRV015,Provider Group 15,Inpatient,Midwest,Commercial,18,189649.71,137201.93,117356.65000000001,104454.58,0.6188074318700515,0.7234491948339916,32747.34999999999,0.31350803382675985,Above benchmark
PRV033,Provider Group 33,Inpatient,Midwest,Commercial,22,213893.31,150080.27,125070.78,118008.20999999999,0.5847344173597575,0.7016594862176848,32072.059999999998,0.2717782093296729,Above benchmark
PRV027,Provider Group 27,Inpatient,South,Commercial,19,182599.74,128538.0,110546.96,96868.39,0.6054059003588943,0.7039330943187543,31669.61,0.32693441069888746,Above benchmark
PRV023,Provider Group 23,Inpatient,West,Commercial,11,113405.52,81521.92,67192.8,50967.31,0.5925002592466398,0.7188531916259455,30554.61,0.5994942640684784,Above benchmark
PRV038,Provider Group 38,Outpatient,South,Commercial,62,139118.48,101179.24,82345.37,74137.21,0.591908206587651,0.7272882797454371,27042.03,0.36475651025982764,Above benchmark
PRV008,Provider Group 08,Inpatient,South,Commercial,12,134841.33,99632.15,89509.95999999999,73170.25,0.663816946925694,0.7388843613452938,26461.899999999994,0.3616483475182877,Above benchmark
PRV028,Provider Group 28,Inpatient,Northeast,Commercial,15,139859.96,100442.75,89533.95999999999,75849.36,0.6401686372568675,0.7181665860622297,24593.39,0.3242399144831281,Above benchmark
PRV023,Provider Group 23,Outpatient,West,Commercial,61,126676.94,92910.2,74984.91,68921.9,0.5919381222817666,0.7334420929334099,23988.300000000003,0.3480504745226119,Above benchmark
PRV020,Provider Group 20,Outpatient,South,Commercial,53,127981.47,93610.53,81679.42,70015.83,0.6382128600335658,0.7314381527263283,23594.699999999997,0.33699093476432396,Above benchmark
PRV017,Provider Group 17,Outpatient,South,Commercial,51,150063.55,107547.56999999999,81973.28,84313.08,0.5462571024076134,0.7166801665027916,23234.48999999999,0.2755739678825633,Above benchmark
PRV029,Provider Group 29,Outpatient,Northeast,Commercial,62,153679.59,106186.73,90985.89,83102.52,0.5920492760294325,0.6909618251844634,23084.209999999992,0.27777990366597777,Above benchmark
PRV011,Provider Group 11,Outpatient,Midwest,Commercial,57,129331.33,92085.07,80144.21,69395.54,0.6196813254762014,0.712008992716614,22689.530000000013,0.326959484716165,Above benchmark
PRV029,Provider Group 29,Inpatient,Northeast,Medicare Advantage,12,167764.65,101232.59,90214.42,78648.88,0.5377439168501826,0.6034202676189531,22583.709999999992,0.2871459835155948,Above benchmark
PRV012,Provider Group 12,Inpatient,West,Medicare Advantage,12,233866.47,134913.75,117934.31999999999,112382.58,0.5042805837023152,0.576883680674703,22531.17,0.20048632092269103,Above benchmark
PRV018,Provider Group 18,Outpatient,Northeast,Commercial,50,129180.56999999999,93199.90000000001,80593.23,70798.08,0.6238804334119288,0.7214699548082193,22401.820000000007,0.3164184678454558,Above benchmark
PRV014,Provider Group 14,Outpatient,West,Commercial,52,113718.73,84154.82,72544.23,63463.65,0.6379268393166192,0.7400260273747342,20691.170000000006,0.3260318308196898,Above benchmark
PRV025,Provider Group 25,Outpatient,South,Commercial,46,117685.59999999999,82642.01,71691.78,62393.86,0.6091805624477421,0.7022270354231954,20248.149999999994,0.32452151541834395,Above benchmark
PRV006,Provider Group 06,Outpatient,West,Commercial,52,108693.69,79510.92,69117.76,59876.11,0.6358948711742144,0.7315136692847579,19634.809999999998,0.3279239416187858,Above benchmark
PRV024,Provider Group 24,Outpatient,West,Commercial,51,112093.16,80717.07,68835.56,61316.9,0.6140924209826897,0.7200891651194418,19400.170000000006,0.3163918919580084,Above benchmark
PRV028,Provider Group 28,Outpatient,Northeast,Commercial,54,120688.56,86872.84,72525.92,67651.09,0.6009345044799607,0.7198100631907448,19221.75,0.2841306769780058,Above benchmark
PRV007,Provider Group 07,Outpatient,South,Commercial,46,110209.12,81524.06999999999,70336.29,62318.84,0.6382075276528839,0.7397216310229134,19205.229999999996,0.3081769493783902,Above benchmark
PRV040,Provider Group 40,Outpatient,South,Commercial,52,103439.34,75135.31,63875.3,56123.53,0.6175145742422564,0.7263707405712372,19011.78,0.33874882780894217,Above benchmark
PRV012,Provider Group 12,Outpatient,West,Commercial,54,117429.63,86012.62,65545.67,67041.89,0.5581697736763711,0.7324609640684382,18970.729999999996,0.28296830533864714,Above benchmark
PRV008,Provider Group 08,Outpatient,South,Commercial,52,108766.5,78553.48,63103.34,59834.43,0.5801725715178846,0.7222212721747965,18719.049999999996,0.31284746925808427,Above benchmark
PRV002,Provider Group 02,Outpatient,Midwest,Commercial,49,108196.75,78465.63,67872.36,59802.07,0.6273049791236798,0.7252124486179113,18663.560000000005,0.3120888624758308,Above benchmark
PRV001,Provider Group 01,Outpatient,South,Commercial,53,119150.41,84864.86,73786.42,66355.23,0.6192712219790095,0.7122498361524732,18509.630000000005,0.27894756750899674,Above benchmark
PRV010,Provider Group 10,Outpatient,Midwest,Commercial,47,112197.44,81325.34,71957.23,63473.68,0.6413446688266684,0.7248413154524738,17851.659999999996,0.2812450766995075,Above benchmark
PRV022,Provider Group 22,Outpatient,Midwest,Commercial,51,93592.95,67269.07,58242.89,49801.77,0.6222999702434853,0.7187407812233721,17467.30000000001,0.35073653004702465,Above benchmark
PRV021,Provider Group 21,Outpatient,South,Commercial,61,93104.5,67642.52,57634.89,50905.24,0.6190344183149042,0.7265225633562288,16737.280000000006,0.3287928708321581,Above benchmark
PRV003,Provider Group 03,Outpatient,West,Commercial,48,99243.29,71404.56999999999,58983.5,55116.87,0.5943323724959139,0.7194901539439089,16287.69999999999,0.2955120637293081,Above benchmark
PRV034,Provider Group 34,Outpatient,Midwest,Commercial,51,99410.29,72570.62,56782.08,56338.38,0.5711891595930362,0.7300111487452657,16232.239999999998,0.28812046068772296,Above benchmark
PRV033,Provider Group 33,Outpatient,Midwest,Commercial,52,91210.84,64431.22,55646.02,48337.49,0.6100812140311392,0.7063987131354125,16093.730000000003,0.33294509086011714,Above benchmark
PRV030,Provider Group 30,Outpatient,South,Commercial,57,108518.04,77445.49,61905.61,61517.18,0.5704637680518373,0.7136646588898953,15928.310000000005,0.2589245800929107,Above benchmark
PRV015,Provider Group 15,Outpatient,Midwest,Commercial,50,92855.4,66599.13,57036.78,50881.43,0.6142537752247043,0.7172348619466397,15717.700000000004,0.3089083777716154,Above benchmark
PRV027,Provider Group 27,Outpatient,South,Commercial,55,104673.04,75241.17,63037.59,59535.06,0.602233297131716,0.7188209112871854,15706.11,0.2638127852730811,Above benchmark
PRV032,Provider Group 32,Outpatient,West,Commercial,55,88532.53,64494.21,53724.14,48875.24,0.6068293767274018,0.7284803676117694,15618.970000000001,0.31956814943517414,Above benchmark
PRV037,Provider Group 37,Outpatient,Northeast,Commercial,45,93135.17,67543.7,56726.0,51969.0,0.6090717394943285,0.7252222763967683,15574.699999999997,0.2996921241509361,Above benchmark
PRV039,Provider Group 39,Inpatient,Northeast,Medicare Advantage,16,228900.65,134637.36,111869.05,119086.88,0.48872316439468394,0.5881912524057926,15550.479999999981,0.13058096744158534,In range
PRV036,Provider Group 36,Outpatient,Northeast,Commercial,44,106661.87,76283.5,66610.8,60992.19,0.6245043331792327,0.7151899736991298,15291.309999999998,0.25070931212668374,Above benchmark
PRV035,Provider Group 35,Outpatient,South,Commercial,44,93695.33,66954.07,57208.56,51678.76,0.6105806980988273,0.714593459460573,15275.310000000005,0.29558197603812486,Above benchmark
PRV016,Provider Group 16,Emergency,Northeast,Commercial,25,60105.82,44278.07,35186.14,29048.77,0.5854032105376817,0.7366685954870926,15229.3,0.5242666040593112,Above benchmark
PRV005,Provider Group 05,Outpatient,Northeast,Commercial,39,86403.26,62603.43,51873.67,47549.909999999996,0.6003670463359831,0.724549397788926,15053.520000000004,0.3165835645114787,Above benchmark
PRV034,Provider Group 34,Inpatient,Midwest,Exchange,7,125960.43,77140.92,64656.11,62477.3,0.5133049323505803,0.6124218534344477,14663.619999999995,0.23470316418923345,Above benchmark
PRV009,Provider Group 09,Outpatient,Northeast,Commercial,42,96050.28,69013.98,61231.53,54486.12,0.6374945497295791,0.7185193005163545,14527.859999999993,0.2666341446225202,Above benchmark
PRV017,Provider Group 17,Inpatient,South,Medicare Advantage,16,233561.58000000002,134556.18,113271.77,120132.38,0.484976039295504,0.5761057961673319,14423.799999999988,0.12006588065598957,In range
PRV039,Provider Group 39,Outpatient,Northeast,Commercial,49,101417.11,71104.62,60526.71,56850.83,0.5968096507581413,0.7011106902967359,14253.789999999994,0.2507226367671324,Above benchmark
PRV026,Provider Group 26,Outpatient,Northeast,Commercial,44,98916.88,69848.45,61982.12,55674.520000000004,0.6266081178460138,0.7061327652065046,14173.929999999993,0.2545855806210811,Above benchmark
PRV009,Provider Group 09,Emergency,Northeast,Commercial,33,86398.45,61927.4,53925.88,47929.13,0.6241533268247289,0.7167651734492922,13998.270000000004,0.2920618421406774,Above benchmark
PRV013,Provider Group 13,Outpatient,South,Commercial,48,71516.83,52369.58,45002.98,38844.31,0.6292641885833027,0.7322693133909879,13525.270000000004,0.34819179437091313,Above benchmark
PRV012,Provider Group 12,Emergency,West,Commercial,25,66299.86,47329.58,35848.99,33808.38,0.540709889885137,0.7138714923379929,13521.200000000004,0.3999363471423359,Above benchmark
PRV016,Provider Group 16,Outpatient,Northeast,Commercial,39,72281.51,52058.77,45487.39,39478.76,0.6293087955688806,0.7202225022692526,12580.009999999995,0.31865261218944047,Above benchmark
PRV007,Provider Group 07,Emergency,South,Commercial,24,72932.24,52100.98,43269.87,39917.05,0.5932886471058615,0.7143751515104979,12183.93,0.30523122324921304,Above benchmark
PRV026,Provider Group 26,Emergency,Northeast,Commercial,25,69891.63,49098.71,42044.1,36947.8,0.6015613028341161,0.7024977096685253,12150.909999999996,0.32886694201007893,Above benchmark
PRV031,Provider Group 31,Outpatient,South,Commercial,50,77532.12,55386.7,47218.89,43289.03,0.6090235891911636,0.7143710245508571,12097.669999999998,0.2794627183838492,Above benchmark
PRV039,Provider Group 39,Emergency,Northeast,Commercial,23,62555.38,44939.48,37538.81,32866.97,0.6000892329324832,0.718395124448129,12072.510000000002,0.3673143584577465,Above benchmark
PRV029,Provider Group 29,Emergency,Northeast,Commercial,29,81715.41,55069.95,46700.27,43153.9,0.5714989375932886,0.6739236822038829,11916.049999999996,0.2761291563450811,Above benchmark
PRV025,Provider Group 25,Emergency,South,Commercial,29,82960.24,60515.74,49107.62,48748.7,0.5919416337271927,0.7294547363893835,11767.04,0.24138161633028166,Above benchmark
PRV010,Provider Group 10,Inpatient,Midwest,Exchange,9,117796.45000000001,71318.15000000001,60767.01,59728.86,0.5158645273265875,0.6054354778942829,11589.290000000008,0.19403166241579042,In range
PRV009,Provider Group 09,Inpatient,Northeast,Exchange,9,103953.07,64311.81,48132.37,52787.520000000004,0.4630201878597717,0.6186619596708398,11524.289999999994,0.21831466983105083,Above benchmark
PRV019,Provider Group 19,Outpatient,West,Commercial,42,74013.12,52828.99,45864.12,41360.55,0.6196755386072091,0.713778719232482,11468.439999999995,0.2772796783408343,Above benchmark
PRV027,Provider Group 27,Emergency,South,Commercial,20,55533.41,38411.51,31795.83,27402.19,0.5725531711450819,0.6916828986370547,11009.320000000003,0.4017678878950917,Above benchmark
PRV023,Provider Group 23,Emergency,West,Commercial,19,54528.64,38415.83,28784.1,27454.85,0.5278712251029918,0.704507392812291,10960.980000000003,0.39923656475996055,Above benchmark
PRV035,Provider Group 35,Emergency,South,Commercial,19,52424.7,38944.47,31106.1,28011.05,0.5933481736662298,0.7428649090981924,10933.420000000002,0.3903252466437353,Above benchmark
PRV013,Provider Group 13,Emergency,South,Commercial,17,45646.76,31680.73,27235.670000000002,20857.34,0.5966616250529063,0.6940411542900307,10823.39,0.5189247526290505,Above benchmark
PRV020,Provider Group 20,Emergency,South,Commercial,22,64178.24,45228.24,35848.52,34444.76,0.5585774866995418,0.7047285809021874,10783.479999999996,0.3130659061058923,Above benchmark
PRV006,Provider Group 06,Emergency,West,Commercial,21,51499.16,36343.75,29193.16,25580.97,0.5668667217096356,0.7057153941928372,10762.779999999999,0.4207338502019274,Above benchmark
PRV002,Provider Group 02,Inpatient,Midwest,Exchange,9,103778.42,65729.52,58170.08,55062.97,0.5605219273910703,0.6333640462053672,10666.550000000003,0.19371548610617995,In range
PRV005,Provider Group 05,Emergency,Northeast,Commercial,19,55018.240000000005,39666.770000000004,32112.04,29156.57,0.5836617092804132,0.7209748985063863,10510.200000000004,0.3604745002584325,Above benchmark
PRV040,Provider Group 40,Emergency,South,Commercial,21,54746.95,38416.06,32870.74,28242.32,0.6004122604090274,0.7017022866114002,10173.739999999998,0.3602303210217857,Above benchmark
PRV036,Provider Group 36,Emergency,Northeast,Commercial,20,51079.88,36361.14,25710.93,26333.88,0.5033475019909992,0.7118485791274373,10027.259999999998,0.3807741206385082,Above benchmark
PRV002,Provider Group 02,Inpatient,Midwest,Medicare Advantage,14,167937.79,98422.81,83862.73,88416.78,0.4993678313856577,0.5860670787676794,10006.029999999999,0.11316890300687267,In range
PRV014,Provider Group 14,Emergency,West,Commercial,20,48230.71,35429.79,24946.93,25474.260000000002,0.5172416080957548,0.7345898494963065,9955.529999999999,0.3908074267908076,Above benchmark
PRV003,Provider Group 03,Emergency,West,Commercial,24,59451.42,43589.31,38148.89,33949.46,0.6416817293851014,0.7331920751430328,9639.849999999999,0.28394707898152133,Above benchmark
PRV016,Provider Group 16,Inpatient,Northeast,Exchange,8,75612.70999999999,51396.07,38069.850000000006,42158.68,0.5034847977277895,0.679727918758632,9237.39,0.21911003854959404,Above benchmark
PRV001,Provider Group 01,Emergency,South,Commercial,14,40001.47,29435.23,26545.3,20245.33,0.6636081124018692,0.7358537073762539,9189.899999999998,0.4539269056123065,Above benchmark
PRV033,Provider Group 33,Inpatient,Midwest,Medicare Advantage,11,86667.09,50889.47,45089.31,41708.4,0.5202587279669826,0.5871833241429937,9181.07,0.22012520259707874,Above benchmark
PRV032,Provider Group 32,Emergency,West,Commercial,25,53228.340000000004,36082.51,30359.11,26944.760000000002,0.5703561298360985,0.6778815570803072,9137.75,0.3391290180354176,Above benchmark
PRV017,Provider Group 17,Professional,South,Commercial,71,51873.88,37411.27,30034.4,28474.87,0.5789888861214932,0.7211966793307152,8936.399999999998,0.3138346197893089,Above benchmark
PRV007,Provider Group 07,Inpatient,South,Exchange,8,84979.23000000001,54450.229999999996,47528.95,45552.31,0.5593007844387387,0.6407475097150208,8897.919999999998,0.19533411148633295,In range
PRV028,Provider Group 28,Emergency,Northeast,Commercial,22,53113.73,37300.66,32051.64,28497.74,0.6034530054658183,0.7022790528927266,8802.920000000002,0.30889888110425606,Above benchmark
PRV007,Provider Group 07,Inpatient,South,Medicare Advantage,14,156350.58,92278.12,80246.47,83529.57,0.5132470247312163,0.5902000491459641,8748.549999999988,0.10473596356356184,In range
PRV023,Provider Group 23,Inpatient,West,Exchange,7,69667.42,44730.26,41000.85,36236.020000000004,0.5885225834400069,0.642054205538256,8494.239999999998,0.23441426514280533,Above benchmark
PRV022,Provider Group 22,Emergency,Midwest,Commercial,22,46928.57,33472.65,27763.94,25053.57,0.5916212661071922,0.7132680582425589,8419.080000000002,0.3360431267879189,Above benchmark
PRV019,Provider Group 19,Emergency,West,Commercial,22,48451.29,34768.770000000004,29551.54,26623.49,0.6099226666617132,0.7176025653806122,8145.2800000000025,0.3059433605436403,Above benchmark
PRV013,Provider Group 13,Inpatient,South,Medicare Advantage,8,68274.35,40007.27,35078.91,31924.97,0.5137933938587479,0.5859780429985785,8082.299999999996,0.25316546891038566,Above benchmark
PRV022,Provider Group 22,Inpatient,Midwest,Medicare Advantage,8,83457.13,47325.34,41402.05,39248.26,0.4960876320573209,0.5670616758568141,8077.0799999999945,0.20579460083071183,Above benchmark
PRV034,Provider Group 34,Emergency,Midwest,Commercial,23,55447.33,38520.52,33183.79,30515.94,0.5984740834229529,0.6947227215449328,8004.579999999998,0.2623081576382703,Above benchmark
PRV033,Provider Group 33,Emergency,Midwest,Commercial,29,53195.39,38611.82,32963.12,30625.94,0.6196612150037814,0.7258489880420089,7985.880000000001,0.26075542497634363,Above benchmark
PRV004,Provider Group 04,Professional,South,Commercial,60,41522.21,29799.760000000002,26115.67,21866.99,0.6289566475387509,0.717682416229772,7932.77,0.362773751668611,Above benchmark
PRV017,Provider Group 17,Emergency,South,Commercial,11,48779.9,31861.33,27508.7,23945.02,0.5639351454185023,0.6531651356398844,7916.310000000001,0.33060360776478787,Above benchmark
PRV004,Provider Group 04,Outpatient,South,Medicare Advantage,22,95571.91,48172.65,39771.03,40259.05,0.4161372311173858,0.504046115642138,7913.5999999999985,0.19656698307585493,In range
PRV030,Provider Group 30,Emergency,South,Commercial,19,47204.299999999996,33383.75,29124.67,25507.13,0.6169918842139381,0.7072184101872075,7876.619999999999,0.30880071572144724,Above benchmark
PRV021,Provider Group 21,Emergency,South,Commercial,26,44855.14,31773.04,26923.34,24066.18,0.6002286471516977,0.7083478058478917,7706.860000000001,0.32023611557796045,Above benchmark
PRV018,Provider Group 18,Professional,Northeast,Commercial,70,45399.07,32782.85,28291.76,25082.280000000002,0.6231792853906478,0.7221039990466764,7700.569999999996,0.3070123609177473,Above benchmark
PRV037,Provider Group 37,Emergency,Northeast,Commercial,20,45613.36,33315.46,24260.86,25793.9,0.5318805718324632,0.7303882020530826,7521.559999999998,0.2916022780579903,Above benchmark
PRV008,Provider Group 08,Emergency,South,Commercial,19,45751.29,33604.7,26690.85,26094.72,0.5833901076887668,0.7345082510241787,7509.979999999996,0.2877969183037793,Above benchmark
PRV002,Provider Group 02,Emergency,Midwest,Commercial,18,45695.86,31864.42,26398.92,24498.54,0.5777092279256808,0.6973152491276015,7365.879999999997,0.3006660805092874,Above benchmark
PRV024,Provider Group 24,Emergency,West,Commercial,14,36930.39,26431.05,21380.57,19164.99,0.578942437380163,0.7156991843303036,7266.059999999998,0.3791319484121827,Above benchmark
PRV026,Provider Group 26,Professional,Northeast,Commercial,86,45342.53,32817.69,26960.21,25589.38,0.5945898916535977,0.72377280226754,7228.310000000001,0.2824730415508309,Above benchmark
PRV007,Provider Group 07,Professional,South,Commercial,72,38227.66,27895.48,23569.77,20720.52,0.6165632424270803,0.7297197892834664,7174.959999999999,0.346273163028727,Above benchmark
PRV002,Provider Group 02,Professional,Midwest,Commercial,78,41467.83,30302.84,25365.01,23269.31,0.6116792221825931,0.7307553831488168,7033.529999999999,0.30226637575415854,Above benchmark
PRV036,Provider Group 36,Professional,Northeast,Commercial,66,37195.59,26785.41,21539.05,19965.91,0.5790753688810959,0.7201232726782933,6819.5,0.34155718422050385,Above benchmark
PRV009,Provider Group 09,Professional,Northeast,Commercial,68,37999.08,27695.57,23948.06,21032.49,0.6302273633993244,0.7288484352779067,6663.079999999998,0.3167993898962984,Above benchmark
PRV016,Provider Group 16,Inpatient,Northeast,Medicare Advantage,10,105210.65,60990.97,50386.479999999996,54363.09,0.4789104525064715,0.5797033855412926,6627.880000000005,0.12191875038744128,In range
PRV038,Provider Group 38,Professional,South,Commercial,75,38547.99,27107.32,23277.47,20540.32,0.6038569066765869,0.7032096874571152,6567.0,0.3197126432304852,Above benchmark
PRV006,Provider Group 06,Professional,West,Commercial,76,37289.340000000004,26923.49,22617.77,20357.75,0.6065478766854012,0.7220157288919568,6565.740000000002,0.322517959990667,Above benchmark
PRV033,Provider Group 33,Inpatient,Midwest,Exchange,5,46363.58,30868.719999999998,27269.129999999997,24320.73,0.5881584208984724,0.6657967309685748,6547.989999999998,0.2692349283923631,Above benchmark
PRV004,Provider Group 04,Emergency,South,Commercial,15,41005.09,29206.8,22671.38,22688.16,0.5528918483046862,0.7122725495786011,6518.639999999999,0.287314616963209,Above benchmark
PRV010,Provider Group 10,Professional,Midwest,Commercial,81,40827.78,29407.18,24872.32,22928.66,0.6092008921376573,0.7202737939706739,6478.52,0.2825511826683286,Above benchmark
PRV020,Provider Group 20,Professional,South,Commercial,68,40418.26,29011.43,24099.87,22542.39,0.5962619370551824,0.7177802804969833,6469.040000000001,0.28697223320153725,Above benchmark
PRV028,Provider Group 28,Professional,Northeast,Commercial,85,37067.98,26842.51,22933.78,20380.47,0.6186951649375012,0.7241427776749636,6462.039999999997,0.3170702147693354,Above benchmark
PRV017,Provider Group 17,Outpatient,South,Exchange,18,51301.1,33787.33,21359.88,27328.67,0.4163630019629209,0.6586082949488413,6458.6600000000035,0.23633275969888048,Above benchmark
PRV025,Provider Group 25,Professional,South,Commercial,71,37036.8,26554.22,21781.93,20174.11,0.5881158739415931,0.716968528598583,6380.110000000001,0.3162523650361776,Above benchmark
PRV035,Provider Group 35,Professional,South,Commercial,76,36849.83,26668.8,22663.920000000002,20307.14,0.6150345876765239,0.7237156860696508,6361.66,0.31327208065734513,Above benchmark
PRV011,Provider Group 11,Emergency,Midwest,Commercial,12,36901.49,26105.04,19880.16,19792.84,0.5387359697399753,0.7074250931330958,6312.200000000001,0.31891330400286166,Above benchmark
PRV008,Provider Group 08,Professional,South,Commercial,71,36151.42,25838.39,20963.85,19541.36,0.5798900845388646,0.7147268350731452,6297.029999999999,0.3222411336774922,Above benchmark
PRV001,Provider Group 01,Professional,South,Commercial,64,36877.04,26097.0,22306.0,19854.99,0.6048750116603718,0.707676104155865,6242.009999999998,0.3143799115486836,Above benchmark
PRV012,Provider Group 12,Professional,West,Commercial,71,34827.14,25054.27,22017.68,18899.08,0.63219891153853,0.7193892464325237,6155.189999999999,0.32568728213225184,Above benchmark
PRV012,Provider Group 12,Inpatient,West,Exchange,7,63762.43,41777.18,35601.15,35638.240000000005,0.55834054630603,0.6552005624628798,6138.939999999995,0.1722571036055651,In range
PRV003,Provider Group 03,Inpatient,West,Exchange,6,57381.130000000005,36384.87,31795.22,30266.18,0.5541058532656989,0.6340912073359308,6118.690000000002,0.20216261186578557,Above benchmark
PRV010,Provider Group 10,Emergency,Midwest,Commercial,18,40375.32,28829.989999999998,25585.34,22745.92,0.6336876091632215,0.7140498205339301,6084.07,0.26747961832275857,Above benchmark
PRV018,Provider Group 18,Emergency,Northeast,Commercial,16,44944.19,32050.24,26800.059999999998,25975.48,0.5962964289711306,0.7131119728712432,6074.760000000002,0.2338651682278827,Above benchmark
PRV021,Provider Group 21,Inpatient,South,Medicare Advantage,13,136012.63,74402.39,50784.01,68354.68,0.37337716357664724,0.5470255960788347,6047.710000000006,0.08847543430822889,In range
PRV034,Provider Group 34,Professional,Midwest,Commercial,68,36763.0,26055.99,22419.06,20087.02,0.6098267279601773,0.7087558142697822,5968.970000000001,0.29715557608843923,Above benchmark
PRV036,Provider Group 36,Inpatient,Northeast,Medicare Advantage,9,116941.7,68603.03,55837.39,62742.44,0.47748057365336743,0.5866430024533592,5860.5899999999965,0.09340711008370087,In range
PRV014,Provider Group 14,Professional,West,Commercial,75,35905.23,25849.25,22102.43,19996.88,0.6155768950651478,0.7199299377834371,5852.369999999999,0.2926641556082748,Above benchmark
PRV011,Provider Group 11,Professional,Midwest,Commercial,69,35250.7,25363.96,21020.96,19519.89,0.5963274488166193,0.7195306759865762,5844.07,0.2993905191064089,Above benchmark
PRV033,Provider Group 33,Professional,Midwest,Commercial,83,33291.91,23946.37,20289.91,18111.28,0.6094546693175609,0.719284955414093,5835.09,0.3221798790587965,Above benchmark
PRV003,Provider Group 03,Professional,West,Commercial,75,31685.56,23036.73,18018.93,17205.920000000002,0.5686795499274748,0.7270419080489661,5830.809999999998,0.33888394227103213,Above benchmark
PRV013,Provider Group 13,Inpatient,South,Exchange,5,51948.11,31049.35,27532.78,25255.84,0.5300054227189401,0.5976993195710103,5793.509999999998,0.22939288497234692,Above benchmark
PRV039,Provider Group 39,Professional,Northeast,Commercial,61,30601.77,22228.01,18053.1,16466.6,0.5899364644594086,0.7263635404095906,5761.41,0.3498846149174693,Above benchmark
PRV035,Provider Group 35,Inpatient,South,Medicare Advantage,17,183180.66,102449.51,80321.2,96717.78,0.438480787218476,0.5592812581852254,5731.729999999996,0.05926242310359063,In range
PRV023,Provider Group 23,Imaging,West,Commercial,29,30197.47,22728.93,18085.06,17014.54,0.5988932185378444,0.7526766315191306,5714.389999999999,0.33585333485360164,Above benchmark
PRV040,Provider Group 40,Professional,South,Commercial,73,34726.92,24708.48,21804.17,19210.8,0.627875147004111,0.7115079598190683,5497.68,0.28617652570429136,Above benchmark
PRV006,Provider Group 06,Inpatient,West,Medicare Advantage,11,117906.32,69085.77,57111.91,63621.49,0.48438378875704036,0.5859378021466534,5464.280000000006,0.08588733146614463,In range
PRV023,Provider Group 23,Professional,West,Commercial,68,32630.67,23056.16,19033.71,17606.38,0.58330736083568,0.7065794235913636,5449.779999999999,0.309534384694639,Above benchmark
PRV022,Provider Group 22,Outpatient,Midwest,Medicare Advantage,37,73136.38,43295.83,35689.68,37873.98,0.487988057379925,0.5919875990580884,5421.8499999999985,0.14315501037915734,In range
PRV030,Provider Group 30,Inpatient,South,Exchange,5,43089.61,29950.34,27494.19,24534.14,0.6380700591163392,0.6950710391669824,5416.200000000001,0.22076176299637978,Above benchmark
PRV021,Provider Group 21,Professional,South,Commercial,72,26378.22,19524.05,16999.04,14111.76,0.6444346889213904,0.7401579788173728,5412.289999999999,0.38353047387427214,Above benchmark
PRV031,Provider Group 31,Professional,South,Commercial,81,32555.28,23395.38,20053.41,18119.83,0.6159802649524133,0.7186355024438432,5275.549999999999,0.29114787500765726,Above benchmark
PRV029,Provider Group 29,Inpatient,Northeast,Exchange,6,52411.18,32386.07,28037.98,27151.25,0.5349618153989283,0.6179229317103717,5234.82,0.19280217301229224,In range
PRV022,Provider Group 22,Inpatient,Midwest,Exchange,2,32728.269999999997,22166.81,18498.18,17046.86,0.5652049436160238,0.6772985556523459,5119.950000000001,0.30034563550120086,Above benchmark
PRV005,Provider Group 05,Professional,Northeast,Commercial,74,35283.29,25027.17,21988.86,19939.05,0.623208890100668,0.7093207577864762,5088.119999999999,0.2551836722411549,Above benchmark
PRV024,Provider Group 24,Professional,West,Commercial,60,31770.08,22584.7,19330.2,17530.85,0.6084403942325609,0.7108795445274295,5053.850000000002,0.28828322642655674,Above benchmark
PRV027,Provider Group 27,Professional,South,Commercial,68,30093.1,21703.34,18150.97,16706.19,0.6031605251702218,0.7212065224254065,4997.1500000000015,0.29911966762020553,Above benchmark
PRV018,Provider Group 18,Imaging,Northeast,Commercial,27,27477.78,20476.38,18166.22,15488.53,0.6611240063789725,0.7451977561506061,4987.85,0.32203508015286153,Above benchmark
PRV011,Provider Group 11,Inpatient,Midwest,Medicare Advantage,13,149138.58000000002,87525.18,72196.62,82546.33,0.4840908368579075,0.5868714855673158,4978.849999999991,0.06031582506454244,In range
PRV023,Provider Group 23,Inpatient,West,Medicare Advantage,15,151106.46,90722.58,77814.17,85753.31999999999,0.5149625634800788,0.6003884943105676,4969.260000000009,0.057948310339471516,In range
PRV030,Provider Group 30,Inpatient,South,Medicare Advantage,10,83283.95999999999,50402.69,37447.89,45435.92,0.44964108334906266,0.6051908434709398,4966.770000000004,0.10931373239498626,In range
PRV031,Provider Group 31,Inpatient,South,Medicare Advantage,14,150266.97999999998,87444.88,76498.55,82590.36,0.5090842312795533,0.5819301086639261,4854.520000000004,0.05877828841041502,In range
PRV037,Provider Group 37,Professional,Northeast,Commercial,67,27380.4,19740.74,16789.87,14920.25,0.6132076229711764,0.7209807015237177,4820.490000000002,0.3230837284898042,Above benchmark
PRV029,Provider Group 29,Professional,Northeast,Commercial,77,42029.56,27906.23,23632.52,23121.74,0.5622833072723102,0.6639667415028851,4784.489999999998,0.20692603584332311,Above benchmark
PRV018,Provider Group 18,Inpatient,Northeast,Medicare Advantage,10,90563.11,53016.200000000004,45958.28,48232.85,0.5074724134363319,0.5854061328061725,4783.350000000006,0.09917203731481772,In range
PRV001,Provider Group 01,Inpatient,South,Exchange,6,80168.79,50633.69,43933.270000000004,45877.14,0.5480096431541502,0.6315885521036304,4756.550000000003,0.1036801770990956,In range
PRV031,Provider Group 31,Emergency,South,Commercial,12,25576.67,18500.489999999998,16355.35,13759.43,0.6394636205573283,0.7233345857768037,4741.059999999998,0.344568052601016,Above benchmark
PRV004,Provider Group 04,Imaging,South,Commercial,16,22372.48,16640.91,14492.09,11947.33,0.6477641280716309,0.743811593529193,4693.58,0.3928559770258292,Above benchmark
PRV030,Provider Group 30,Professional,South,Commercial,69,28015.28,20370.07,17791.04,15743.24,0.6350477310953166,0.7271057080279048,4626.83,0.29389312492218883,Above benchmark
PRV026,Provider Group 26,Inpatient,Northeast,Exchange,3,33186.100000000006,21959.57,14224.859999999999,17342.22,0.4286390988998405,0.6617098725068626,4617.3499999999985,0.2662490730713829,Above benchmark
PRV019,Provider Group 19,Professional,West,Commercial,66,27587.58,19945.2,16863.9,15356.73,0.6112859482419263,0.7229775137942509,4588.470000000001,0.2987921256673785,Above benchmark
PRV038,Provider Group 38,Emergency,South,Commercial,14,33864.65,24070.100000000002,21587.55,19487.58,0.6374656168010004,0.7107736238230722,4582.52,0.23515079861121801,Above benchmark
PRV039,Provider Group 39,Imaging,Northeast,Commercial,22,24567.38,17609.79,14358.33,13030.949999999999,0.584446937361656,0.7167956045781032,4578.840000000002,0.3513819023171758,Above benchmark
PRV014,Provider Group 14,Imaging,West,Commercial,22,25358.33,18334.25,15944.94,13758.74,0.6287850974413536,0.7230069961231673,4575.51,0.33255298086888774,Above benchmark
PRV017,Provider Group 17,Imaging,South,Commercial,20,24099.74,17420.67,14306.59,12987.29,0.5936408442580708,0.7228571760525216,4433.379999999997,0.3413629787276635,Above benchmark
PRV010,Provider Group 10,Imaging,Midwest,Commercial,21,24397.0,17522.68,15441.890000000001,13170.19,0.6329421650202894,0.718230930032381,4352.49,0.3304804258708492,Above benchmark
PRV009,Provider Group 09,Imaging,Northeast,Commercial,26,28480.4,20791.72,16867.9,16462.9,0.5922634513560203,0.7300360949986657,4328.82,0.2629439527665235,Above benchmark
PRV015,Provider Group 15,Professional,Midwest,Commercial,58,25791.63,18199.88,14722.94,13873.87,0.570841780841304,0.7056506316196378,4326.01,0.31180989875211457,Above benchmark
PRV019,Provider Group 19,Inpatient,West,Medicare Advantage,15,147122.16,81734.41,59796.67,77409.94,0.40644230617603766,0.5555547172499371,4324.470000000001,0.05586453109251862,In range
PRV020,Provider Group 20,Inpatient,South,Exchange,2,29939.73,19959.71,17574.65,15652.23,0.5870009515783877,0.6666629926188379,4307.48,0.27519912498091326,Above benchmark
PRV022,Provider Group 22,Professional,Midwest,Commercial,59,25609.41,18304.54,15891.89,13997.83,0.620548852941165,0.7147583642106554,4306.710000000001,0.3076698316810535,Above benchmark
PRV008,Provider Group 08,Inpatient,South,Exchange,6,72026.62,45596.51,39661.78,41343.9,0.5506544663625754,0.6330508081595388,4252.610000000001,0.1028594302908047,In range
PRV018,Provider Group 18,Inpatient,Northeast,Exchange,6,63908.26,40424.13,36068.74,36176.75,0.5643830703574154,0.632533728816901,4247.379999999997,0.11740634523554486,In range
PRV039,Provider Group 39,Emergency,Northeast,Exchange,7,24831.46,15558.39,13513.44,11325.63,0.5442064220146541,0.6265596142957361,4232.76,0.37373285194730893,Above benchmark
PRV015,Provider Group 15,Inpatient,Midwest,Medicare Advantage,13,119831.3,68369.76,62237.92,64189.73,0.5193794943391251,0.5705500983465922,4180.029999999992,0.06511991871596892,In range
PRV014,Provider Group 14,Inpatient,West,Exchange,3,30628.96,20926.96,17878.57,16823.56,0.5837145629495746,0.6832409588833575,4103.399999999998,0.24390794813939484,Above benchmark
PRV032,Provider Group 32,Inpatient,West,Exchange,7,58420.91,37536.07,33103.44,33473.35,0.5666368428701299,0.642510874958983,4062.720000000001,0.12137177784715307,In range
PRV026,Provider Group 26,Imaging,Northeast,Commercial,23,26629.53,19219.59,16002.23,15201.75,0.6009204818860866,0.721739737802357,4017.84,0.2643011495387044,Above benchmark
PRV005,Provider Group 05,Inpatient,Northeast,Exchange,6,47511.05,30856.79,28465.63,26872.050000000003,0.5991370428563461,0.6494655453836529,3984.739999999998,0.1482856722877487,In range
PRV040,Provider Group 40,Imaging,South,Commercial,23,21785.41,15628.32,12260.61,11692.6,0.5627899589679515,0.7173755279336033,3935.7199999999993,0.3365992165985323,Above benchmark
PRV028,Provider Group 28,Inpatient,Northeast,Medicare Advantage,12,100130.0,57773.73,50881.96,53867.4,0.5081589933086987,0.5769872166183961,3906.3300000000017,0.07251751523184712,In range
PRV009,Provider Group 09,Inpatient,Northeast,Medicare Advantage,12,124134.04000000001,70297.90000000001,62763.74,66399.94,0.5056126425918305,0.5663063894480516,3897.9600000000064,0.058704269913497004,In range
PRV039,Provider Group 39,Inpatient,Northeast,Exchange,5,61329.87,38025.9,31362.38,34165.229999999996,0.5113720280183213,0.6200225110537492,3860.6700000000055,0.11299997102317198,In range
PRV020,Provider Group 20,Imaging,South,Commercial,19,20722.78,14873.52,12992.09,11065.78,0.6269472532160261,0.7177376780528482,3807.74,0.34410046106103676,Above benchmark
PRV027,Provider Group 27,Imaging,South,Commercial,22,20549.14,14910.2,13010.79,11138.16,0.6331549641493514,0.7255875428363426,3772.040000000001,0.338659168121126,Above benchmark
PRV036,Provider Group 36,Imaging,Northeast,Commercial,25,23904.63,16985.24,15516.2,13236.14,0.6490876453640989,0.7105418490058203,3749.100000000002,0.2832472306881011,Above benchmark
PRV004,Provider Group 04,Inpatient,South,Exchange,4,44292.57,27284.199999999997,14484.4,23554.57,0.3270164725144646,0.6159994780162903,3729.6299999999974,0.15833997394136243,In range
PRV008,Provider Group 08,Imaging,South,Commercial,24,23517.77,16460.06,14063.77,12740.65,0.5980061034698443,0.6998988424497732,3719.4100000000017,0.29193251521704167,Above benchmark
PRV006,Provider Group 06,Outpatient,West,Medicare Advantage,35,80086.38,47910.85,42783.74,44202.33,0.5342199260348638,0.5982396757101519,3708.519999999997,0.08389874470418181,In range
PRV025,Provider Group 25,Emergency,South,Medicare Advantage,10,30891.129999999997,17208.59,14699.56,13551.69,0.4758505111337786,0.55707220810634,3656.8999999999996,0.26984826246763316,Above benchmark
PRV007,Provider Group 07,Imaging,South,Commercial,22,25945.97,18203.46,16078.619999999999,14577.9,0.619696237989946,0.7015910370666426,3625.5599999999995,0.2487024880126767,Above benchmark
PRV001,Provider Group 01,Outpatient,South,Medicare Advantage,29,79127.89,45799.88,40453.39,42175.83,0.5112406005012897,0.5788083064011943,3624.0499999999956,0.0859271767739958,In range
PRV024,Provider Group 24,Inpatient,West,Exchange,5,59635.89,35653.08,29971.91,32050.809999999998,0.5025817506873796,0.597846028624709,3602.270000000004,0.1123924793164355,In range
PRV016,Provider Group 16,Professional,Northeast,Commercial,58,20576.69,14873.65,12632.02,11300.94,0.613899514450575,0.7228397764655055,3572.709999999999,0.31614272795006426,Above benchmark
PRV003,Provider Group 03,Inpatient,West,Medicare Advantage,13,123701.49,69163.76,56983.65,65603.37,0.4606545159641974,0.5591182450591338,3560.3899999999994,0.054271449774607614,In range
PRV040,Provider Group 40,Inpatient,South,Exchange,3,47948.47,29562.84,26474.27,26008.92,0.5521400370022235,0.6165543968347686,3553.920000000002,0.13664235193156818,In range
PRV029,Provider Group 29,Imaging,Northeast,Commercial,28,33607.07,22235.57,19377.15,18699.82,0.5765795709057648,0.6616336979093982,3535.75,0.189079360122183,In range
PRV032,Provider Group 32,Professional,West,Commercial,60,24581.71,17298.54,14115.74,13763.93,0.5742375123618333,0.7037158928325166,3534.6100000000006,0.256802381296621,Above benchmark
PRV005,Provider Group 05,Imaging,Northeast,Commercial,22,21721.84,15080.06,12078.49,11547.27,0.5560528021567234,0.6942349266912932,3532.789999999999,0.3059415775330445,Above benchmark
PRV038,Provider Group 38,Inpatient,South,Exchange,8,67170.75,44053.28,36404.77,40536.51,0.5419735524763383,0.6558402280754644,3516.769999999997,0.08675561857693218,In range
PRV001,Provider Group 01,Imaging,South,Commercial,22,28320.79,20323.67,15731.16,16830.28,0.5554633186433006,0.7176236962316376,3493.3899999999994,0.20756576836511334,Above benchmark
PRV004,Provider Group 04,Inpatient,South,Medicare Advantage,12,195030.58,111708.87,98049.13,108218.6,0.5027372117746869,0.5727761769462,3490.2699999999895,0.032252034308335065,In range
PRV001,Provider Group 01,Emergency,South,Exchange,4,20617.54,13154.1,11793.81,9664.57,0.5720279917002707,0.6380053100418381,3489.5300000000007,0.3610641756436138,Above benchmark
PRV001,Provider Group 01,Inpatient,South,Medicare Advantage,14,170854.63999999998,94221.93,70307.91,90769.95,0.41150717358334554,0.5514742239367921,3451.979999999996,0.03802998679629102,In range
PRV040,Provider Group 40,Inpatient,South,Medicare Advantage,9,83106.85,47827.15,41963.47,44394.55,0.5049339494879183,0.5754898663587898,3432.5999999999985,0.07732030170370008,In range
PRV013,Provider Group 13,Professional,South,Commercial,65,22436.9,15884.47,13614.11,12456.55,0.6067732173339454,0.7079618842175166,3427.92,0.2751901609996347,Above benchmark
PRV027,Provider Group 27,Outpatient,South,Exchange,17,29490.11,19400.79,16000.6,16026.09,0.5425751209473277,0.6578744535032254,3374.7000000000007,0.21057538052013938,Above benchmark
PRV034,Provider Group 34,Inpatient,Midwest,Medicare Advantage,11,112577.64,66023.71,61297.49,62688.95,0.544490806522503,0.5864726778781293,3334.7600000000093,0.05319533984856995,In range
PRV009,Provider Group 09,Outpatient,Northeast,Medicare Advantage,34,78706.55,46312.66,40824.08,43120.46,0.5186871994770448,0.5884219293057567,3192.2000000000044,0.07402982250189363,In range
PRV037,Provider Group 37,Inpatient,Northeast,Medicare Advantage,7,54719.17,30087.85,26404.38,26926.18,0.48254350349246894,0.5498594002796461,3161.6699999999983,0.11741992365794175,In range
PRV017,Provider Group 17,Inpatient,South,Exchange,4,36278.13,22733.13,20357.43,19598.53,0.5611488243743545,0.6266345591682924,3134.600000000002,0.15994056697109438,In range
PRV035,Provider Group 35,Outpatient,South,Exchange,12,29739.69,19775.37,16815.18,16641.72,0.5654120806235707,0.6649487603939382,3133.649999999998,0.1883008487103495,In range
PRV022,Provider Group 22,Imaging,Midwest,Commercial,18,16823.99,11835.67,8853.53,8723.58,0.526244368904166,0.7034995860078376,3112.09,0.3567445933894112,Above benchmark
PRV038,Provider Group 38,Imaging,South,Commercial,18,19394.49,13570.61,12043.39,10466.59,0.6209696671580432,0.6997147127869823,3104.0200000000004,0.29656459267058327,Above benchmark
PRV013,Provider Group 13,Outpatient,South,Exchange,10,21227.739999999998,13422.86,11595.01,10319.25,0.5462197106239289,0.6323263804813891,3103.6100000000006,0.3007592606051797,Above benchmark
PRV036,Provider Group 36,Emergency,Northeast,Exchange,6,19425.86,11923.02,10530.65,8827.53,0.542094404057272,0.6137705100314735,3095.49,0.35066320930090294,Above benchmark
PRV035,Provider Group 35,Imaging,South,Commercial,19,16932.11,12694.04,10131.56,9604.460000000001,0.5983637006846754,0.7497021930521359,3089.58,0.3216818019961559,Above benchmark
PRV015,Provider Group 15,Imaging,Midwest,Commercial,15,14912.130000000001,10814.46,9744.81,7759.09,0.6534820981308505,0.7252122936160025,3055.369999999999,0.3937794251645488,Above benchmark
PRV027,Provider Group 27,Inpatient,South,Exchange,5,66853.06,41396.29,36873.520000000004,38343.28,0.5515606914627394,0.6192130921157536,3053.010000000002,0.07962307867245583,In range
PRV026,Provider Group 26,Outpatient,Northeast,Exchange,10,20305.05,13284.07,11491.05,10235.05,0.5659207931031935,0.654224934191248,3049.0200000000004,0.29789986370364585,Above benchmark
PRV002,Provider Group 02,Imaging,Midwest,Commercial,14,14066.93,10265.9,9174.21,7225.14,0.6521828145871202,0.7297896555964947,3040.7599999999993,0.42085828094680505,Above benchmark
PRV014,Provider Group 14,Inpatient,West,Medicare Advantage,13,111238.51,63499.12,56506.91,60478.32,0.507979745503603,0.5708375633582291,3020.800000000003,0.04994847740479568,In range
PRV010,Provider Group 10,Outpatient,Midwest,Exchange,13,28203.22,17319.74,14782.77,14300.36,0.5241518521643982,0.6141050560893402,3019.380000000001,0.21114013912936463,Above benchmark
PRV021,Provider Group 21,Inpatient,South,Exchange,3,25802.8,16843.620000000003,15414.47,13953.3,0.5973952439270157,0.6527826437440899,2890.3200000000033,0.20714239642235197,Above benchmark
PRV026,Provider Group 26,Pharmacy,Northeast,Commercial,42,15796.19,11562.42,9455.93,8694.16,0.5986209332756823,0.7319752421311722,2868.26,0.3299065119574519,Above benchmark
PRV008,Provider Group 08,Emergency,South,Exchange,6,14947.15,10075.5,7253.43,7209.29,0.4852717742178275,0.6740749908845499,2866.21,0.39757174423556274,Above benchmark
PRV001,Provider Group 01,Pharmacy,South,Commercial,34,12874.82,9570.89,8137.07,6764.9,0.6320142728209016,0.7433804899796657,2805.99,0.41478661916658044,Above benchmark
PRV012,Provider Group 12,Outpatient,West,Medicare Advantage,25,50927.76,30948.53,26150.54,28202.47,0.5134830198697135,0.6076947032423966,2746.0599999999977,0.09736948572234977,In range
PRV038,Provider Group 38,Outpatient,South,Medicare Advantage,23,40128.76,24184.83,21309.82,21442.41,0.5310360948108039,0.602680720759874,2742.420000000002,0.12789700411474278,In range
PRV003,Provider Group 03,Imaging,West,Commercial,18,16826.37,12108.89,10992.16,9390.15,0.6532698377606103,0.7196376877484567,2718.74,0.2895310511546674,Above benchmark
PRV031,Provider Group 31,Inpatient,South,Exchange,2,20037.2,11980.88,7952.39,9268.380000000001,0.3968813007805482,0.597931846765017,2712.499999999998,0.2926617165027759,Above benchmark
PRV015,Provider Group 15,Emergency,Midwest,Commercial,11,19457.71,13980.12,6845.17,11301.09,0.3517973081107695,0.7184874273488505,2679.0300000000007,0.23705943408998606,Above benchmark
PRV036,Provider Group 36,Pharmacy,Northeast,Commercial,40,15230.17,10964.6,9625.2,8300.36,0.6319824401172147,0.7199263041712601,2664.24,0.320978849110159,Above benchmark
PRV030,Provider Group 30,Outpatient,South,Exchange,11,26661.6,17354.22,13984.24,14691.57,0.5245086566447625,0.6509069223152399,2662.6500000000015,0.18123658669563578,In range
PRV030,Provider Group 30,Imaging,South,Commercial,20,19006.38,13559.65,10331.24,10899.69,0.543566949624284,0.7134262284559184,2659.959999999999,0.24403996810918466,Above benchmark
PRV036,Provider Group 36,Outpatient,Northeast,Medicare Advantage,23,53099.869999999995,30983.34,25520.670000000002,28328.33,0.48061643088768397,0.5834918239912829,2655.0099999999984,0.0937227856354398,In range
PRV005,Provider Group 05,Outpatient,Northeast,Exchange,17,32921.68,20852.04,18205.420000000002,18202.19,0.5529918278775567,0.6333832295314212,2649.850000000002,0.1455786364168269,In range
PRV017,Provider Group 17,Pharmacy,South,Commercial,35,16238.15,11814.3,9436.33,9171.62,0.581121002084597,0.7275644085071267,2642.6799999999985,0.2881366650602618,Above benchmark
PRV024,Provider Group 24,Imaging,West,Commercial,14,15078.03,11314.15,10054.699999999999,8675.83,0.666844408719176,0.7503732251494393,2638.3199999999997,0.30410001118048646,Above benchmark
PRV008,Provider Group 08,Outpatient,South,Exchange,12,29379.28,18859.35,15056.07,16268.19,0.5124723955113945,0.6419268954174506,2591.159999999998,0.15927770698522686,In range
PRV026,Provider Group 26,Inpatient,Northeast,Medicare Advantage,9,100375.13,59285.12,43429.21,56706.71,0.43266902867273993,0.5906355488655407,2578.4100000000035,0.04546922224900728,In range
PRV028,Provider Group 28,Imaging,Northeast,Commercial,21,16649.91,11526.72,10140.96,8951.51,0.6090699589367149,0.6922992376535368,2575.209999999999,0.2876844241921194,Above benchmark
PRV023,Provider Group 23,Outpatient,West,Exchange,13,26467.11,17121.4,14327.400000000001,14577.12,0.541328463893489,0.6468934462432808,2544.2800000000007,0.17453927799181185,In range
PRV025,Provider Group 25,Pharmacy,South,Commercial,47,15259.2,10866.68,9413.83,8322.53,0.6169281482646535,0.7121395617070357,2544.1499999999996,0.3056943020932336,Above benchmark
PRV005,Provider Group 05,Emergency,Northeast,Exchange,9,20560.1,13152.41,11715.71,10628.15,0.5698274813838454,0.6397055461792501,2524.26,0.23750699792532098,Above benchmark
PRV007,Provider Group 07,Outpatient,South,Exchange,11,25841.09,16506.13,14704.630000000001,13993.96,0.5690406248343239,0.6387551763489853,2512.170000000002,0.17951816355056052,In range
PRV031,Provider Group 31,Imaging,South,Commercial,21,15781.42,11425.11,9924.61,8918.75,0.6288794037545418,0.7239595676434694,2506.3600000000006,0.2810214435879468,Above benchmark
PRV025,Provider Group 25,Emergency,South,Exchange,4,15494.630000000001,10034.73,9147.3,7553.58,0.590352915816641,0.6476263066623726,2481.1499999999996,0.3284733861294909,Above benchmark
PRV027,Provider Group 27,Outpatient,South,Medicare Advantage,29,56347.25,33543.88,29204.31,31084.02,0.5182916646331454,0.5953064257794302,2459.859999999997,0.07913583892945626,In range
PRV011,Provider Group 11,Inpatient,Midwest,Exchange,4,49998.89,29704.66,26752.28,27245.93,0.5350574782760177,0.5941063891618394,2458.7299999999996,0.0902421022148996,In range
PRV032,Provider Group 32,Imaging,West,Commercial,19,13078.390000000001,9690.15,7744.26,7253.86,0.5921416932818183,0.740928355860316,2436.29,0.33586118287367,Above benchmark
PRV019,Provider Group 19,Imaging,West,Commercial,15,16996.32,12177.19,10568.12,9744.89,0.6217887166163029,0.7164603867190075,2432.300000000001,0.24959748134663412,Above benchmark
PRV011,Provider Group 11,Outpatient,Midwest,Medicare Advantage,25,51204.8,29595.84,25386.54,27165.899999999998,0.49578437958941346,0.5779895634784239,2429.9400000000023,0.08944816847592027,In range
PRV024,Provider Group 24,Outpatient,West,Medicare Advantage,32,73295.31,42694.43,34921.2,40279.68,0.4764452186640591,0.5824987983542194,2414.75,0.05994958251902696,In range
PRV020,Provider Group 20,Pharmacy,South,Commercial,38,15369.24,10980.5,9139.25,8586.05,0.5946455387514282,0.7144465178499393,2394.4500000000007,0.2788767826881978,Above benchmark
PRV024,Provider Group 24,Pharmacy,West,Commercial,35,13625.72,9868.4,8717.17,7474.14,0.6397584861570619,0.7242479663459986,2394.2599999999993,0.3203391962152166,Above benchmark
PRV015,Provider Group 15,Emergency,Midwest,Medicare Advantage,15,33300.22,20325.02,16250.86,17981.63,0.4880105897198277,0.6103569285728443,2343.3899999999994,0.13032133349423825,In range
PRV037,Provider Group 37,Outpatient,Northeast,Medicare Advantage,26,48358.56,28694.4,24669.36,26353.22,0.5101342968028825,0.5933675444430108,2341.1800000000003,0.08883847970001389,In range
PRV016,Provider Group 16,Outpatient,Northeast,Exchange,10,21793.9,14543.54,11417.18,12206.45,0.5238704408114196,0.6673215899861888,2337.09,0.191463529527422,In range
PRV021,Provider Group 21,Pharmacy,South,Commercial,52,13098.81,9378.72,8078.6,7059.29,0.6167430476508935,0.7159978654549535,2319.4299999999994,0.328564204048849,Above benchmark
PRV018,Provider Group 18,Pharmacy,Northeast,Commercial,37,14451.53,10325.99,9119.42,8026.51,0.6310349146422558,0.714525728417683,2299.4799999999996,0.28648565815030436,Above benchmark
PRV007,Provider Group 07,Emergency,South,Medicare Advantage,12,38513.26,23009.11,18366.100000000002,20723.69,0.4768773144626033,0.5974334553865344,2285.420000000002,0.1102805533184487,In range
PRV007,Provider Group 07,Outpatient,South,Medicare Advantage,31,84298.97,48897.13,43428.32,46614.28,0.5151702328035562,0.5800442164358591,2282.8499999999985,0.048973190189787304,In range
PRV011,Provider Group 11,Pharmacy,Midwest,Commercial,36,12517.47,9167.84,7931.37,6887.87,0.6336240470318683,0.7324035927387883,2279.9700000000003,0.3310123448903653,Above benchmark
PRV006,Provider Group 06,Outpatient,West,Exchange,12,23192.39,14726.67,13299.12,12487.720000000001,0.573426024657226,0.6349785425305456,2238.949999999999,0.17929213659499083,In range
PRV018,Provider Group 18,Outpatient,Northeast,Medicare Advantage,30,73280.06999999999,42365.630000000005,35840.04,40130.2,0.48908304809206654,0.5781330449056614,2235.4300000000076,0.055704432073600624,In range
PRV020,Provider Group 20,Emergency,South,Exchange,5,12360.41,7940.43,4421.85,5712.65,0.3577429874898972,0.6424083019899826,2227.7800000000007,0.3899731298084078,Above benchmark
PRV015,Provider Group 15,Outpatient,Midwest,Medicare Advantage,25,45409.13,26747.62,23279.16,24572.68,0.5126537328506404,0.5890361695984927,2174.9399999999987,0.08851049214005141,In range
PRV014,Provider Group 14,Pharmacy,West,Commercial,38,11657.11,8439.94,7046.28,6266.44,0.6044619978708273,0.7240165015170998,2173.500000000001,0.3468476519363468,Above benchmark
PRV035,Provider Group 35,Inpatient,South,Exchange,4,33513.130000000005,21503.55,19020.37,19371.07,0.5675497931706169,0.64164552818552,2132.4799999999996,0.11008581353533901,In range
PRV037,Provider Group 37,Imaging,Northeast,Commercial,16,11385.73,8418.66,7270.0199999999995,6286.43,0.6385203232467308,0.7394045001945417,2132.2299999999996,0.33917978884676986,Above benchmark
PRV035,Provider Group 35,Emergency,South,Medicare Advantage,15,33681.46,20173.11,16991.12,18045.54,0.5044650677256864,0.5989381101650582,2127.5699999999997,0.1179000462164058,In range
PRV013,Provider Group 13,Emergency,South,Medicare Advantage,14,25192.56,14913.95,11320.75,12786.65,0.44936878189433704,0.591998193117333,2127.300000000001,0.16636882999065442,In range
PRV028,Provider Group 28,Outpatient,Northeast,Exchange,11,20329.53,12860.7,11372.04,10764.45,0.5593852882973684,0.6326117721363947,2096.25,0.1947382355810097,In range
PRV016,Provider Group 16,Imaging,Northeast,Commercial,16,12880.21,9296.19,8411.08,7201.64,0.6530235143681664,0.721742114453103,2094.55,0.2908434745419099,Above benchmark
PRV005,Provider Group 05,Pharmacy,Northeast,Commercial,40,14312.68,10138.630000000001,8360.95,8053.41,0.5841638323500561,0.7083669864763273,2085.220000000001,0.2589238595824627,Above benchmark
PRV040,Provider Group 40,Outpatient,South,Medicare Advantage,25,46968.48,27053.12,22283.13,24981.92,0.4744273180652216,0.5759845751874448,2071.2000000000007,0.08290795903597485,In range
PRV020,Provider Group 20,Outpatient,South,Exchange,12,23653.64,15566.650000000001,11453.39,13501.85,0.48421257785271105,0.6581080121283659,2064.800000000001,0.1529271914589483,In range
PRV015,Provider Group 15,Inpatient,Midwest,Exchange,5,37481.57,23644.010000000002,21304.38,21588.95,0.5683961477600858,0.630816958841372,2055.0600000000013,0.09519036358878043,In range
PRV038,Provider Group 38,Pharmacy,South,Commercial,35,11983.49,8744.93,7592.46,6690.89,0.633576695937494,0.7297481785356353,2054.04,0.3069905498371666,Above benchmark
PRV028,Provider Group 28,Pharmacy,Northeast,Commercial,38,12176.14,8424.44,7215.85,6371.08,0.5926221281949781,0.6918810066244311,2053.3600000000006,0.3222938654042958,Above benchmark
PRV040,Provider Group 40,Outpatient,South,Exchange,12,23361.96,14570.21,12645.470000000001,12521.65,0.5412846353644986,0.6236724144720734,2048.5599999999995,0.16360144230193302,In range
PRV034,Provider Group 34,Emergency,Midwest,Medicare Advantage,10,30677.42,17601.33,15306.55,15560.34,0.4989516719463371,0.5737552245267041,2040.9900000000016,0.1311661570376998,In range
PRV030,Provider Group 30,Emergency,South,Medicare Advantage,11,26642.19,16042.66,14294.53,14010.79,0.5365373492194149,0.6021524506806686,2031.869999999999,0.14502180105475843,In range
PRV035,Provider Group 35,Pharmacy,South,Commercial,36,12209.04,8770.08,7777.08,6747.53,0.636993571976175,0.7183267480489866,2022.5500000000002,0.29974672213387715,Above benchmark
PRV032,Provider Group 32,Inpatient,West,Medicare Advantage,11,128069.74,70708.63,64706.07,68688.42,0.5052408945313701,0.552110357997135,2020.2100000000064,0.029411216621375285,In range
PRV016,Provider Group 16,Emergency,Northeast,Medicare Advantage,11,30033.03,17672.35,14887.72,15652.5,0.4957115549113759,0.5884304713843391,2019.8499999999985,0.12904328382047586,In range
PRV020,Provider Group 20,Outpatient,South,Medicare Advantage,24,59656.97,34773.9,30357.02,32757.91,0.5088595682952051,0.5828975222844874,2015.9900000000016,0.06154208250770582,In range
PRV037,Provider Group 37,Pharmacy,Northeast,Commercial,44,13732.19,9790.21,8671.36,7782.79,0.6314622795053083,0.7129387228111466,2007.4199999999992,0.25793063926946497,Above benchmark
PRV040,Provider Group 40,Pharmacy,South,Commercial,42,13576.28,9561.87,8320.58,7577.71,0.6128762812788187,0.7043070708618266,1984.1600000000008,0.26184163817301015,Above benchmark
PRV030,Provider Group 30,Outpatient,South,Medicare Advantage,29,54431.27,31697.78,27737.14,29714.32,0.5095809816673394,0.5823450380635984,1983.4599999999991,0.06675098067194535,In range
PRV034,Provider Group 34,Outpatient,Midwest,Exchange,12,26901.46,17183.45,12377.92,15224.58,0.46012075181049655,0.6387552943223156,1958.8700000000008,0.12866496152931647,In range
PRV007,Provider Group 07,Pharmacy,South,Commercial,37,12084.07,8766.32,7296.32,6818.14,0.6037965685402352,0.7254443246356567,1948.1799999999994,0.2857348191735575,Above benchmark
PRV011,Provider Group 11,Imaging,Midwest,Commercial,16,13986.3,9814.41,8313.79,7880.6900000000005,0.5944238290326964,0.7017159649085176,1933.7199999999993,0.24537445325218973,Above benchmark
PRV018,Provider Group 18,Emergency,Northeast,Exchange,4,12569.65,7937.03,4841.48,6019.5,0.38517222038799803,0.6314439940650695,1917.5299999999997,0.31855303596644235,Above benchmark
PRV032,Provider Group 32,Outpatient,West,Exchange,9,13350.88,8770.85,7694.46,6861.22,0.5763260549117362,0.6569492048464222,1909.63,0.2783222225784919,Above benchmark
PRV004,Provider Group 04,Pharmacy,South,Commercial,32,14029.87,9667.33,8448.95,7774.62,0.6022115671777429,0.6890534267245526,1892.71,0.24344726816230247,Above benchmark
PRV005,Provider Group 05,Emergency,Northeast,Medicare Advantage,7,17265.96,10235.51,6409.12,8344.44,0.37119974794335214,0.5928144163429083,1891.0699999999997,0.22662635239752454,Above benchmark
PRV023,Provider Group 23,Pharmacy,West,Commercial,30,10511.58,7551.37,6043.14,5675.67,0.5749031068592924,0.7183858183070481,1875.6999999999998,0.3304808066712828,Above benchmark
PRV009,Provider Group 09,Pharmacy,Northeast,Commercial,33,10436.84,7518.37,6382.63,5646.3,0.6115481314267537,0.7203684256920677,1872.0699999999997,0.33155694879832803,Above benchmark
PRV033,Provider Group 33,Imaging,Midwest,Commercial,13,11586.1,8369.41,7507.42,6512.93,0.6479678235126574,0.7223664563571865,1856.4799999999996,0.285045286837107,Above benchmark
PRV019,Provider Group 19,Pharmacy,West,Commercial,32,9461.47,6911.12,5978.62,5070.34,0.6318912388878262,0.7304488625974611,1840.7799999999997,0.3630486318471739,Above benchmark
PRV002,Provider Group 02,Outpatient,Midwest,Medicare Advantage,24,43843.57,25955.88,20988.92,24115.13,0.47872287772186434,0.5920110976364379,1840.75,0.07633174691573298,In range
PRV013,Provider Group 13,Pharmacy,South,Commercial,47,11446.9,8250.08,6941.2300000000005,6409.81,0.6063851348400005,0.7207261354602557,1840.2699999999995,0.2871021137912043,Above benchmark
PRV003,Provider Group 03,Pharmacy,West,Commercial,35,10768.2,7708.41,6644.44,5869.39,0.6170427740940918,0.7158494455897921,1839.0199999999995,0.31332387181632154,Above benchmark
PRV038,Provider Group 38,Outpatient,South,Exchange,8,16422.09,10243.65,9258.59,8406.210000000001,0.5637887747540051,0.623772613595468,1837.4399999999987,0.2185812631376088,Above benchmark
PRV016,Provider Group 16,Pharmacy,Northeast,Commercial,35,10630.09,7841.91,6925.49,6005.94,0.6514987173203614,0.7377087117794863,1835.9700000000003,0.30569236455908655,Above benchmark
PRV014,Provider Group 14,Outpatient,West,Exchange,16,29408.39,17864.15,15741.15,16030.76,0.535260515791582,0.6074507989046664,1833.3900000000012,0.11436700443397575,In range
PRV032,Provider Group 32,Pharmacy,West,Commercial,39,10865.97,7840.56,7043.46,6013.63,0.6482127228402067,0.721570186554905,1826.9300000000003,0.30379820507746574,Above benchmark
PRV024,Provider Group 24,Outpatient,West,Exchange,12,22525.36,14509.43,11659.140000000001,12683.630000000001,0.5176006066051775,0.6441375409760377,1825.7999999999993,0.14394932680943856,In range
PRV014,Provider Group 14,Emergency,West,Exchange,10,15088.35,9300.65,7686.820000000001,7476.01,0.5094539827085135,0.6164126627497374,1824.6399999999994,0.244066019173329,Above benchmark
PRV008,Provider Group 08,Inpatient,South,Medicare Advantage,11,119758.28,69987.35,55746.89,68164.34,0.4654950789206391,0.5844051033465077,1823.0100000000093,0.026744335821340153,In range
PRV006,Provider Group 06,Pharmacy,West,Commercial,33,11108.83,7855.29,7080.15,6044.74,0.6373443467943969,0.707121271997141,1810.5500000000002,0.29952487617333423,Above benchmark
PRV037,Provider Group 37,Emergency,Northeast,Exchange,7,17266.34,11180.39,9916.49,9370.13,0.5743249582714113,0.6475251848394042,1810.2600000000002,0.19319475823707893,In range
PRV006,Provider Group 06,Imaging,West,Commercial,17,13804.14,9455.68,8357.16,7651.21,0.6054096814433931,0.6849887062866648,1804.4700000000003,0.235841128396685,Above benchmark
PRV016,Provider Group 16,Outpatient,Northeast,Medicare Advantage,28,44562.59,25645.65,22548.3,23849.95,0.5059916849536797,0.5754972949283245,1795.7000000000007,0.07529156245610581,In range
PRV015,Provider Group 15,Pharmacy,Midwest,Commercial,40,9878.41,7129.4,6036.68,5336.73,0.6110983447741084,0.7217153367799068,1792.67,0.3359116912416405,Above benchmark
PRV009,Provider Group 09,Emergency,Northeast,Exchange,7,13780.99,8641.44,6728.3,6870.9400000000005,0.4882305262539194,0.6270550954612115,1770.5,0.2576794441517463,Above benchmark
PRV034,Provider Group 34,Pharmacy,Midwest,Commercial,35,10798.960000000001,7733.12,6847.72,5973.34,0.6341092105165682,0.7160985872713668,1759.7799999999997,0.29460569798471203,Above benchmark
PRV013,Provider Group 13,Imaging,South,Commercial,17,11198.47,8068.69,6097.21,6314.89,0.544468128235375,0.7205171777930378,1753.7999999999993,0.27772455260503337,Above benchmark
PRV008,Provider Group 08,Pharmacy,South,Commercial,28,10648.14,7752.29,6754.8099999999995,6000.39,0.6343652506447135,0.7280417049362612,1751.8999999999996,0.291964355650216,Above benchmark
PRV019,Provider Group 19,Outpatient,West,Medicare Advantage,31,48855.93,28611.43,24637.99,26866.85,0.5042988640273556,0.5856286023006828,1744.5800000000017,0.0649342963540572,In range
PRV036,Provider Group 36,Emergency,Northeast,Medicare Advantage,9,24863.63,14191.99,9472.380000000001,12448.02,0.38097333333869593,0.5707931625430397,1743.9699999999993,0.1401001926410786,In range
PRV039,Provider Group 39,Outpatient,Northeast,Medicare Advantage,24,52444.57,31005.78,28034.86,29263.92,0.5345617286975564,0.5912104913816626,1741.8600000000006,0.05952244265293237,In range
PRV012,Provider Group 12,Pharmacy,West,Commercial,30,9824.44,7111.09,6199.85,5401.94,0.6310639588617774,0.7238163193016599,1709.1500000000005,0.3163955912135271,Above benchmark
PRV002,Provider Group 02,Pharmacy,Midwest,Commercial,28,10637.49,7491.25,6067.16,5793.1,0.5703563528614363,0.7042309793005681,1698.1499999999996,0.2931332101983393,Above benchmark
PRV015,Provider Group 15,Outpatient,Midwest,Exchange,9,22119.78,14130.82,12055.74,12442.51,0.5450207913460261,0.638831850949693,1688.3099999999995,0.13568886020585874,In range
PRV023,Provider Group 23,Outpatient,West,Medicare Advantage,31,72559.66,42591.91,37334.77,40919.86,0.5145389325142923,0.5869915873365449,1672.050000000003,0.040861576750262654,In range
PRV025,Provider Group 25,Outpatient,South,Exchange,9,17155.58,11074.43,8633.37,9409.49,0.5032397622231367,0.6455293263183174,1664.9400000000005,0.1769426398242626,In range
PRV013,Provider Group 13,Outpatient,South,Medicare Advantage,25,41063.39,23533.98,20807.33,21871.23,0.5067124268113276,0.5731134229297679,1662.75,0.0760245308562893,In range
PRV010,Provider Group 10,Emergency,Midwest,Medicare Advantage,16,34490.28,19833.48,16296.279999999999,18176.99,0.47248906068608315,0.5750454910774861,1656.489999999998,0.09113114987684967,In range
PRV032,Provider Group 32,Emergency,West,Exchange,4,9678.26,6537.93,5678.389999999999,4883.68,0.5867160006034142,0.6755274191848535,1654.25,0.33873021983422336,Above benchmark
PRV001,Provider Group 01,Emergency,South,Medicare Advantage,11,29352.82,17169.12,14850.32,15516.75,0.5059248140383105,0.5849223345491166,1652.369999999999,0.10648943883222962,In range
PRV033,Provider Group 33,Pharmacy,Midwest,Commercial,33,10782.08,7679.56,6721.0,6032.8099999999995,0.6233491126016502,0.7122521813972814,1646.750000000001,0.2729656660826383,Above benchmark
PRV039,Provider Group 39,Pharmacy,Northeast,Commercial,26,9254.29,6673.17,5710.94,5030.06,0.617112712050303,0.7210893542346306,1643.1099999999997,0.3266581313145369,Above benchmark
PRV010,Provider Group 10,Pharmacy,Midwest,Commercial,30,9177.5,6640.75,5822.87,5002.49,0.6344723508580769,0.7235903023699265,1638.2600000000002,0.32748891052255985,Above benchmark
PRV022,Provider Group 22,Emergency,Midwest,Medicare Advantage,9,25221.48,14398.76,12783.0,12767.77,0.5068298926153422,0.5708927469759904,1630.9899999999998,0.12774274599244814,In range
PRV036,Provider Group 36,Outpatient,Northeast,Exchange,7,18319.46,11506.68,9739.9,9897.52,0.5316696016148947,0.6281124006930335,1609.1599999999999,0.1625821417890542,In range
PRV012,Provider Group 12,Imaging,West,Commercial,10,9427.89,6734.65,5800.83,5125.73,0.6152840137082635,0.7143326873775574,1608.92,0.313890899442616,Above benchmark
PRV002,Provider Group 02,Emergency,Midwest,Medicare Advantage,9,18639.510000000002,11358.84,6359.42,9757.5,0.34117956963460944,0.6093958478522236,1601.3400000000001,0.1641137586471945,In range
PRV022,Provider Group 22,Pharmacy,Midwest,Commercial,33,10423.94,7297.13,6360.83,5720.85,0.6102136044528268,0.7000356870818519,1576.2799999999997,0.2755324820612321,Above benchmark
PRV037,Provider Group 37,Emergency,Northeast,Medicare Advantage,12,28897.02,16946.7,13571.82,15385.66,0.46966157756059274,0.5864514749271724,1561.0400000000009,0.10146071081773553,In range
PRV039,Provider Group 39,Outpatient,Northeast,Exchange,12,26240.190000000002,16369.720000000001,14494.33,14836.94,0.5523713814572226,0.6238415194402175,1532.7800000000007,0.10330836412359964,In range
PRV011,Provider Group 11,Outpatient,Midwest,Exchange,12,20365.81,13164.19,11740.34,11637.21,0.5764730202236003,0.6463867629129408,1526.9800000000014,0.1312152998871724,In range
PRV022,Provider Group 22,Outpatient,Midwest,Exchange,9,15335.23,9799.880000000001,8964.59,8276.95,0.5845748645439293,0.6390435617855097,1522.9300000000003,0.18399652045741488,In range
PRV003,Provider Group 03,Emergency,West,Medicare Advantage,16,37186.85,20057.71,17563.23,18544.43,0.47229679308680356,0.53937641935254,1513.2799999999988,0.08160293953494385,In range
PRV012,Provider Group 12,Emergency,West,Medicare Advantage,8,21620.31,12794.43,11501.65,11285.89,0.5319835839541616,0.5917782862502896,1508.5400000000009,0.13366602013664858,In range
PRV020,Provider Group 20,Inpatient,South,Medicare Advantage,17,213439.69,120566.51,105614.64,119058.99,0.4948219330715857,0.5648738995076313,1507.5199999999895,0.01266195858036415,In range
PRV014,Provider Group 14,Outpatient,West,Medicare Advantage,17,40068.72,22891.170000000002,18335.94,21389.84,0.45761232203075114,0.5712977604475511,1501.3300000000017,0.07018893081949196,In range
PRV037,Provider Group 37,Outpatient,Northeast,Exchange,8,17362.0,10542.89,9057.59,9057.49,0.5216904734477594,0.6072393733440847,1485.3999999999996,0.16399686888972548,In range
PRV021,Provider Group 21,Outpatient,South,Exchange,13,21403.85,13413.19,11791.78,11944.8,0.5509186431413041,0.6266718370760401,1468.3900000000012,0.12293131739334281,In range
PRV014,Provider Group 14,Emergency,West,Medicare Advantage,10,26506.77,16026.35,10934.0,14563.4,0.41249839192025284,0.6046134629002327,1462.9500000000007,0.10045387752859915,In range
PRV011,Provider Group 11,Emergency,Midwest,Exchange,9,19555.14,12426.68,10962.42,10976.85,0.5605902079964654,0.6354687309832607,1449.83,0.13208069710344952,In range
PRV034,Provider Group 34,Imaging,Midwest,Commercial,11,12452.09,8772.31,7393.02,7326.96,0.5937171992814058,0.7044849499160382,1445.3499999999995,0.19726462270846293,In range
PRV029,Provider Group 29,Emergency,Northeast,Exchange,4,8073.83,5313.97,4641.71,3902.33,0.5749080671750582,0.6581721438276507,1411.6400000000003,0.3617428561910449,Above benchmark
PRV002,Provider Group 02,Outpatient,Midwest,Exchange,14,31277.66,19864.53,17241.149999999998,18453.69,0.5512288962793251,0.6351028177939142,1410.8400000000001,0.07645300208251034,In range
PRV010,Provider Group 10,Outpatient,Midwest,Medicare Advantage,31,63223.97,36775.84,31298.37,35365.31,0.495039618676271,0.5816755891792306,1410.5299999999988,0.03988456484617267,In range
PRV027,Provider Group 27,Pharmacy,South,Commercial,28,10433.48,7363.74,6001.25,5962.55,0.5751915947507448,0.7057798548518807,1401.1899999999996,0.2349984486503257,Above benchmark
PRV033,Provider Group 33,Emergency,Midwest,Medicare Advantage,8,18223.69,10871.43,7644.67,9470.44,0.41949078369967885,0.5965548140908894,1400.9899999999998,0.14793293659006337,In range
PRV021,Provider Group 21,Imaging,South,Commercial,15,9148.52,6639.8,5792.01,5239.28,0.6331089618867314,0.7257785958821754,1400.5200000000004,0.26731153899009036,Above benchmark
PRV040,Provider Group 40,Emergency,South,Exchange,4,17393.25,11366.039999999999,9661.71,9966.47,0.5554861799836143,0.6534741925747056,1399.5699999999997,0.14042785459646193,In range
PRV007,Provider Group 07,Emergency,South,Exchange,5,16734.19,10772.31,9515.439999999999,9410.73,0.5686226820658783,0.6437305898881273,1361.58,0.14468378117319272,In range
PRV018,Provider Group 18,Outpatient,Northeast,Exchange,12,27958.49,17247.59,15515.33,15921.04,0.5549416295372175,0.616899911261302,1326.5499999999993,0.08332056197333837,In range
PRV024,Provider Group 24,Emergency,West,Exchange,7,17358.1,10802.1,9602.27,9508.779999999999,0.5531866967006759,0.6223088932544462,1293.3200000000015,0.13601324249798624,In range
PRV038,Provider Group 38,Emergency,South,Medicare Advantage,13,30220.25,17001.260000000002,13832.94,15717.11,0.4577374442633665,0.5625784035539084,1284.1500000000015,0.08170395193518411,In range
PRV023,Provider Group 23,Emergency,West,Exchange,7,17973.059999999998,12109.58,10779.960000000001,10827.19,0.5997843439013725,0.6737628428325506,1282.3899999999994,0.11844162705189429,In range
PRV002,Provider Group 02,Emergency,Midwest,Exchange,6,20924.79,12788.28,11734.130000000001,11510.27,0.5607764761318991,0.6111545205471596,1278.0100000000002,0.111032147812345,In range
PRV008,Provider Group 08,Emergency,South,Medicare Advantage,7,19904.0,11154.99,9851.28,9877.07,0.4949397106109325,0.5604396101286173,1277.92,0.12938249906095634,In range
PRV007,Provider Group 07,Imaging,South,Medicare Advantage,11,13650.33,8236.95,7266.92,6959.92,0.5323622212796321,0.6034249721435306,1277.0300000000007,0.1834834308440328,In range
PRV031,Provider Group 31,Outpatient,South,Medicare Advantage,32,54720.4,31844.73,27208.74,30575.92,0.49723211087638247,0.5819535310414398,1268.8100000000013,0.04149703426748897,In range
PRV028,Provider Group 28,Emergency,Northeast,Medicare Advantage,13,34426.8,20675.0,17022.75,19425.08,0.4944621631984384,0.6005495718451903,1249.9199999999983,0.06434568094442844,In range
PRV025,Provider Group 25,Inpatient,South,Exchange,6,61636.5,37876.2,34135.48,36626.67,0.5538192467125811,0.6145092599352656,1249.5299999999988,0.034115304503521585,In range
PRV011,Provider Group 11,Inpatient,Midwest,Managed Medicaid,9,117808.66,57152.64,50218.09,55911.83,0.4262682386846603,0.48513105912587406,1240.8099999999977,0.02219226235306549,In range
PRV009,Provider Group 09,Outpatient,Northeast,Exchange,13,31085.15,19424.24,17225.48,18185.07,0.5541385516878637,0.6248720047997195,1239.170000000002,0.06814216277418794,In range
PRV026,Provider Group 26,Outpatient,Northeast,Medicare Advantage,29,56700.48,32536.95,27714.26,31298.11,0.48878351647111273,0.5738390574471327,1238.8400000000001,0.03958194280740914,In range
PRV017,Provider Group 17,Emergency,South,Medicare Advantage,16,55409.46,32327.489999999998,23038.79,31089.07,0.4157916355799172,0.5834290751073914,1238.4199999999983,0.039834578519074335,In range
PRV038,Provider Group 38,Professional,South,Exchange,21,8973.8,5825.25,4970.6900000000005,4602.23,0.5539113864806438,0.649139717845283,1223.0200000000004,0.26574508444819156,Above benchmark
PRV005,Provider Group 05,Inpatient,Northeast,Medicare Advantage,9,77305.68,44145.39,39386.25,42922.43,0.5094871424712907,0.571049759862406,1222.9599999999991,0.02849232906897394,In range
PRV012,Provider Group 12,Emergency,West,Exchange,4,11266.81,7166.85,3498.48,5965.35,0.3105120260304381,0.6361028543128002,1201.5,0.20141316100480272,Above benchmark
PRV009,Provider Group 09,Imaging,Northeast,Exchange,8,9640.08,6601.95,4971.57,5401.17,0.5157187492219981,0.6848439017103592,1200.7799999999997,0.22231849765884054,Above benchmark
PRV028,Provider Group 28,Inpatient,Northeast,Exchange,1,8682.72,6371.3,5943.62,5180.71,0.6845343394696594,0.7337907936683437,1190.5900000000001,0.22981212999762585,Above benchmark
PRV025,Provider Group 25,Imaging,South,Commercial,9,9487.66,6530.18,5800.52,5349.03,0.6113751968346253,0.6882814097469766,1181.1500000000005,0.22081573668496915,Above benchmark
PRV030,Provider Group 30,Emergency,South,Exchange,6,13713.28,8812.91,7375.32,7650.36,0.5378231903672935,0.6426551488775843,1162.5500000000002,0.1519601691946523,In range
PRV035,Provider Group 35,Outpatient,South,Medicare Advantage,25,65754.42,37846.23,32216.49,36695.73,0.4899517021061094,0.5755693685686833,1150.5,0.03135242165777871,In range
PRV011,Provider Group 11,Emergency,Midwest,Medicare Advantage,14,32324.93,18537.25,15725.37,17395.93,0.48647808363390116,0.5734660523626811,1141.3199999999997,0.0656084497925664,In range
PRV009,Provider Group 09,Emergency,Northeast,Medicare Advantage,6,15581.48,9392.84,4573.6,8259.37,0.2935279575496038,0.60282078467514,1133.4699999999993,0.13723443797771492,In range
PRV032,Provider Group 32,Outpatient,West,Medicare Advantage,36,56666.35,32758.31,29085.5,31627.72,0.513276397721046,0.5780910540382432,1130.5900000000001,0.03574680691494676,In range
PRV026,Provider Group 26,Emergency,Northeast,Medicare Advantage,13,32149.149999999998,18873.37,15703.91,17744.39,0.48847045722826266,0.5870565784787467,1128.9799999999996,0.06362461600539661,In range
PRV017,Provider Group 17,Outpatient,South,Medicare Advantage,29,78673.08,45036.89,37676.47,43915.840000000004,0.4788991355111558,0.5724561692512864,1121.0499999999956,0.0255272357308888,In range
PRV004,Provider Group 04,Professional,South,Exchange,16,10349.1,6607.99,5760.41,5497.92,0.5566097535051356,0.6385086625890174,1110.0699999999997,0.20190726674815196,Above benchmark
PRV021,Provider Group 21,Outpatient,South,Medicare Advantage,23,31708.2,18446.37,15999.71,17336.88,0.5045921875098555,0.581753931159763,1109.489999999998,0.06399594390686202,In range
PRV001,Provider Group 01,Imaging,South,Exchange,3,5903.16,3968.42,3295.14,2867.7200000000003,0.558199337304088,0.672253504902459,1100.6999999999998,0.3838240832438312,Above benchmark
PRV027,Provider Group 27,Inpatient,South,Medicare Advantage,9,82730.36,44661.26,39646.59,43579.04,0.4792266104003415,0.5398412384522442,1082.2200000000012,0.024833497938458515,In range
PRV020,Provider Group 20,Emergency,South,Medicare Advantage,13,29308.84,16716.86,14191.52,15640.32,0.4842061303006192,0.5703692128381744,1076.5400000000009,0.06883107251002543,In range
PRV028,Provider Group 28,Professional,Northeast,Exchange,18,8075.09,5231.78,4712.3,4159.7699999999995,0.5835600593925269,0.647891230933649,1072.0100000000002,0.2577089598703775,Above benchmark
PRV012,Provider Group 12,Professional,West,Medicare Advantage,46,25590.33,15002.51,13113.21,13949.55,0.5124283274189898,0.5862569962950849,1052.960000000001,0.07548343853385958,In range
PRV004,Provider Group 04,Outpatient,South,Exchange,4,10882.79,6845.51,6076.74,5796.54,0.5583807093585376,0.629021601997282,1048.9700000000003,0.18096485144586258,In range
PRV028,Provider Group 28,Outpatient,Northeast,Medicare Advantage,23,34761.33,20104.43,17875.18,19082.06,0.5142260091889465,0.5783561791220301,1022.369999999999,0.053577548755218196,In range
PRV019,Provider Group 19,Outpatient,West,Exchange,9,20152.57,12423.230000000001,11203.49,11426.09,0.5559335608311992,0.6164588437107525,997.1400000000012,0.08726869821610028,In range
PRV040,Provider Group 40,Professional,South,Exchange,18,7155.610000000001,4577.7,3808.47,3591.85,0.5322355466550021,0.6397358156746943,985.8499999999999,0.27446858861032614,Above benchmark
PRV027,Provider Group 27,Emergency,South,Exchange,4,8595.26,5367.79,4865.27,4394.13,0.5660410505325029,0.6245058322843056,973.6599999999999,0.22158197413367375,Above benchmark
PRV012,Provider Group 12,Outpatient,West,Exchange,8,20205.97,12716.06,11240.800000000001,11763.529999999999,0.556310832887508,0.629321928123223,952.5300000000007,0.08097314326566947,In range
PRV032,Provider Group 32,Emergency,West,Medicare Advantage,8,17801.68,10172.26,9062.51,9225.22,0.50908172711789,0.5714213489962745,947.0400000000009,0.10265771439597114,In range
PRV001,Provider Group 01,Outpatient,South,Exchange,7,15164.23,9691.22,8424.33,8749.26,0.5555395822933311,0.6390842133098746,941.9599999999991,0.1076616765303579,In range
PRV015,Provider Group 15,Professional,Midwest,Exchange,13,7413.37,5071.77,4108.54,4135.61,0.5542067912433887,0.6841382529133175,936.1600000000008,0.2263656389263013,Above benchmark
PRV008,Provider Group 08,Outpatient,South,Medicare Advantage,16,30879.77,17829.04,15757.3,16905.14,0.5102790597209759,0.5773695853304607,923.9000000000015,0.054652017078829364,In range
PRV040,Provider Group 40,Emergency,South,Medicare Advantage,10,30069.98,17741.92,13373.67,16824.38,0.44475154290092644,0.5900210109883678,917.5399999999972,0.05453633358257464,In range
PRV019,Provider Group 19,Emergency,West,Exchange,4,10788.02,7008.469999999999,6270.71,6097.54,0.5812660710677214,0.6496530410585074,910.9299999999994,0.14939303391203657,In range
PRV032,Provider Group 32,Professional,West,Medicare Advantage,48,20610.86,12068.3,10211.77,11164.55,0.49545579369322773,0.5855311229128721,903.75,0.08094817972959054,In range
PRV039,Provider Group 39,Professional,Northeast,Exchange,14,6568.78,4391.42,3739.71,3501.8,0.5693157633533168,0.6685290114754947,889.6199999999999,0.25404649037637783,Above benchmark
PRV005,Provider Group 05,Outpatient,Northeast,Medicare Advantage,27,51090.25,29185.01,24029.71,28300.18,0.4703384696688703,0.5712442197875328,884.8299999999981,0.03126587887426858,In range
PRV025,Provider Group 25,Professional,South,Exchange,14,7971.91,5304.24,4713.97,4424.84,0.5913225312378088,0.6653662673060785,879.3999999999996,0.19874164941557199,In range
PRV023,Provider Group 23,Emergency,West,Medicare Advantage,8,22860.059999999998,12625.0,9028.06,11747.43,0.3949272224132395,0.552273266124411,877.5699999999997,0.07470314783744186,In range
PRV028,Provider Group 28,Professional,Northeast,Medicare Advantage,37,16446.170000000002,9820.8,8416.73,8946.11,0.5117744739352688,0.5971481506028454,874.6899999999987,0.09777322210435582,In range
PRV028,Provider Group 28,Emergency,Northeast,Exchange,4,11381.02,7030.0599999999995,5808.29,6177.35,0.5103488088062406,0.6177003467176052,852.7099999999991,0.13803815551976156,In range
PRV020,Provider Group 20,Professional,South,Exchange,14,7288.4,4601.71,3638.81,3750.97,0.49926046868997315,0.6313745129246474,850.7400000000002,0.22680533302052544,Above benchmark
PRV030,Provider Group 30,Pharmacy,South,Commercial,24,6433.73,4553.0599999999995,4134.92,3702.94,0.6426940515066688,0.7076858991595855,850.1199999999994,0.2295797393422522,Above benchmark
PRV031,Provider Group 31,Pharmacy,South,Commercial,23,5929.35,4187.44,3206.79,3352.97,0.5408333122517645,0.706222435848786,834.4699999999998,0.2488748780931532,Above benchmark
PRV035,Provider Group 35,Emergency,South,Exchange,3,6571.87,4117.71,3694.2799999999997,3292.4700000000003,0.5621352826516653,0.6265659545913111,825.2399999999998,0.25064465279865866,Above benchmark
PRV003,Provider Group 03,Professional,West,Exchange,22,9512.97,6224.57,5278.3,5408.56,0.5548530059487206,0.6543245695087865,816.0099999999993,0.15087380005029052,In range
PRV019,Provider Group 19,Inpatient,West,Exchange,4,54131.62,33525.97,29655.7,32713.18,0.5478443098506935,0.6193417082289427,812.7900000000009,0.024845948941680414,In range
PRV033,Provider Group 33,Outpatient,Midwest,Exchange,7,9005.87,5560.36,5063.69,4754.31,0.5622655001682235,0.6174150859383934,806.0499999999993,0.1695409007826581,In range
PRV010,Provider Group 10,Emergency,Midwest,Exchange,4,5830.34,4022.91,3584.3399999999997,3218.12,0.6147737524741267,0.689995780692035,804.79,0.25008079251239856,Above benchmark
PRV033,Provider Group 33,Outpatient,Midwest,Medicare Advantage,28,39386.35,23101.11,19502.67,22299.93,0.4951631720126389,0.5865257887567648,801.1800000000003,0.035927467036892057,In range
PRV034,Provider Group 34,Professional,Midwest,Medicare Advantage,36,20143.6,11495.0,10033.74,10707.98,0.49811056613514965,0.5706527135169484,787.0200000000004,0.07349845629147612,In range
PRV011,Provider Group 11,Imaging,Midwest,Medicare Advantage,11,12718.18,7327.48,5735.8,6540.55,0.45099220171439625,0.5761421838659304,786.9299999999994,0.1203155697915312,In range
PRV016,Provider Group 16,Imaging,Northeast,Medicare Advantage,8,7596.4,4745.82,3918.24,3964.3199999999997,0.5158022221052078,0.6247459322837133,781.5,0.19713343019736046,In range
PRV003,Provider Group 03,Emergency,West,Exchange,4,8367.8,5150.15,4507.45,4376.59,0.5386660771050934,0.6154724061282536,773.5599999999995,0.17674947847525116,In range
PRV037,Provider Group 37,Professional,Northeast,Exchange,18,6843.7,4466.9,3820.55,3698.91,0.558257959875506,0.6527024854976109,767.9899999999998,0.20762603037110927,Above benchmark
PRV033,Provider Group 33,Emergency,Midwest,Exchange,3,6177.26,4019.9600000000005,3437.05,3253.5699999999997,0.5564036482194371,0.6507674923833545,766.3900000000008,0.2355535611651204,Above benchmark
PRV040,Provider Group 40,Emergency,South,Managed Medicaid,10,33363.69,15596.54,13241.9,14831.65,0.39689554722514203,0.46747047463874647,764.8900000000012,0.05157147047024446,In range
PRV006,Provider Group 06,Lab,West,Commercial,23,3325.59,2525.72,2199.17,1765.3100000000002,0.6612871700961334,0.7594802726734202,760.4099999999996,0.430751539389682,Above benchmark
PRV016,Provider Group 16,Professional,Northeast,Medicare Advantage,27,12006.78,7112.78,6214.01,6356.01,0.5175417555747669,0.5923969623829203,756.7699999999995,0.11906368932710923,In range
PRV019,Provider Group 19,Imaging,West,Medicare Advantage,7,5936.610000000001,3671.2799999999997,3156.9,2921.7400000000002,0.5317681302965833,0.618413539039957,749.5399999999995,0.2565389117443713,Above benchmark
PRV001,Provider Group 01,Professional,South,Exchange,14,7123.47,4564.92,3993.94,3816.77,0.5606733796871468,0.6408281357259875,748.1500000000001,0.19601652706345946,In range
PRV028,Provider Group 28,Imaging,Northeast,Exchange,7,5059.03,3279.7799999999997,2866.56,2542.52,0.5666224552928131,0.6483021448775753,737.2599999999998,0.28997215361137757,Above benchmark
PRV004,Provider Group 04,Imaging,South,Exchange,5,7413.7699999999995,4710.54,4008.4,3973.85,0.540669591854077,0.6353771428031892,736.69,0.185384450847415,In range
PRV037,Provider Group 37,Inpatient,Northeast,Exchange,1,10115.12,5987.39,5019.81,5250.84,0.4962679632075546,0.5919247621382643,736.5500000000002,0.14027279444812643,In range
PRV009,Provider Group 09,Lab,Northeast,Commercial,23,3823.81,2773.12,2355.62,2057.5,0.616040022909088,0.7252243181538831,715.6199999999999,0.34781044957472657,Above benchmark
PRV017,Provider Group 17,Lab,South,Commercial,19,4143.32,2977.19,1991.4,2262.29,0.48062906075321243,0.7185517893862893,714.9000000000001,0.31600723161044786,Above benchmark
PRV039,Provider Group 39,Professional,Northeast,Medicare Advantage,39,21337.0,12621.3,10880.26,11912.0,0.5099245442189624,0.5915217696958335,709.2999999999993,0.059544996642041575,In range
PRV031,Provider Group 31,Imaging,South,Exchange,10,6755.75,4337.13,3868.1800000000003,3656.68,0.5725759538171188,0.6419908966435999,680.4500000000003,0.18608409814367138,In range
PRV039,Provider Group 39,Imaging,Northeast,Exchange,3,4234.55,2878.54,2425.12,2200.76,0.5726983977045966,0.679774710417872,677.7799999999997,0.3079754266707863,Above benchmark
PRV029,Provider Group 29,Pharmacy,Northeast,Commercial,27,9855.19,6270.69,5234.18,5594.9400000000005,0.531108989273672,0.6362830143305201,675.7499999999991,0.12077877510750769,In range
PRV012,Provider Group 12,Professional,West,Exchange,16,8435.74,5351.72,4452.09,4676.97,0.5277651990222554,0.6344102592066613,674.75,0.1442707564940549,In range
PRV021,Provider Group 21,Imaging,South,Medicare Advantage,10,6135.59,3697.68,3348.9900000000002,3024.08,0.5458301483638901,0.6026608687999034,673.5999999999999,0.22274543001507893,Above benchmark
PRV015,Provider Group 15,Imaging,Midwest,Medicare Advantage,10,9363.39,5414.21,4686.610000000001,4752.07,0.5005249167235372,0.5782318156137894,662.1400000000003,0.1393371730635282,In range
PRV024,Provider Group 24,Professional,West,Medicare Advantage,31,16543.67,9721.41,8010.43,9067.98,0.4841990924625552,0.587621126388522,653.4300000000003,0.07205904732917368,In range
PRV038,Provider Group 38,Lab,South,Commercial,20,3099.16,2253.89,1965.6,1601.21,0.6342363737270744,0.7272583538765343,652.6799999999998,0.4076167398404955,Above benchmark
PRV034,Provider Group 34,Outpatient,Midwest,Medicare Advantage,30,64043.01,36328.47,31807.02,35677.47,0.49665092255969856,0.5672511332618502,651.0,0.018246809541147397,In range
PRV007,Provider Group 07,Professional,South,Exchange,11,4513.79,2936.7200000000003,2596.85,2287.25,0.5753147576648449,0.6506106841479112,649.4700000000003,0.28395234451852674,Above benchmark
PRV035,Provider Group 35,Lab,South,Commercial,23,4219.7699999999995,3037.86,2649.2200000000003,2388.68,0.6278114683975669,0.7199112747851187,649.1800000000003,0.27177353182510855,Above benchmark
PRV036,Provider Group 36,Professional,Northeast,Exchange,18,8832.95,5630.72,4661.68,4991.05,0.527760261294358,0.6374676636910658,639.6700000000001,0.12816341250839003,In range
PRV020,Provider Group 20,Imaging,South,Exchange,6,7035.03,4570.81,4211.15,3933.42,0.5985973051998357,0.6497214652958127,637.3900000000003,0.16204473460754262,In range
PRV006,Provider Group 06,Professional,West,Medicare Advantage,42,16214.03,9580.36,7772.25,8944.75,0.4793533748241492,0.5908685255917252,635.6100000000006,0.07105956007714029,In range
PRV040,Provider Group 40,Professional,South,Medicare Advantage,39,17465.47,10298.98,8975.08,9666.06,0.5138756643823498,0.5896766591451589,632.9200000000001,0.0654785921047459,In range
PRV026,Provider Group 26,Professional,Northeast,Medicare Advantage,37,18055.55,10570.65,9413.71,9946.71,0.5213748681153441,0.5854515647543276,623.9400000000005,0.06272827899878458,In range
PRV003,Provider Group 03,Outpatient,West,Exchange,8,14802.59,9288.89,8285.539999999999,8666.26,0.5597358300135313,0.627517887072465,622.6299999999992,0.071845294279193,In range
PRV027,Provider Group 27,Professional,South,Exchange,20,8113.09,5168.17,4514.93,4549.21,0.5564994348639052,0.6370162293281598,618.96,0.13605878822916506,In range
PRV005,Provider Group 05,Imaging,Northeast,Medicare Advantage,7,9701.23,5646.200000000001,4783.75,5028.74,0.49310757501883784,0.582008673127016,617.460000000001,0.12278622477996495,In range
PRV026,Provider Group 26,Lab,Northeast,Commercial,22,4730.99,3342.75,2973.11,2725.65,0.6284329495517852,0.7065645879615049,617.0999999999999,0.2264047108029277,Above benchmark
PRV033,Provider Group 33,Professional,Midwest,Medicare Advantage,32,15853.67,9336.39,8138.4800000000005,8721.13,0.5133499057316067,0.5889103280186858,615.2600000000002,0.07054819730929367,In range
PRV019,Provider Group 19,Professional,West,Exchange,16,5748.39,3699.95,3241.1,3087.2799999999997,0.5638274368997231,0.6436497871577954,612.6700000000001,0.1984497680806406,In range
PRV031,Provider Group 31,Emergency,South,Exchange,3,3926.64,2672.57,2486.61,2060.17,0.6332666096204389,0.680625165535929,612.4000000000001,0.29725702247872754,Above benchmark
PRV028,Provider Group 28,Pharmacy,Northeast,Exchange,8,3133.52,2212.42,1903.36,1602.8400000000001,0.6074191324772141,0.7060494268426563,609.5799999999999,0.38031244540939824,Above benchmark
PRV016,Provider Group 16,Emergency,Northeast,Exchange,2,3991.29,2622.91,2390.21,2015.6,0.5988565100506352,0.6571584625522074,607.31,0.3013048223853939,Above benchmark
PRV003,Provider Group 03,Imaging,West,Exchange,8,7789.889999999999,5003.9400000000005,4569.29,4398.400000000001,0.5865666909288835,0.6423633709846995,605.54,0.13767279010549288,In range
PRV004,Provider Group 04,Professional,South,Medicare Advantage,34,23236.31,13378.01,11325.4,12777.55,0.48740096857031084,0.5757372835876264,600.460000000001,0.04699335944684239,In range
PRV010,Provider Group 10,Pharmacy,Midwest,Exchange,11,4150.19,2707.3,2041.6100000000001,2109.25,0.491931694693496,0.652331579999952,598.0500000000002,0.2835368021808701,Above benchmark
PRV023,Provider Group 23,Lab,West,Commercial,18,3174.7,2255.47,2021.48,1657.53,0.6367467792232337,0.7104513812328723,597.9399999999998,0.36074158537100376,Above benchmark
PRV020,Provider Group 20,Lab,South,Commercial,16,3343.98,2416.62,2145.43,1820.3899999999999,0.6415797941375246,0.7226777672115263,596.23,0.32752871637396386,Above benchmark
PRV004,Provider Group 04,Lab,South,Commercial,12,2834.19,2113.68,1760.97,1519.07,0.6213309622855208,0.7457792173425211,594.6099999999999,0.3914302830020999,Above benchmark
PRV023,Provider Group 23,Professional,West,Exchange,13,5020.97,3179.05,2354.11,2591.69,0.46885561953168414,0.6331545498180631,587.3600000000001,0.22663204318417715,Above benchmark
PRV008,Provider Group 08,Professional,South,Exchange,19,8386.369999999999,5255.84,4629.78,4678.29,0.5520600688975087,0.62671215317235,577.5500000000002,0.12345322756819269,In range
PRV009,Provider Group 09,Professional,Northeast,Exchange,13,6126.41,3989.2799999999997,3235.27,3413.34,0.5280857794368969,0.6511611204604327,575.9399999999996,0.16873209232013206,In range
PRV009,Provider Group 09,Professional,Northeast,Medicare Advantage,38,21112.53,12238.25,10522.58,11664.42,0.49840450197110436,0.579667619181595,573.8299999999999,0.049194902104005164,In range
PRV002,Provider Group 02,Professional,Midwest,Medicare Advantage,35,18660.03,10685.78,9239.04,10113.6,0.4951246059089938,0.5726560996954454,572.1800000000003,0.05657530454042085,In range
PRV023,Provider Group 23,Professional,West,Medicare Advantage,27,12686.39,7605.72,6404.0,7033.67,0.5047929316377631,0.5995180662111129,572.0500000000002,0.08133023016433813,In range
PRV033,Provider Group 33,Pharmacy,Midwest,Exchange,12,4174.43,2639.36,2111.04,2067.46,0.5057073660356024,0.6322683575961269,571.9000000000001,0.2766196202103064,Above benchmark
PRV006,Provider Group 06,Professional,West,Exchange,17,10777.439999999999,6742.93,4566.58,6174.0,0.42371657833400145,0.6256522884840928,568.9300000000003,0.09214933592484617,In range
PRV020,Provider Group 20,Professional,South,Medicare Advantage,37,18451.329999999998,10746.27,9323.71,10186.3,0.5053137090930573,0.5824116743887839,559.9700000000012,0.05497285569834005,In range
PRV002,Provider Group 02,Lab,Midwest,Commercial,14,2553.74,1812.57,1422.44,1264.4,0.5570026705929344,0.7097707675800983,548.1699999999998,0.43354160075925324,Above benchmark
PRV006,Provider Group 06,Emergency,West,Exchange,6,14699.93,8977.73,5136.18,8430.82,0.34940166381744675,0.6107328402244092,546.9099999999999,0.0648703210363879,In range
PRV038,Provider Group 38,Inpatient,South,Medicare Advantage,11,115685.35,67142.08,59970.759999999995,66595.77,0.5183954580247195,0.5803853296895415,546.3099999999977,0.008203373877950471,In range
PRV001,Provider Group 01,Lab,South,Commercial,17,2615.79,1916.98,1702.93,1371.03,0.6510193861127996,0.7328493495272939,545.95,0.3982042697825723,Above benchmark
PRV022,Provider Group 22,Professional,Midwest,Exchange,11,4716.34,3119.98,2714.41,2576.93,0.5755331464652675,0.6615256745696875,543.0500000000002,0.21073525474110674,Above benchmark
PRV038,Provider Group 38,Professional,South,Medicare Advantage,38,17855.93,10532.84,8638.5,9992.57,0.4837888589392991,0.5898791045887837,540.2700000000004,0.05406717190872823,In range
PRV008,Provider Group 08,Professional,South,Medicare Advantage,45,21291.63,12338.7,10227.59,11799.3,0.48035730472490834,0.5795094128537834,539.4000000000015,0.045714576288424014,In range
PRV035,Provider Group 35,Professional,South,Exchange,11,5871.83,3878.5299999999997,3473.28,3346.03,0.5915157625476215,0.660531725203216,532.4999999999995,0.15914382118510578,In range
PRV028,Provider Group 28,Imaging,Northeast,Medicare Advantage,12,11051.23,6435.81,5722.5199999999995,5903.46,0.517817473711071,0.5823614204029778,532.3500000000004,0.09017593072537128,In range
PRV034,Provider Group 34,Emergency,Midwest,Exchange,4,10033.34,5962.049999999999,4270.27,5430.68,0.4256080228518121,0.5942238576585662,531.369999999999,0.09784594194465498,In range
PRV018,Provider Group 18,Emergency,Northeast,Medicare Advantage,11,35351.240000000005,21015.7,18661.99,20486.98,0.5279019915567318,0.5944826829271052,528.7200000000012,0.025807610492127254,In range
PRV003,Provider Group 03,Outpatient,West,Medicare Advantage,22,45278.66,26119.08,22995.05,25595.18,0.5078562395618598,0.576851876800241,523.9000000000015,0.020468697621974195,In range
PRV025,Provider Group 25,Outpatient,South,Medicare Advantage,34,77965.4,44355.14,37432.6,43831.94,0.4801181036716287,0.5689080027807207,523.1999999999971,0.011936501099426516,In range
PRV007,Provider Group 07,Professional,South,Medicare Advantage,36,17890.88,10319.94,9128.24,9798.48,0.5102174962886118,0.5768268525639879,521.460000000001,0.053218458373135526,In range
PRV024,Provider Group 24,Professional,West,Exchange,17,8616.7,5525.75,4364.45,5007.389999999999,0.506510613111748,0.6412837861362238,518.3600000000006,0.10351899891959697,In range
PRV017,Provider Group 17,Emergency,South,Exchange,1,2458.51,1446.0,1195.6,934.23,0.486310814273686,0.5881611219803864,511.77,0.5477987219421341,Above benchmark
PRV036,Provider Group 36,Pharmacy,Northeast,Exchange,9,3269.32,2191.82,1975.32,1680.17,0.6041990383321302,0.6704207602804253,511.6500000000001,0.3045227566258177,Above benchmark
PRV025,Provider Group 25,Pharmacy,South,Exchange,8,3814.2,2485.0699999999997,2153.0299999999997,1973.8400000000001,0.5644774788946567,0.6515311205495254,511.22999999999956,0.25900275604912226,Above benchmark
PRV025,Provider Group 25,Imaging,South,Medicare Advantage,13,16196.0,9802.810000000001,8729.619999999999,9295.08,0.5389985181526302,0.6052611755989133,507.7300000000014,0.054623521260710114,In range
PRV004,Provider Group 04,Pharmacy,South,Medicare Advantage,21,9850.56,5808.59,4814.49,5307.6,0.48875292369164797,0.589671044082773,500.9899999999998,0.09439106187353978,In range
PRV031,Provider Group 31,Professional,South,Medicare Advantage,40,15696.31,9140.86,7659.08,8640.05,0.48795417521697776,0.5823572546668613,500.8100000000013,0.05796378493180032,In range
PRV005,Provider Group 05,Imaging,Northeast,Exchange,5,6057.78,3939.2,2347.13,3441.42,0.3874571212556415,0.6502712214705717,497.77999999999975,0.14464378076491674,In range
PRV036,Provider Group 36,Lab,Northeast,Commercial,23,3916.12,2709.77,2378.74,2213.37,0.6074226530341256,0.6919527491496685,496.4000000000001,0.22427339306125957,Above benchmark
PRV032,Provider Group 32,Professional,West,Exchange,16,5252.03,3396.56,2702.63,2905.45,0.5145876927588,0.6467137468750179,491.1100000000001,0.16903061487893448,In range
PRV003,Provider Group 03,Professional,West,Medicare Advantage,40,17001.14,9923.63,8251.65,9434.14,0.48535862889194487,0.583703798686441,489.4899999999998,0.05188496248730672,In range
PRV005,Provider Group 05,Lab,Northeast,Commercial,19,2707.06,1966.06,1676.69,1479.82,0.6193767408184525,0.7262713054014318,486.24,0.3285805030341528,Above benchmark
PRV038,Provider Group 38,Imaging,South,Exchange,4,4126.05,2618.2999999999997,2382.14,2132.37,0.577341525187528,0.6345778650282957,485.92999999999984,0.22788259073237752,Above benchmark
PRV036,Provider Group 36,Imaging,Northeast,Medicare Advantage,14,14227.8,8246.7,7256.29,7762.09,0.5100078719127342,0.5796187745118712,484.6100000000006,0.062432927214191095,In range
PRV001,Provider Group 01,Pharmacy,South,Medicare Advantage,21,7648.78,4593.3099999999995,3802.34,4115.41,0.4971171873161472,0.6005284502888042,477.89999999999964,0.11612451736279002,In range
PRV032,Provider Group 32,Lab,West,Commercial,16,2379.59,1737.52,1578.6,1261.61,0.6633915926693253,0.7301762068255455,475.9100000000001,0.37722434032704255,Above benchmark
PRV005,Provider Group 05,Professional,Northeast,Exchange,19,8725.96,5274.27,4351.45,4800.45,0.49867865541441864,0.604434354500823,473.8200000000006,0.09870324657063413,In range
PRV014,Provider Group 14,Professional,West,Medicare Advantage,30,11803.75,7060.18,6407.13,6586.96,0.5428046171767447,0.5981302552155036,473.22000000000025,0.0718419422616807,In range
PRV025,Provider Group 25,Lab,South,Commercial,21,3575.2200000000003,2484.94,2082.62,2013.03,0.5825152018617036,0.695045339867197,471.9100000000001,0.23442770351162182,Above benchmark
PRV024,Provider Group 24,Imaging,West,Medicare Advantage,7,7611.13,4630.41,4125.92,4158.59,0.5420903334984424,0.6083735266642404,471.8199999999997,0.11345672451479942,In range
PRV001,Provider Group 01,Professional,South,Medicare Advantage,42,22749.16,13132.58,11293.66,12666.82,0.49644294558568314,0.5772775786007044,465.7600000000002,0.03677008120428018,In range
PRV022,Provider Group 22,Emergency,Midwest,Exchange,3,6656.76,4074.52,3471.9,3613.23,0.5215600382167902,0.6120875621173063,461.28999999999996,0.12766693512452845,In range
PRV021,Provider Group 21,Professional,South,Medicare Advantage,39,13188.69,7723.13,6679.93,7266.09,0.5064892722476607,0.58558734794737,457.03999999999996,0.06290040448164005,In range
PRV011,Provider Group 11,Professional,Midwest,Medicare Advantage,28,13594.48,7920.0199999999995,6574.6,7463.1,0.48362276453384023,0.5825908751199016,456.91999999999916,0.061223888196593794,In range
PRV027,Provider Group 27,Imaging,South,Exchange,7,8361.21,5304.53,4557.75,4854.46,0.5451065097037391,0.6344213337543251,450.0699999999997,0.09271268071010982,In range
PRV033,Provider Group 33,Lab,Midwest,Commercial,18,2278.14,1658.41,1244.1100000000001,1210.06,0.5461077896880789,0.7279666745678492,448.35000000000014,0.3705188172487316,Above benchmark
PRV002,Provider Group 02,Imaging,Midwest,Medicare Advantage,5,6060.570000000001,3583.33,3119.62,3138.63,0.514740362705158,0.5912529679551592,444.6999999999998,0.14168602224537452,In range
PRV029,Provider Group 29,Outpatient,Northeast,Medicare Advantage,27,59556.81,32678.23,26614.88,32235.89,0.4468822289172305,0.5486900658379789,442.34000000000015,0.013721972621199544,In range
PRV002,Provider Group 02,Professional,Midwest,Exchange,18,8694.27,5305.1,4642.55,4862.93,0.5339781258230996,0.6101834886655234,442.1700000000001,0.09092666355468823,In range
PRV008,Provider Group 08,Imaging,South,Exchange,5,4680.26,3088.0,2810.1600000000003,2647.11,0.6004281813403529,0.6597924046954656,440.8899999999999,0.16655522437677311,In range
PRV018,Provider Group 18,Lab,Northeast,Commercial,11,2319.7,1664.42,1340.67,1227.55,0.5779497348795104,0.7175151959305084,436.8700000000001,0.3558877438800865,Above benchmark
PRV010,Provider Group 10,Professional,Midwest,Exchange,16,8568.2,5307.14,4729.9400000000005,4871.22,0.5520342662402838,0.6193996405312667,435.9200000000001,0.08948887547677996,In range
PRV028,Provider Group 28,Pharmacy,Northeast,Medicare Advantage,15,4999.81,2967.31,2544.18,2533.24,0.508855336502787,0.5934845524129916,434.07000000000016,0.1713497339375662,In range
PRV027,Provider Group 27,Professional,South,Medicare Advantage,38,17485.89,10219.55,8970.26,9791.85,0.5129999102133206,0.584445515784441,427.6999999999989,0.04367918217701444,In range
PRV013,Provider Group 13,Professional,South,Medicare Advantage,44,14938.2,8576.210000000001,7278.13,8150.0,0.48721599657254555,0.5741126775649008,426.21000000000095,0.05229570552147251,In range
PRV007,Provider Group 07,Imaging,South,Exchange,6,6049.46,3937.31,3436.02,3513.54,0.5679878865221027,0.650853133998737,423.77,0.12061055232045173,In range
PRV037,Provider Group 37,Pharmacy,Northeast,Exchange,14,3909.2799999999997,2578.75,2207.45,2155.06,0.5646691973969631,0.659648323988049,423.69000000000005,0.19660241478195506,In range
PRV034,Provider Group 34,Lab,Midwest,Commercial,18,2529.97,1784.87,1539.45,1361.43,0.608485476112365,0.7054905789396713,423.4399999999998,0.31102590658351864,Above benchmark
PRV030,Provider Group 30,Professional,South,Medicare Advantage,37,16632.93,9629.7,8562.23,9207.16,0.5147758091929684,0.5789539185218721,422.5400000000009,0.04589254449797776,In range
PRV029,Provider Group 29,Outpatient,Northeast,Exchange,13,39997.23,22342.4,19700.31,21920.57,0.49254185852370275,0.5585986829587949,421.83000000000175,0.01924356894004133,In range
PRV039,Provider Group 39,Lab,Northeast,Commercial,18,2691.14,1911.6200000000001,1638.41,1491.72,0.6088163380574776,0.7103383696128779,419.9000000000001,0.28148714235915595,Above benchmark
PRV037,Provider Group 37,Lab,Northeast,Commercial,13,2007.69,1437.6,1278.56,1019.67,0.6368313833310919,0.7160468000537931,417.92999999999995,0.4098678984377298,Above benchmark
PRV014,Provider Group 14,Pharmacy,West,Medicare Advantage,20,6658.88,3959.7400000000002,3467.38,3544.13,0.5207151953481667,0.5946555576913836,415.6100000000001,0.11726714313526877,In range
PRV025,Provider Group 25,Pharmacy,South,Medicare Advantage,26,10436.09,5994.82,5234.35,5580.03,0.5015623667484662,0.5744316118392999,414.78999999999996,0.07433472579896523,In range
PRV005,Provider Group 05,Professional,Northeast,Medicare Advantage,45,20686.29,12174.52,10592.93,11762.460000000001,0.5120749056500706,0.588530857877367,412.0599999999995,0.03503178756824673,In range
PRV015,Provider Group 15,Lab,Midwest,Commercial,15,2345.46,1679.9,1482.6599999999999,1272.32,0.6321403903711851,0.716234768446275,407.58000000000015,0.3203439386317909,Above benchmark
PRV015,Provider Group 15,Emergency,Midwest,Exchange,2,3127.4700000000003,1967.95,1765.31,1562.08,0.564453056304297,0.6292466434530147,405.8700000000001,0.25982664140120876,Above benchmark
PRV034,Provider Group 34,Pharmacy,Midwest,Exchange,11,3762.13,2357.56,2058.75,1952.8200000000002,0.5472298937038327,0.6266556445417888,404.7399999999998,0.20725924560379336,Above benchmark
PRV029,Provider Group 29,Lab,Northeast,Commercial,18,2913.22,2019.17,1793.18,1619.62,0.6155319543323197,0.69310591029857,399.5500000000002,0.2466936688852942,Above benchmark
PRV026,Provider Group 26,Pharmacy,Northeast,Exchange,7,2370.89,1564.75,1421.78,1165.53,0.599681975966831,0.6599842253331027,399.22,0.3425222859986444,Above benchmark
PRV014,Provider Group 14,Professional,West,Exchange,10,3588.37,2359.66,1749.39,1966.53,0.487516616179491,0.6575854775287944,393.1299999999999,0.1999105022552414,In range
PRV006,Provider Group 06,Inpatient,West,Exchange,2,10437.55,6764.92,5870.65,6374.87,0.5624547906357334,0.6481329430757219,390.0500000000002,0.06118556143105666,In range
PRV001,Provider Group 01,Pharmacy,South,Exchange,7,3329.2,2079.65,1799.68,1689.88,0.5405743121470624,0.6246695902919621,389.77,0.23064951357492838,Above benchmark
PRV033,Provider Group 33,Imaging,Midwest,Medicare Advantage,7,6009.5,3671.88,3202.56,3282.41,0.532916215991347,0.6110125634412181,389.47000000000025,0.11865367214942688,In range
PRV011,Provider Group 11,Professional,Midwest,Exchange,12,5995.78,3703.79,3202.72,3315.34,0.5341623608604719,0.6177328054064692,388.4499999999998,0.11716747000307655,In range
PRV013,Provider Group 13,Professional,South,Exchange,12,4340.75,2791.61,2528.36,2406.04,0.5824707711800956,0.6431169728733515,385.57000000000016,0.16025086864723787,In range
PRV016,Provider Group 16,Professional,Northeast,Exchange,15,4898.13,3038.07,2689.43,2653.09,0.5490728094191047,0.6202509937465931,384.98,0.14510627230889264,In range
PRV037,Provider Group 37,Imaging,Northeast,Medicare Advantage,7,8469.32,4900.48,4002.5,4521.12,0.47258811805434203,0.578615520490429,379.3599999999997,0.08390841207488403,In range
PRV040,Provider Group 40,Lab,South,Commercial,16,2409.14,1774.4,1552.81,1400.8,0.6445495072930589,0.73652838772342,373.60000000000014,0.26670474014848666,Above benchmark
PRV025,Provider Group 25,Inpatient,South,Medicare Advantage,12,142519.25,79343.23,62664.57,78971.34,0.43969197143543765,0.5567193905384711,371.8899999999994,0.004709176772231539,In range
PRV034,Provider Group 34,Professional,Midwest,Exchange,14,8337.28,5348.34,4819.99,4976.98,0.5781249999999999,0.641496987026944,371.3600000000006,0.07461552989965815,In range
PRV013,Provider Group 13,Imaging,South,Medicare Advantage,10,7593.12,4378.89,3334.5299999999997,4008.76,0.43915149503761297,0.5766917946772868,370.1300000000001,0.09233029665033579,In range
PRV024,Provider Group 24,Imaging,West,Exchange,2,2181.3199999999997,1578.77,1350.6100000000001,1211.83,0.619170960702694,0.7237681770670971,366.94000000000005,0.3027982472789088,Above benchmark
PRV008,Provider Group 08,Lab,South,Commercial,17,2147.99,1558.58,1285.1,1192.85,0.5982802527013626,0.72559928118846,365.73,0.3066018359391374,Above benchmark
PRV018,Provider Group 18,Professional,Northeast,Exchange,14,7809.74,4874.13,4217.65,4513.28,0.5400499888600645,0.6241091252717761,360.85000000000036,0.07995293888258659,In range
PRV021,Provider Group 21,Professional,South,Exchange,13,3629.35,2352.04,2079.09,1992.41,0.5728546433934452,0.648060947552592,359.6299999999999,0.1804999974904763,In range
PRV031,Provider Group 31,Professional,South,Exchange,14,5946.26,3770.04,3421.54,3410.44,0.575410426049315,0.6340186941035205,359.5999999999999,0.1054409401719426,In range
PRV025,Provider Group 25,Professional,South,Medicare Advantage,36,20339.58,11642.56,9161.710000000001,11286.58,0.45043752132541576,0.572409066460566,355.97999999999956,0.031540112239491463,In range
PRV026,Provider Group 26,Imaging,Northeast,Medicare Advantage,10,9601.73,5525.06,4856.98,5169.24,0.5058442593157692,0.5754233872437572,355.8200000000006,0.06883410327243475,In range
PRV030,Provider Group 30,Professional,South,Exchange,10,4595.68,2880.8,2498.3199999999997,2526.44,0.5436235769244159,0.6268495630679246,354.3600000000001,0.14026060385364392,In range
PRV030,Provider Group 30,Lab,South,Commercial,17,2747.48,1923.28,1607.75,1570.09,0.5851725945229811,0.7000160146752661,353.19000000000005,0.22494888828028972,Above benchmark
PRV019,Provider Group 19,Professional,West,Medicare Advantage,39,15311.71,8923.43,7514.29,8571.84,0.4907544617812119,0.5827846791769176,351.59000000000015,0.041016864523836204,In range
PRV034,Provider Group 34,Pharmacy,Midwest,Medicare Advantage,18,5186.63,3095.8700000000003,2715.26,2744.49,0.523511412998421,0.5968943225177042,351.38000000000056,0.1280310731684213,In range
PRV029,Provider Group 29,Pharmacy,Northeast,Exchange,6,2492.0299999999997,1569.71,1147.38,1218.83,0.4604198183809987,0.6298920960020546,350.8800000000001,0.287882641549683,Above benchmark
PRV011,Provider Group 11,Pharmacy,Midwest,Medicare Advantage,17,4567.8,2790.95,2464.17,2440.64,0.5394653881518455,0.6110052979552519,350.30999999999995,0.14353202438704601,In range
PRV019,Provider Group 19,Lab,West,Commercial,16,1923.2,1420.52,1081.4,1072.29,0.5622920133111481,0.7386231281198004,348.23,0.32475356480056705,Above benchmark
PRV006,Provider Group 06,Imaging,West,Medicare Advantage,8,7213.31,4215.34,3672.3,3871.75,0.5091005377558985,0.5843835908896193,343.59000000000015,0.08874281655582104,In range
PRV033,Provider Group 33,Imaging,Midwest,Exchange,5,4504.39,2846.9,2430.0299999999997,2503.53,0.5394803735910966,0.6320278661483575,343.3699999999999,0.13715433807463856,In range
PRV021,Provider Group 21,Emergency,South,Exchange,5,9046.63,5461.320000000001,4982.2,5119.66,0.550724413400349,0.6036855713121904,341.66000000000076,0.06673490036447748,In range
PRV032,Provider Group 32,Imaging,West,Medicare Advantage,11,9772.27,5969.87,4186.96,5628.2699999999995,0.42845316390152954,0.6108990029952098,341.60000000000036,0.060693605672791175,In range
PRV026,Provider Group 26,Professional,Northeast,Exchange,11,5675.85,3634.81,3024.97,3293.89,0.5329545354440304,0.6403992353568188,340.9200000000001,0.10350072406789543,In range
PRV020,Provider Group 20,Imaging,South,Medicare Advantage,7,6580.73,4064.89,3113.59,3725.65,0.47313747866878,0.6176959091164658,339.2399999999998,0.09105525210365971,In range
PRV040,Provider Group 40,Imaging,South,Exchange,5,3538.0,2378.95,2091.17,2045.67,0.5910599208592425,0.672399660825325,333.27999999999975,0.16291972801087162,In range
PRV035,Provider Group 35,Imaging,South,Exchange,3,4673.75,3316.02,2985.44,2985.3199999999997,0.6387675849157529,0.7094987964696443,330.7000000000003,0.11077539426259171,In range
PRV012,Provider Group 12,Imaging,West,Medicare Advantage,14,16071.42,9324.43,7365.59,8995.35,0.45830362220637627,0.5801870649886569,329.0799999999999,0.036583345839794994,In range
PRV038,Provider Group 38,Imaging,South,Medicare Advantage,9,13125.01,7818.33,6127.91,7490.43,0.46688802522817124,0.5956818318614614,327.89999999999964,0.04377585799480132,In range
PRV009,Provider Group 09,Imaging,Northeast,Medicare Advantage,10,14726.83,8753.56,7076.02,8427.16,0.48048493803486564,0.5943953994172541,326.39999999999964,0.03873190968250272,In range
PRV033,Provider Group 33,Professional,Midwest,Exchange,15,5478.99,3514.09,3060.85,3192.55,0.5586522333495773,0.6413755089897956,321.53999999999996,0.10071572880612675,In range
PRV013,Provider Group 13,Lab,South,Commercial,20,2333.2799999999997,1612.14,1364.29,1291.39,0.5847090790646644,0.6909329356099569,320.75,0.248375781135056,Above benchmark
PRV038,Provider Group 38,Emergency,South,Exchange,6,13716.53,8041.23,6266.76,7721.84,0.45687648406703446,0.586243751152806,319.3899999999994,0.04136190338054135,In range
PRV017,Provider Group 17,Pharmacy,South,Exchange,4,1958.69,1327.05,912.18,1007.7,0.46570922402217807,0.6775191582128871,319.3499999999999,0.31690979458172064,Above benchmark
PRV006,Provider Group 06,Emergency,West,Medicare Advantage,7,16338.98,9112.22,6471.67,8794.25,0.3960877606802873,0.5576982161677166,317.96999999999935,0.036156579583250345,In range
PRV023,Provider Group 23,Pharmacy,West,Exchange,5,1721.12,1210.05,1077.37,892.37,0.6259702984103375,0.7030596355861299,317.67999999999995,0.35599583132557117,Above benchmark
PRV040,Provider Group 40,Imaging,South,Medicare Advantage,12,11126.86,6476.64,5693.05,6160.23,0.5116492882987653,0.5820725703388018,316.41000000000076,0.05136334195314149,In range
PRV016,Provider Group 16,Lab,Northeast,Commercial,10,1880.1299999999999,1315.74,1172.38,1000.47,0.6235632642423663,0.6998133107817013,315.27,0.31512189271042607,Above benchmark
PRV035,Provider Group 35,Professional,South,Medicare Advantage,27,11595.48,6650.77,5840.71,6336.01,0.5037057543111626,0.5735657342343742,314.7600000000002,0.04967795189717191,In range
PRV011,Provider Group 11,Lab,Midwest,Commercial,11,1640.74,1154.6299999999999,1020.4300000000001,842.96,0.6219327864256372,0.7037251484086448,311.66999999999985,0.3697328461611462,Above benchmark
PRV032,Provider Group 32,Imaging,West,Exchange,3,2316.33,1592.07,1390.29,1283.04,0.600212404968204,0.687324344976752,309.03,0.2408576505798728,Above benchmark
PRV027,Provider Group 27,Lab,South,Commercial,12,1588.27,1171.8,1047.42,863.86,0.6594722559766287,0.737783878055998,307.93999999999994,0.3564697983469543,Above benchmark
PRV024,Provider Group 24,Pharmacy,West,Exchange,8,3211.38,1994.56,1799.23,1687.49,0.5602669257453182,0.6210912442625911,307.06999999999994,0.1819684857391747,In range
PRV007,Provider Group 07,Lab,South,Commercial,10,1738.82,1261.3,1108.09,954.24,0.6372655018920877,0.7253769797908927,307.05999999999995,0.3217848759221998,Above benchmark
PRV015,Provider Group 15,Pharmacy,Midwest,Exchange,6,2609.85,1740.57,1535.64,1438.02,0.5884016322777171,0.6669233864015174,302.54999999999995,0.2103934576709642,Above benchmark
PRV004,Provider Group 04,Pharmacy,South,Exchange,5,2883.48,1716.6699999999998,1514.66,1415.33,0.525288887039272,0.5953465950864927,301.3399999999999,0.21291147647545092,Above benchmark
PRV024,Provider Group 24,Pharmacy,West,Medicare Advantage,19,6623.65,3926.67,3037.05,3625.64,0.4585160749737683,0.5928257078800964,301.0300000000002,0.08302809986650639,In range
PRV024,Provider Group 24,Lab,West,Commercial,10,1687.26,1214.54,1068.99,913.68,0.6335656626720245,0.7198297831987956,300.86,0.32928377550126964,Above benchmark
PRV037,Provider Group 37,Pharmacy,Northeast,Medicare Advantage,13,4489.77,2647.1,2341.22,2350.24,0.5214565556810259,0.5895847671484284,296.8600000000001,0.12631050445911912,In range
PRV033,Provider Group 33,Pharmacy,Midwest,Medicare Advantage,23,8155.3,4694.29,4155.24,4397.72,0.5095140583424276,0.5756121785832526,296.5699999999997,0.06743721746723295,In range
PRV037,Provider Group 37,Professional,Northeast,Medicare Advantage,33,13352.86,7658.42,6547.15,7363.15,0.4903181790268152,0.5735415484023647,295.27000000000044,0.04010104371091183,In range
PRV018,Provider Group 18,Professional,Northeast,Medicare Advantage,38,26721.48,15121.58,12629.23,14827.32,0.47262464504211593,0.5658960506678522,294.2600000000002,0.019845798161771663,In range
PRV014,Provider Group 14,Lab,West,Commercial,12,1726.06,1231.71,1098.1200000000001,937.95,0.6362003638343975,0.7135962828638635,293.76,0.3131936670398209,Above benchmark
PRV003,Provider Group 03,Lab,West,Commercial,17,1906.03,1337.71,1180.3300000000002,1047.03,0.6192609770045593,0.7018305063404039,290.68000000000006,0.27762337277823945,Above benchmark
PRV010,Provider Group 10,Lab,Midwest,Commercial,12,1530.5900000000001,1104.6100000000001,962.96,816.75,0.6291430102117483,0.7216890218804514,287.8600000000001,0.35244566880930533,Above benchmark
PRV009,Provider Group 09,Pharmacy,Northeast,Exchange,11,3559.72,2285.51,2025.06,2000.31,0.5688818221657883,0.64204768914409,285.2000000000003,0.1425779004254342,In range
PRV031,Provider Group 31,Imaging,South,Medicare Advantage,9,6365.25,3662.12,3247.1099999999997,3378.1800000000003,0.5101307882644043,0.5753301127214171,283.9399999999996,0.08405117548502436,In range
PRV020,Provider Group 20,Pharmacy,South,Medicare Advantage,21,7302.88,4222.68,3710.3199999999997,3939.24,0.5080625725741077,0.5782211949258375,283.4400000000005,0.0719529655466538,In range
PRV028,Provider Group 28,Lab,Northeast,Commercial,15,1708.09,1213.09,1079.75,930.05,0.6321388217248506,0.7102026239835137,283.03999999999996,0.304327724315897,Above benchmark
PRV022,Provider Group 22,Pharmacy,Midwest,Medicare Advantage,20,5891.530000000001,3318.7200000000003,2871.95,3037.44,0.48747099649836284,0.5633035900691331,281.2800000000002,0.09260429835651081,In range
PRV031,Provider Group 31,Pharmacy,South,Exchange,5,2312.3,1583.29,1044.73,1304.59,0.4518142109587856,0.684725165419712,278.70000000000005,0.21363033596762207,Above benchmark
PRV039,Provider Group 39,Pharmacy,Northeast,Exchange,7,2678.02,1683.42,1485.77,1405.44,0.554801681839568,0.6286062090649062,277.98,0.19778859289617487,In range
PRV021,Provider Group 21,Imaging,South,Exchange,5,3050.14,1988.62,1678.82,1712.74,0.550407522277666,0.6519766305808914,275.8799999999999,0.16107523617128103,In range
PRV029,Provider Group 29,Professional,Northeast,Medicare Advantage,43,26478.59,15084.369999999999,12801.93,14820.56,0.4834823153347667,0.5696817693087132,263.8099999999995,0.017800272054497232,In range
PRV030,Provider Group 30,Pharmacy,South,Exchange,6,1915.67,1220.23,1091.28,957.1800000000001,0.5696597013055484,0.6369729650722723,263.04999999999995,0.2748176936417392,Above benchmark
PRV008,Provider Group 08,Pharmacy,South,Medicare Advantage,18,7114.74,4109.72,3365.82,3855.5099999999998,0.47307702038303584,0.5776346008427575,254.2100000000005,0.06593420844453794,In range
PRV003,Provider Group 03,Pharmacy,West,Exchange,8,2027.46,1370.5,1153.84,1116.6499999999999,0.5691061722549396,0.6759689463663895,253.85000000000014,0.2273317512201676,Above benchmark
PRV017,Provider Group 17,Imaging,South,Medicare Advantage,10,19031.010000000002,10378.16,7930.82,10124.34,0.4167314293881407,0.5453289131790693,253.8199999999997,0.025070276185904433,In range
PRV021,Provider Group 21,Lab,South,Commercial,11,1511.98,1103.3,926.95,852.23,0.6130702787073903,0.7297054193838542,251.06999999999994,0.2946035694589488,Above benchmark
PRV012,Provider Group 12,Lab,West,Commercial,13,1951.54,1395.95,1252.0,1146.04,0.641544626295131,0.7153068858440002,249.91000000000008,0.21806394192174802,Above benchmark
PRV003,Provider Group 03,Imaging,West,Medicare Advantage,10,7628.860000000001,4482.47,3974.89,4235.49,0.5210332867558193,0.5875674740393715,246.98000000000047,0.05831202529105262,In range
PRV026,Provider Group 26,Emergency,Northeast,Exchange,3,6015.76,3815.18,3133.48,3568.95,0.5208784924930515,0.6341975078793036,246.23000000000002,0.0689922806427661,In range
PRV022,Provider Group 22,Lab,Midwest,Commercial,11,2193.25,1526.72,1106.35,1281.06,0.5044340590447965,0.6960993958737034,245.66000000000008,0.19176307120665706,In range
PRV036,Provider Group 36,Professional,Northeast,Medicare Advantage,36,17131.53,9890.02,8555.5,9645.06,0.49940081242013995,0.5772992838351274,244.96000000000095,0.025397457351224458,In range
PRV018,Provider Group 18,Imaging,Northeast,Exchange,4,5094.56,3020.9300000000003,2651.54,2776.01,0.520464966552558,0.5929717188530511,244.92000000000007,0.08822734788419352,In range
PRV016,Provider Group 16,Imaging,Northeast,Exchange,2,1869.92,1265.6399999999999,1062.73,1021.02,0.5683291263797382,0.6768417900231025,244.6199999999999,0.2395839454662983,Above benchmark
PRV017,Provider Group 17,Emergency,South,Managed Medicaid,11,39474.43,17472.18,12315.630000000001,17228.22,0.3119900654676965,0.4426201974290699,243.95999999999913,0.014160487850747153,In range
PRV020,Provider Group 20,Pharmacy,South,Exchange,5,1818.18,1235.84,1166.5,997.94,0.6415756415756415,0.6797126797126797,237.89999999999986,0.23839108563641084,Above benchmark
PRV019,Provider Group 19,Emergency,West,Managed Medicaid,6,13862.59,6519.5,5838.14,6282.4,0.421143523684968,0.47029451206448436,237.10000000000036,0.03774035400483897,In range
PRV002,Provider Group 02,Pharmacy,Midwest,Exchange,9,2825.62,1801.12,1235.01,1567.06,0.4370757568250508,0.6374247067900142,234.05999999999995,0.14936250047860322,In range
PRV005,Provider Group 05,Pharmacy,Northeast,Exchange,10,3088.94,2057.2400000000002,1367.65,1825.42,0.4427570622932139,0.6660019294644766,231.82000000000016,0.12699543118843892,In range
PRV010,Provider Group 10,Pharmacy,Midwest,Medicare Advantage,18,4967.45,2898.19,2290.74,2670.27,0.4611500870668049,0.5834361694632055,227.92000000000007,0.08535466450958146,In range
PRV035,Provider Group 35,Pharmacy,South,Exchange,10,3244.2,2087.67,1854.01,1860.16,0.5714844954071883,0.6435084150175698,227.51,0.12230668329606055,In range
PRV014,Provider Group 14,Imaging,West,Exchange,5,3798.05,2397.76,1759.71,2174.21,0.4633193349218678,0.6313134371585419,223.55000000000018,0.10281895493075655,In range
PRV016,Provider Group 16,Pharmacy,Northeast,Exchange,6,1691.82,1138.54,931.94,916.04,0.5508505632986961,0.6729675733825111,222.5,0.24289332343565784,Above benchmark
PRV018,Provider Group 18,Pharmacy,Northeast,Exchange,8,3493.63,2220.5299999999997,2024.14,2000.97,0.5793801862246432,0.6355939237984559,219.55999999999972,0.10972678251048228,In range
PRV031,Provider Group 31,Lab,South,Commercial,12,1364.97,990.5600000000001,877.61,771.92,0.6429518597478333,0.7257009311559961,218.6400000000001,0.28324178671364925,Above benchmark
PRV027,Provider Group 27,Pharmacy,South,Exchange,10,2945.44,1883.25,1633.97,1665.81,0.5547456407192134,0.6393781574229996,217.44000000000005,0.1305310929817927,In range
PRV036,Provider Group 36,Imaging,Northeast,Exchange,3,3201.8500000000004,1915.54,1658.55,1701.27,0.5179974077486452,0.5982603807173976,214.26999999999998,0.12594708658825465,In range
PRV025,Provider Group 25,Imaging,South,Exchange,4,3467.08,2166.29,1900.48,1952.3600000000001,0.5481500282658607,0.6248168487603402,213.92999999999984,0.10957507836669457,In range
PRV039,Provider Group 39,Imaging,Northeast,Medicare Advantage,12,15521.89,8848.16,7934.43,8635.630000000001,0.5111767961246988,0.5700439830458791,212.52999999999884,0.024610827467133122,In range
PRV010,Provider Group 10,Professional,Midwest,Medicare Advantage,46,21246.09,12122.49,10530.61,11910.06,0.4956493171214092,0.5705751034660965,212.4300000000003,0.0178361821854802,In range
PRV038,Provider Group 38,Pharmacy,South,Exchange,8,2053.64,1370.97,1180.06,1159.03,0.574618725774722,0.6675804912253366,211.94000000000005,0.1828598051819194,In range
PRV029,Provider Group 29,Imaging,Northeast,Exchange,4,4394.17,2333.48,2059.17,2122.52,0.46861409549471233,0.5310399916252672,210.96000000000004,0.09939128959915573,In range
PRV031,Provider Group 31,Pharmacy,South,Medicare Advantage,24,5871.59,3377.72,2925.19,3175.69,0.49819384527870647,0.575264962301523,202.02999999999975,0.0636176704905075,In range
PRV026,Provider Group 26,Pharmacy,Northeast,Medicare Advantage,20,7882.83,4606.7,4034.02,4412.45,0.5117476845244665,0.5843967204671419,194.25,0.04402316173554375,In range
PRV027,Provider Group 27,Emergency,South,Medicare Advantage,15,35023.69,18982.41,14055.89,18788.79,0.4013252173029169,0.5419877231668051,193.61999999999898,0.010305080848740072,In range
PRV014,Provider Group 14,Pharmacy,West,Exchange,9,2734.88,1719.9,1513.3700000000001,1527.42,0.5533588311004505,0.628875855613409,192.48000000000002,0.1260164198452292,In range
PRV018,Provider Group 18,Imaging,Northeast,Medicare Advantage,8,8255.34,4608.9,4155.75,4417.83,0.5034014347077165,0.5582931775069228,191.0699999999997,0.04324974025709448,In range
PRV005,Provider Group 05,Pharmacy,Northeast,Medicare Advantage,19,6967.93,3998.88,3484.44,3809.09,0.5000681694563521,0.5738978434054303,189.78999999999996,0.0498255488843792,In range
PRV022,Provider Group 22,Professional,Midwest,Medicare Advantage,33,15990.21,9268.73,7942.39,9086.39,0.4967032953288294,0.5796502985264108,182.34000000000015,0.020067375492357268,In range
PRV011,Provider Group 11,Pharmacy,Midwest,Exchange,7,3095.67,1841.8899999999999,1563.83,1660.41,0.5051668944041192,0.5949891299783245,181.4799999999998,0.10929830584012369,In range
PRV006,Provider Group 06,Pharmacy,West,Exchange,3,965.48,684.97,614.72,504.36,0.6366988440982724,0.7094605791937689,180.61,0.358097390752637,Above benchmark
PRV009,Provider Group 09,Pharmacy,Northeast,Medicare Advantage,20,6446.47,3777.46,2941.6,3598.32,0.4563117489106441,0.5859734087027474,179.13999999999987,0.04978434380488669,In range
PRV034,Provider Group 34,Imaging,Midwest,Exchange,5,4275.0,2847.5099999999998,2433.6400000000003,2673.88,0.5692725146198832,0.6660842105263157,173.62999999999965,0.06493559920415264,In range
PRV007,Provider Group 07,Pharmacy,South,Medicare Advantage,14,5218.97,2999.0,2224.61,2825.39,0.42625460579386354,0.5746344585234251,173.61000000000013,0.06144638439295111,In range
PRV022,Provider Group 22,Imaging,Midwest,Exchange,4,4088.9700000000003,2530.46,1937.73,2357.78,0.4738919581214829,0.6188502238950151,172.67999999999984,0.07323838526071128,In range
PRV010,Provider Group 10,Imaging,Midwest,Exchange,6,6044.47,3748.62,3293.51,3577.82,0.5448798653976279,0.62017348088418,170.79999999999973,0.04773856706038865,In range
PRV014,Provider Group 14,Imaging,West,Medicare Advantage,13,10418.21,5815.15,4574.08,5644.6,0.4390466308511731,0.5581717012807382,170.54999999999927,0.03021471849200993,In range
PRV012,Provider Group 12,Imaging,West,Exchange,4,3825.1299999999997,2349.9,2092.98,2182.06,0.547165717243597,0.61433206191685,167.84000000000015,0.07691814157264243,In range
PRV013,Provider Group 13,Pharmacy,South,Exchange,7,1858.1,1166.95,1003.2,1003.54,0.5399063559550078,0.6280340132393305,163.41000000000008,0.16283356916515543,In range
PRV015,Provider Group 15,Imaging,Midwest,Exchange,2,1728.3400000000001,1114.6,995.22,953.5899999999999,0.5758242012566972,0.64489625883796,161.01,0.16884614981281265,In range
PRV027,Provider Group 27,Pharmacy,South,Medicare Advantage,17,4154.55,2469.23,2195.19,2311.39,0.528382135249305,0.594343551046443,157.84000000000015,0.0682879133335353,In range
PRV040,Provider Group 40,Pharmacy,South,Exchange,11,3222.08,2041.3,1559.04,1883.71,0.4838613566391896,0.6335348594696594,157.58999999999992,0.08365937431982626,In range
PRV039,Provider Group 39,Lab,Northeast,Medicare Advantage,10,2117.38,1284.97,1035.58,1128.61,0.4890855680132994,0.6068679216767893,156.36000000000013,0.13854210045985782,In range
PRV038,Provider Group 38,Pharmacy,South,Medicare Advantage,14,4293.64,2422.56,2115.77,2266.33,0.4927683736875937,0.5642205680960676,156.23000000000002,0.06893523891048524,In range
PRV002,Provider Group 02,Pharmacy,Midwest,Medicare Advantage,18,5967.54,3465.22,2761.58,3310.83,0.4627669022746391,0.5806781353790674,154.38999999999987,0.046631811358481066,In range
PRV013,Provider Group 13,Emergency,South,Exchange,1,1318.71,928.08,794.54,775.32,0.6025130620075679,0.7037786928134313,152.76,0.19702832378888716,In range
PRV007,Provider Group 07,Pharmacy,South,Exchange,5,2100.44,1432.03,1305.5,1280.58,0.6215364399840033,0.6817761992725333,151.45000000000005,0.11826672289118997,In range
PRV008,Provider Group 08,Imaging,South,Medicare Advantage,10,9798.710000000001,5532.62,4885.62,5381.63,0.49859828487627444,0.564627384625119,150.98999999999978,0.02805655535590514,In range
PRV032,Provider Group 32,Lab,West,Medicare Advantage,13,2134.76,1217.08,1055.19,1066.6399999999999,0.4942897562255242,0.570124978920347,150.44000000000005,0.14104102602565072,In range
PRV037,Provider Group 37,Lab,Northeast,Exchange,3,688.79,455.91,378.18,309.26,0.5490497829527142,0.6618998533660477,146.65000000000003,0.47419646899049356,Above benchmark
PRV013,Provider Group 13,Imaging,South,Exchange,4,2171.72,1337.43,1219.92,1191.38,0.5617298730959793,0.6158390584421566,146.04999999999995,0.12258893048397651,In range
PRV010,Provider Group 10,Imaging,Midwest,Medicare Advantage,10,10609.49,6256.33,5521.47,6110.65,0.5204274663532367,0.5896918702029975,145.6800000000003,0.023840344316889413,In range
PRV022,Provider Group 22,Pharmacy,Midwest,Exchange,7,2061.05,1301.61,1142.54,1164.8,0.5543485116809392,0.6315276194172872,136.80999999999995,0.11745364010989007,In range
PRV023,Provider Group 23,Imaging,West,Exchange,1,1041.95,648.77,628.83,513.08,0.6035126445606795,0.6226498392437256,135.68999999999994,0.26446168238871115,Above benchmark
PRV013,Provider Group 13,Pharmacy,South,Medicare Advantage,20,5649.62,3334.12,2989.31,3199.7,0.5291170025594641,0.5901494259790924,134.42000000000007,0.0420101884551677,In range
PRV019,Provider Group 19,Pharmacy,West,Exchange,5,1070.5700000000002,706.3199999999999,616.77,572.28,0.5761136590788084,0.6597606882315027,134.03999999999996,0.23422101069406578,Above benchmark
PRV032,Provider Group 32,Pharmacy,West,Exchange,7,1887.18,1186.22,1055.8600000000001,1054.77,0.5594908805731303,0.6285674922370945,131.45000000000005,0.1246243256823763,In range
PRV006,Provider Group 06,Pharmacy,West,Medicare Advantage,19,5456.88,3104.11,2711.31,2972.97,0.49686084355895677,0.5688433683716703,131.14000000000033,0.04411077138349877,In range
PRV036,Provider Group 36,Pharmacy,Northeast,Medicare Advantage,16,5191.13,3068.29,2711.0,2937.21,0.5222369696000678,0.5910639879949067,131.07999999999993,0.04462738449072417,In range
PRV014,Provider Group 14,Lab,West,Medicare Advantage,14,2111.84,1216.92,845.73,1086.94,0.40047067959693916,0.5762368361239488,129.98000000000002,0.11958341766794857,In range
PRV020,Provider Group 20,Lab,South,Medicare Advantage,8,1525.73,899.45,801.16,770.8,0.52509946058608,0.5895210817117053,128.6500000000001,0.16690451478982887,In range
PRV018,Provider Group 18,Pharmacy,Northeast,Medicare Advantage,13,5112.56,2976.7599999999998,2453.85,2848.4900000000002,0.47996502730530294,0.5822445115558545,128.26999999999953,0.04503087600799003,In range
PRV017,Provider Group 17,Professional,South,Exchange,10,6674.83,4241.73,3034.66,4114.61,0.45464229051526406,0.6354813530831496,127.11999999999989,0.03089478711226578,In range
PRV005,Provider Group 05,Lab,Northeast,Exchange,5,941.48,620.16,535.73,496.42,0.5690296129498237,0.6587075668097038,123.73999999999995,0.24926473550622447,Above benchmark
PRV016,Provider Group 16,Lab,Northeast,Exchange,10,1329.51,878.38,755.39,754.97,0.5681717324427796,0.6606794984618394,123.40999999999997,0.16346344887876335,In range
PRV012,Provider Group 12,Pharmacy,West,Medicare Advantage,10,3902.7599999999998,2227.51,1960.64,2105.27,0.5023726798470827,0.570752493107442,122.24000000000024,0.05806381129261341,In range
PRV013,Provider Group 13,Lab,South,Exchange,8,1042.49,676.64,611.73,556.49,0.5867969956546346,0.6490613818837591,120.14999999999998,0.21590684468723603,Above benchmark
PRV018,Provider Group 18,Lab,Northeast,Medicare Advantage,12,2380.85,1344.92,1164.48,1226.53,0.4891026314131508,0.564890690299683,118.3900000000001,0.09652434102712538,In range
PRV012,Provider Group 12,Pharmacy,West,Exchange,2,492.03,338.77,302.71999999999997,220.89,0.615247037782249,0.6885149279515477,117.88,0.5336592874281316,Above benchmark
PRV006,Provider Group 06,Lab,West,Exchange,5,1189.52,786.27,677.44,670.17,0.5695070280449257,0.6609977133633734,116.10000000000002,0.17323962576659657,In range
PRV008,Provider Group 08,Pharmacy,South,Exchange,2,562.9100000000001,365.32,319.86,252.17000000000002,0.568225826508678,0.6489847400117247,113.14999999999998,0.4487052385295633,Above benchmark
PRV004,Provider Group 04,Emergency,South,Exchange,1,1994.01,1164.37,939.86,1055.02,0.47134166829654817,0.5839338819765196,109.34999999999991,0.1036473242213417,In range
PRV025,Provider Group 25,Lab,South,Exchange,3,547.61,372.79999999999995,324.71,264.68,0.5929584923576998,0.6807764650024651,108.11999999999995,0.4084932748979898,Above benchmark
PRV004,Provider Group 04,Imaging,South,Medicare Advantage,10,15791.0,8939.34,7437.35,8833.93,0.47098663795833073,0.5661034766639225,105.40999999999985,0.011932401547216228,In range
PRV005,Provider Group 05,Lab,Northeast,Medicare Advantage,11,1535.74,891.98,771.9399999999999,791.0,0.5026501881828955,0.5808144607811219,100.98000000000002,0.127661188369153,In range
PRV028,Provider Group 28,Lab,Northeast,Medicare Advantage,9,1437.48,868.38,597.46,770.31,0.4156301305061636,0.6040988396360297,98.07000000000005,0.1273123807298361,In range
PRV030,Provider Group 30,Imaging,South,Exchange,2,948.0799999999999,590.11,546.5899999999999,495.11,0.5765230782212472,0.6224263775208844,95.0,0.19187655268526185,In range
PRV024,Provider Group 24,Lab,West,Medicare Advantage,13,2156.35,1257.3,1088.59,1163.45,0.5048299209312032,0.5830686113107798,93.84999999999991,0.08066526279599459,In range
PRV003,Provider Group 03,Pharmacy,West,Medicare Advantage,15,4597.1,2623.12,2277.36,2532.98,0.49539057231733047,0.5706032063692327,90.13999999999987,0.03558654233353594,In range
PRV002,Provider Group 02,Imaging,Midwest,Exchange,3,3431.1499999999996,2144.8199999999997,1891.1100000000001,2054.81,0.5511592323273539,0.6251023709251999,90.00999999999976,0.043804536672490284,In range
PRV015,Provider Group 15,Lab,Midwest,Exchange,3,539.0600000000001,360.97,328.28999999999996,271.3,0.6090045634994248,0.669628612770378,89.67000000000002,0.3305197198673056,Above benchmark
PRV010,Provider Group 10,Lab,Midwest,Exchange,5,722.12,466.29,412.12,383.29999999999995,0.5707084695064533,0.6457237024317288,82.99000000000007,0.21651447951995845,Above benchmark
PRV037,Provider Group 37,Imaging,Northeast,Exchange,1,708.4,440.57,392.29,359.93,0.5537690570299266,0.6219226425748166,80.63999999999999,0.2240435640263384,Above benchmark
PRV031,Provider Group 31,Lab,South,Medicare Advantage,15,1796.7,1022.59,891.88,944.89,0.4963989536372238,0.5691489953804196,77.70000000000005,0.08223179417710003,In range
PRV030,Provider Group 30,Lab,South,Medicare Advantage,8,983.49,597.3199999999999,553.7,520.42,0.5629950482465506,0.607347303988856,76.89999999999998,0.14776526651550667,In range
PRV015,Provider Group 15,Lab,Midwest,Medicare Advantage,12,1558.6100000000001,906.59,751.91,830.04,0.48242344139970866,0.5816657149639742,76.55000000000007,0.09222447110982612,In range
PRV009,Provider Group 09,Lab,Northeast,Exchange,3,443.92,299.34999999999997,258.17,223.48,0.5815687511263291,0.6743332131915659,75.86999999999998,0.3394934669769106,Above benchmark
PRV021,Provider Group 21,Lab,South,Exchange,5,654.69,419.6,358.96,346.29999999999995,0.5482900303960653,0.6409140203760558,73.30000000000007,0.2116661853883918,Above benchmark
PRV038,Provider Group 38,Lab,South,Medicare Advantage,7,912.15,537.46,480.79999999999995,465.0,0.5271062873430905,0.5892232637175904,72.46000000000004,0.1558279569892474,In range
PRV009,Provider Group 09,Lab,Northeast,Medicare Advantage,11,1799.33,1083.61,979.52,1011.94,0.5443804082630758,0.6022297188397904,71.66999999999985,0.07082435717532644,In range
PRV036,Provider Group 36,Lab,Northeast,Medicare Advantage,11,1412.0700000000002,841.88,621.48,770.99,0.4401198240880409,0.596202737824612,70.88999999999999,0.09194671785626271,In range
PRV035,Provider Group 35,Lab,South,Medicare Advantage,6,1122.73,671.14,582.79,601.91,0.5190829495960738,0.5977750661334426,69.23000000000002,0.11501719526175014,In range
PRV026,Provider Group 26,Lab,Northeast,Medicare Advantage,16,2362.77,1313.75,1059.67,1245.32,0.44848631055921656,0.5560211108148487,68.43000000000006,0.05494973179584369,In range
PRV027,Provider Group 27,Imaging,South,Medicare Advantage,9,9386.68,5451.25,4707.26,5384.3,0.501482952438988,0.5807431381489515,66.94999999999982,0.012434299723269471,In range
PRV015,Provider Group 15,Pharmacy,Midwest,Medicare Advantage,17,5652.9,3222.23,2852.4300000000003,3156.01,0.5045958711457836,0.5700136213271065,66.2199999999998,0.020982189536788477,In range
PRV040,Provider Group 40,Pharmacy,South,Medicare Advantage,15,4449.8,2457.81,2167.01,2392.73,0.48699042653602415,0.5523416782776753,65.07999999999993,0.027199057143931796,In range
PRV040,Provider Group 40,Lab,South,Medicare Advantage,11,1592.34,945.11,830.98,880.04,0.5218609091023274,0.5935353002499466,65.07000000000005,0.0739398209172311,In range
PRV019,Provider Group 19,Pharmacy,West,Medicare Advantage,15,4480.84,2554.13,2190.09,2491.05,0.48876773105042803,0.5700114264289732,63.07999999999993,0.02532265510527686,In range
PRV008,Provider Group 08,Lab,South,Exchange,4,602.1899999999999,397.23,335.03,334.71,0.5563526461747953,0.6596423055846162,62.52000000000004,0.18678856323384435,In range
PRV034,Provider Group 34,Lab,Midwest,Exchange,4,662.09,438.52,383.4,376.88,0.5790753522934948,0.6623268739899408,61.639999999999986,0.16355338569305877,In range
PRV023,Provider Group 23,Lab,West,Medicare Advantage,13,1492.77,866.58,761.76,805.6800000000001,0.5102996442854559,0.5805180972286421,60.89999999999998,0.07558832290735773,In range
PRV040,Provider Group 40,Lab,South,Exchange,4,562.0799999999999,364.84000000000003,331.9,305.89,0.5904853401651011,0.6490890976373471,58.950000000000045,0.19271633593775556,In range
PRV024,Provider Group 24,Lab,West,Exchange,4,634.7,391.73,347.96,334.25,0.5482275090593981,0.6171892232550811,57.48000000000002,0.17196709050112197,In range
PRV031,Provider Group 31,Outpatient,South,Exchange,3,5002.41,3155.96,2654.46,3102.1,0.5306362333355323,0.6308879120264033,53.86000000000013,0.01736243190097035,In range
PRV017,Provider Group 17,Lab,South,Exchange,2,367.78999999999996,246.25,221.47,192.60000000000002,0.6021642785285082,0.6695396829712609,53.64999999999998,0.2785565939771546,Above benchmark
PRV032,Provider Group 32,Pharmacy,West,Medicare Advantage,14,3569.15,1988.2,1589.49,1937.26,0.44534132776711544,0.5570513987924296,50.940000000000055,0.02629487007422858,In range
PRV017,Provider Group 17,Imaging,South,Exchange,2,2353.46,1552.15,462.51,1503.73,0.19652341658664263,0.6595183262090709,48.42000000000007,0.03219992950862194,In range
PRV001,Provider Group 01,Lab,South,Medicare Advantage,12,2287.3199999999997,1276.73,1110.62,1229.98,0.485555147508875,0.5581772554780268,46.75,0.03800874810972536,In range
PRV027,Provider Group 27,Lab,South,Medicare Advantage,13,2013.81,1163.75,1009.75,1119.07,0.501412744995804,0.5778847061043495,44.680000000000064,0.03992600999043855,In range
PRV030,Provider Group 30,Lab,South,Exchange,7,1339.87,842.33,657.3399999999999,797.72,0.490599834312284,0.628665467545359,44.610000000000014,0.0559218773504488,In range
PRV021,Provider Group 21,Lab,South,Medicare Advantage,11,1059.41,619.62,416.86,576.4,0.3934831651579653,0.5848727121699814,43.22000000000003,0.07498265093684946,In range
PRV017,Provider Group 17,Lab,South,Medicare Advantage,9,2032.75,1129.94,995.17,1086.83,0.48956831877997786,0.5558676669536343,43.11000000000013,0.03966581710111069,In range
PRV016,Provider Group 16,Lab,Northeast,Medicare Advantage,8,949.83,540.68,405.89,498.89,0.4273291009970205,0.5692387058736825,41.789999999999964,0.08376596043215932,In range
PRV035,Provider Group 35,Imaging,South,Medicare Advantage,7,5379.25,3022.5,2667.41,2980.9700000000003,0.4958702421341265,0.5618813031556443,41.529999999999745,0.013931706793426214,In range
PRV031,Provider Group 31,Lab,South,Exchange,3,384.90999999999997,251.42,220.86,210.82999999999998,0.5737964719025227,0.6531916551921229,40.59,0.19252478300052178,In range
PRV019,Provider Group 19,Imaging,West,Exchange,2,1280.8,794.03,744.0699999999999,755.15,0.5809415990006246,0.6199484697064335,38.879999999999995,0.051486459643779375,In range
PRV018,Provider Group 18,Lab,Northeast,Exchange,3,561.2,370.35,324.90999999999997,331.65,0.5789558089807554,0.6599251603706343,38.700000000000045,0.1166892808683855,In range
PRV033,Provider Group 33,Lab,Midwest,Exchange,6,705.76,449.54,386.99,411.35,0.5483308773520744,0.6369587395148493,38.19,0.0928406466512702,In range
PRV023,Provider Group 23,Lab,West,Exchange,3,562.9200000000001,376.76,328.59,340.59,0.5837241526327008,0.669295814680594,36.170000000000016,0.10619806805836936,In range
PRV021,Provider Group 21,Pharmacy,South,Exchange,3,873.84,494.95,443.53,460.62,0.507564313833196,0.5664080380847752,34.329999999999984,0.07452998132951236,In range
PRV023,Provider Group 23,Pharmacy,West,Medicare Advantage,16,6087.94,3435.74,3021.88,3402.5299999999997,0.4963715148309609,0.5643518168707313,33.210000000000036,0.009760384184709625,In range
PRV030,Provider Group 30,Pharmacy,South,Medicare Advantage,12,3411.75,1896.03,1652.04,1863.24,0.48422070784787863,0.5557353264453726,32.789999999999964,0.017598377020673645,In range
PRV017,Provider Group 17,Pharmacy,South,Medicare Advantage,16,6243.81,3621.08,2684.1,3589.8,0.42988175489004304,0.5799471796867617,31.279999999999745,0.008713577358070016,In range
PRV014,Provider Group 14,Lab,West,Exchange,2,361.43,240.05,208.94,209.13,0.5780925767091829,0.6641673353069751,30.920000000000016,0.1478506192320567,In range
PRV010,Provider Group 10,Lab,Midwest,Medicare Advantage,7,794.6999999999999,430.81,308.38,399.94,0.388045803447842,0.5421039385931798,30.870000000000005,0.07718657798669802,In range
PRV022,Provider Group 22,Lab,Midwest,Exchange,6,811.22,517.94,440.49,487.47,0.5429969675303863,0.6384704519119352,30.470000000000027,0.0625064106509119,In range
PRV007,Provider Group 07,Lab,South,Exchange,1,445.73,290.89,247.6,260.91,0.5554932358154039,0.6526148116572813,29.97999999999996,0.11490552297727169,In range
PRV039,Provider Group 39,Lab,Northeast,Exchange,4,563.05,356.7,319.05,326.86,0.5666459461859515,0.6335138975224226,29.839999999999975,0.0912929082787737,In range
PRV002,Provider Group 02,Lab,Midwest,Exchange,1,249.48,163.24,156.37,135.96,0.6267837101170435,0.654320987654321,27.28,0.20064724919093851,Above benchmark
PRV004,Provider Group 04,Lab,South,Medicare Advantage,3,712.7,392.27,284.15,367.63,0.3986951031289462,0.5503998877508067,24.639999999999986,0.06702390990941975,In range
PRV033,Provider Group 33,Lab,Midwest,Medicare Advantage,3,352.62,216.41000000000003,194.58,194.74,0.5518121490556407,0.6137201520049913,21.670000000000016,0.1112765738933964,In range
PRV011,Provider Group 11,Lab,Midwest,Medicare Advantage,5,689.84,403.28,370.8,384.76,0.5375159457265453,0.584599327380262,18.519999999999982,0.048133901652978435,In range
PRV026,Provider Group 26,Lab,Northeast,Exchange,1,190.69,125.98,103.24,107.87,0.5414022759452515,0.6606534165399339,18.11,0.16788727171595438,In range
PRV006,Provider Group 06,Lab,West,Medicare Advantage,5,542.95,322.09000000000003,271.13,304.29,0.49936458237406756,0.5932222119900543,17.80000000000001,0.05849682868316412,In range
PRV021,Provider Group 21,Pharmacy,South,Medicare Advantage,13,2220.04,1293.04,999.48,1275.24,0.45020810435848,0.5824399560368282,17.799999999999955,0.013958156895956803,In range
PRV024,Provider Group 24,Lab,West,Managed Medicaid,3,398.91999999999996,188.27,171.51,170.73,0.4299358267321769,0.4719492630101274,17.54000000000002,0.10273531306741651,In range
PRV027,Provider Group 27,Lab,South,Exchange,3,490.88,302.02,268.72,285.87,0.5474250325945241,0.6152623859191656,16.149999999999977,0.05649421065519284,In range
PRV016,Provider Group 16,Pharmacy,Northeast,Medicare Advantage,17,4884.35,2788.45,2440.07,2772.41,0.49956903170329725,0.570894796646432,16.039999999999964,0.0057855800548980724,In range
PRV012,Provider Group 12,Lab,West,Exchange,4,716.6500000000001,467.08000000000004,418.11,451.07,0.5834228702993093,0.6517546919695807,16.010000000000048,0.03549338240184461,In range
PRV037,Provider Group 37,Lab,Northeast,Medicare Advantage,6,1161.17,649.65,587.1,634.73,0.5056107202218452,0.5594788015536054,14.919999999999959,0.023506057693822507,In range
PRV028,Provider Group 28,Lab,Northeast,Exchange,1,140.74,102.51,97.67,88.48,0.693974705130027,0.7283643598124201,14.030000000000001,0.15856690777576854,In range
PRV013,Provider Group 13,Lab,South,Medicare Advantage,9,799.8199999999999,469.45,421.63,455.69,0.5271561101247781,0.5869445625265685,13.759999999999991,0.03019596655621144,In range
PRV015,Provider Group 15,Professional,Midwest,Medicare Advantage,39,17789.26,10284.54,8741.61,10270.82,0.49139818070004043,0.5781319740112856,13.720000000001164,0.0013358232351458952,In range
PRV012,Provider Group 12,Lab,West,Medicare Advantage,8,1059.58,596.05,546.63,583.63,0.5158930897147926,0.5625342116687744,12.419999999999959,0.021280605863303735,In range
PRV022,Provider Group 22,Lab,Midwest,Medicare Advantage,2,176.19,102.37,85.33,90.5,0.4843067143424712,0.5810204892445655,11.870000000000005,0.1311602209944752,In range
PRV036,Provider Group 36,Lab,Northeast,Exchange,1,84.99,52.39,42.76,40.61,0.5031180138839864,0.6164254618190376,11.780000000000001,0.29007633587786263,Above benchmark
PRV035,Provider Group 35,Pharmacy,South,Medicare Advantage,22,6262.7,3482.29,2639.34,3471.93,0.42143803790697304,0.5560365337633928,10.360000000000127,0.0029839311276437393,In range
PRV003,Provider Group 03,Lab,West,Exchange,3,287.35,169.93,150.45,161.1,0.5235775187054115,0.5913694101270228,8.830000000000013,0.05481067659838618,In range
PRV034,Provider Group 34,Imaging,Midwest,Medicare Advantage,8,6779.84,3868.41,3504.95,3860.42,0.5169664770850049,0.5705754118091282,7.989999999999782,0.00206972298350951,In range
PRV004,Provider Group 04,Lab,South,Exchange,3,825.12,503.32,233.85,496.52,0.283413321698662,0.6099961217762265,6.800000000000011,0.013695319423185394,In range
PRV019,Provider Group 19,Lab,West,Exchange,3,206.01999999999998,125.83,107.92999999999999,119.06,0.5238811765847976,0.6107659450538783,6.769999999999996,0.05686208634302029,In range
PRV029,Provider Group 29,Lab,Northeast,Medicare Advantage,6,972.4000000000001,560.1,508.96999999999997,554.86,0.5234162895927601,0.5759975318798848,5.240000000000009,0.00944382366723139,In range
PRV008,Provider Group 08,Lab,South,Managed Medicaid,3,794.17,388.9,358.74,387.48,0.4517168868126472,0.4896936424191294,1.419999999999959,0.0036647052751108676,In range
PRV023,Provider Group 23,Lab,West,Managed Medicaid,3,304.04,147.85999999999999,127.0,147.55,0.4177081962899618,0.4863175897908169,0.30999999999997385,0.0021009827177226287,In range
PRV039,Provider Group 39,Pharmacy,Northeast,Medicare Advantage,14,5403.73,3138.56,2465.34,3138.28,0.45622930827409963,0.5808136231825054,0.27999999999974534,8.922084708813277e-05,In range
PRV028,Provider Group 28,Lab,Northeast,Managed Medicaid,6,800.92,391.84,347.88,391.79,0.4343504969285322,0.4892373770164311,0.049999999999954525,0.00012761938793729938,In range
PRV011,Provider Group 11,Lab,Midwest,Exchange,4,960.57,604.15,521.53,604.98,0.5429380472011409,0.6289494779141551,-0.8300000000000409,-0.0013719461800390772,In range
PRV020,Provider Group 20,Lab,South,Exchange,3,492.34000000000003,313.34,287.84,317.03999999999996,0.5846366332209448,0.6364301092740788,-3.6999999999999886,-0.011670451678021667,In range
PRV006,Provider Group 06,Imaging,West,Exchange,2,1110.49,659.37,558.35,665.83,0.5027960629992165,0.5937649145872542,-6.460000000000036,-0.009702176231170173,In range
PRV001,Provider Group 01,Lab,South,Exchange,2,517.07,298.91999999999996,258.83000000000004,307.03999999999996,0.5005705223664108,0.5781035449745681,-8.120000000000005,-0.026446065659197517,In range
PRV003,Provider Group 03,Lab,West,Medicare Advantage,9,1283.8,790.26,664.13,799.19,0.5173157812743419,0.615563171833619,-8.930000000000064,-0.01117381348615481,In range
PRV001,Provider Group 01,Imaging,South,Managed Medicaid,4,4837.25,2299.14,2106.15,2310.9,0.43540234637448966,0.4752989818595276,-11.760000000000218,-0.005088926392314777,In range
PRV021,Provider Group 21,Pharmacy,South,Managed Medicaid,9,1695.0700000000002,854.85,576.53,871.12,0.34012164689363855,0.5043154559988673,-16.269999999999982,-0.01867710533565982,In range
PRV027,Provider Group 27,Imaging,South,Managed Medicaid,3,2150.16,1052.0,608.45,1068.3400000000001,0.28297894110205757,0.48926591509469064,-16.340000000000146,-0.015294756350974542,In range
PRV019,Provider Group 19,Lab,West,Medicare Advantage,8,829.84,462.29,420.96999999999997,479.20000000000005,0.507290562036055,0.5570832931649474,-16.910000000000025,-0.035287979966611066,In range
PRV031,Provider Group 31,Lab,South,Managed Medicaid,6,782.58,385.09000000000003,325.68,402.88,0.41616192593728435,0.49207748728564493,-17.789999999999964,-0.044157069102462185,In range
PRV029,Provider Group 29,Lab,Northeast,Exchange,4,643.9000000000001,314.28000000000003,261.77,333.18,0.4065382823419785,0.48808821245535017,-18.899999999999977,-0.05672609400324142,In range
PRV035,Provider Group 35,Lab,South,Managed Medicaid,2,177.0,81.53,72.87,101.28,0.4116949152542373,0.4606214689265537,-19.75,-0.1950039494470774,In range
PRV034,Provider Group 34,Lab,Midwest,Medicare Advantage,9,1316.51,725.27,644.12,746.34,0.48926327942818515,0.5509035252295843,-21.07000000000005,-0.028231101106734262,In range
PRV010,Provider Group 10,Lab,Midwest,Managed Medicaid,2,197.15,80.41,67.47,105.37,0.3422267309155465,0.4078620339842759,-24.960000000000008,-0.23687956723925221,Below benchmark
PRV005,Provider Group 05,Lab,Northeast,Managed Medicaid,4,449.99,203.82,184.6,230.06,0.4102313384741883,0.45294339874219425,-26.24000000000001,-0.11405720246892119,In range
PRV013,Provider Group 13,Imaging,South,Managed Medicaid,2,1643.69,735.9100000000001,613.48,765.6600000000001,0.37323339559162616,0.44771824370775515,-29.75,-0.03885536661181203,In range
PRV011,Provider Group 11,Imaging,Midwest,Exchange,4,3748.58,2281.61,2086.04,2319.06,0.5564880568108457,0.6086598125156727,-37.44999999999982,-0.01614878442127406,In range
PRV036,Provider Group 36,Inpatient,Northeast,Exchange,3,41854.79,27910.76,24269.3,27948.43,0.5798452220164048,0.6668474504351831,-37.67000000000189,-0.00134783957453073,In range
PRV015,Provider Group 15,Lab,Midwest,Managed Medicaid,4,492.45,233.14999999999998,176.81,272.5,0.35904152705858466,0.4734490811249873,-39.35000000000002,-0.14440366972477073,In range
PRV033,Provider Group 33,Lab,Midwest,Managed Medicaid,5,495.69,224.49,174.36,264.79,0.35175210312897176,0.45288385886340254,-40.30000000000001,-0.15219607991238343,In range
PRV002,Provider Group 02,Lab,Midwest,Medicare Advantage,7,1250.05,705.82,501.47,748.17,0.40115995360185597,0.5646334146634135,-42.34999999999991,-0.056604782335565325,In range
PRV025,Provider Group 25,Lab,South,Medicare Advantage,11,1666.91,988.49,875.41,1032.05,0.5251693252785093,0.5930074209165461,-43.559999999999945,-0.0422072574003197,In range
PRV002,Provider Group 02,Lab,Midwest,Managed Medicaid,4,483.45000000000005,236.34,219.10999999999999,280.17,0.4532216361567897,0.488861309339125,-43.83000000000001,-0.1564407324124639,In range
PRV030,Provider Group 30,Lab,South,Managed Medicaid,3,638.52,288.58,261.2,332.86,0.40907097663346487,0.4519513875837875,-44.28000000000003,-0.13302890103947615,In range
PRV019,Provider Group 19,Emergency,West,Medicare Advantage,11,26879.79,15465.99,10411.68,15510.64,0.38734231182609685,0.575376146911862,-44.649999999999636,-0.0028786690942475385,In range
PRV008,Provider Group 08,Lab,South,Medicare Advantage,12,1511.55,863.1,727.06,915.27,0.48100294399788296,0.571003274784162,-52.16999999999996,-0.0569995738962273,In range
PRV003,Provider Group 03,Lab,West,Managed Medicaid,5,639.91,315.11,274.90999999999997,368.04,0.4296072885249488,0.4924286227750778,-52.93000000000001,-0.14381588957721989,In range
PRV034,Provider Group 34,Lab,Midwest,Managed Medicaid,6,665.97,328.45,237.66,381.94,0.3568629217532321,0.493190383951229,-53.49000000000001,-0.14004817510603762,In range
PRV007,Provider Group 07,Lab,South,Managed Medicaid,7,1242.81,599.58,519.01,655.19,0.4176100932564109,0.4824389890651025,-55.610000000000014,-0.08487614279827227,In range
PRV022,Provider Group 22,Imaging,Midwest,Medicare Advantage,13,11094.210000000001,6144.28,5281.54,6200.29,0.47606273903234203,0.5538276272037396,-56.01000000000022,-0.00903344843547644,In range
PRV013,Provider Group 13,Lab,South,Managed Medicaid,7,773.1500000000001,366.94,308.57,427.86,0.39910754704779144,0.4746038931643277,-60.920000000000016,-0.14238302248399012,In range
PRV024,Provider Group 24,Emergency,West,Medicare Advantage,14,31937.59,17992.9,15147.800000000001,18054.47,0.4742937710703908,0.5633768859829437,-61.56999999999971,-0.0034102358031002683,In range
PRV006,Provider Group 06,Lab,West,Managed Medicaid,7,898.49,433.35,376.56,495.7,0.4191031619717526,0.48230920767064744,-62.349999999999966,-0.1257817228162194,In range
PRV039,Provider Group 39,Emergency,Northeast,Medicare Advantage,15,48713.61,28676.86,22126.34,28741.8,0.454212693331494,0.5886827110534407,-64.93999999999869,-0.0022594270365808226,In range
PRV020,Provider Group 20,Lab,South,Managed Medicaid,6,908.41,431.83000000000004,294.95000000000005,502.78000000000003,0.3246881914554002,0.4753690514195133,-70.94999999999999,-0.1411153983849795,In range
PRV037,Provider Group 37,Lab,Northeast,Managed Medicaid,8,1086.1499999999999,502.82,401.47,574.41,0.36962666298393415,0.462937899921742,-71.58999999999997,-0.12463223133301993,In range
PRV001,Provider Group 01,Imaging,South,Medicare Advantage,11,11792.51,6579.4400000000005,5807.52,6651.25,0.4924753084797045,0.557933807136903,-71.80999999999949,-0.010796466829543242,In range
PRV001,Provider Group 01,Lab,South,Managed Medicaid,7,1279.42,586.89,534.13,658.71,0.4174782323240218,0.45871566803707925,-71.82000000000005,-0.10903128842738086,In range
PRV026,Provider Group 26,Lab,Northeast,Managed Medicaid,7,1299.96,627.19,444.07,699.1,0.341602818548263,0.4824686913443491,-71.90999999999997,-0.10286082105564293,In range
PRV014,Provider Group 14,Lab,West,Managed Medicaid,6,812.1700000000001,375.46,335.84,448.90999999999997,0.41350948693007616,0.46229237721166744,-73.44999999999999,-0.1636185426922991,In range
PRV007,Provider Group 07,Lab,South,Medicare Advantage,12,2352.02,1284.03,1098.97,1359.78,0.4672451764865945,0.545926480217005,-75.75,-0.055707540925737986,In range
PRV016,Provider Group 16,Lab,Northeast,Managed Medicaid,7,880.1,430.81,311.96000000000004,510.5,0.3544597204863084,0.48950119304624473,-79.69,-0.156101860920666,In range
PRV027,Provider Group 27,Lab,South,Managed Medicaid,9,1172.54,554.53,475.81,634.24,0.4057942586180429,0.4729305610043154,-79.71000000000004,-0.12567797679112014,In range
PRV025,Provider Group 25,Lab,South,Managed Medicaid,6,867.04,418.20000000000005,314.78,497.95,0.3630513009780402,0.4823306883188781,-79.74999999999994,-0.16015664223315582,In range
PRV030,Provider Group 30,Pharmacy,South,Managed Medicaid,11,2573.74,1249.01,982.7,1330.3,0.3818178992439019,0.48528988942161994,-81.28999999999996,-0.06110651732691871,In range
PRV011,Provider Group 11,Lab,Midwest,Managed Medicaid,5,696.59,331.26,281.21999999999997,413.32,0.4037094991314833,0.47554515568698946,-82.06,-0.19853866253750121,In range
PRV014,Provider Group 14,Emergency,West,Managed Medicaid,8,16482.440000000002,7250.03,5751.9400000000005,7332.1,0.3489738169834078,0.43986387937708243,-82.07000000000062,-0.011193246136850372,In range
PRV012,Provider Group 12,Lab,West,Managed Medicaid,5,649.5,289.65,153.98,373.59999999999997,0.2370746728252502,0.4459584295612009,-83.94999999999999,-0.22470556745182013,Below benchmark
PRV029,Provider Group 29,Professional,Northeast,Exchange,15,8388.0,4693.06,4035.6,4777.21,0.48111587982832615,0.5594969003338103,-84.14999999999964,-0.017614884001331245,In range
PRV039,Provider Group 39,Lab,Northeast,Managed Medicaid,6,1032.7,499.02,297.21000000000004,584.65,0.28779897356444273,0.48321874697395173,-85.63,-0.1464636962285128,In range
PRV022,Provider Group 22,Pharmacy,Midwest,Managed Medicaid,10,3413.1,1618.53,1479.05,1715.1100000000001,0.4333450528844745,0.4742111277138086,-96.58000000000015,-0.05631125700392403,In range
PRV017,Provider Group 17,Lab,South,Managed Medicaid,8,1460.26,677.46,543.12,774.45,0.37193376521989235,0.4639310807664389,-96.99000000000001,-0.1252372651559171,In range
PRV029,Provider Group 29,Lab,Northeast,Managed Medicaid,5,1078.73,481.74,416.83,583.98,0.3864080909958933,0.44658070138032685,-102.24000000000001,-0.17507448885235796,In range
PRV030,Provider Group 30,Imaging,South,Managed Medicaid,5,4107.29,1990.71,1215.46,2095.43,0.29592748503271016,0.48467724460654105,-104.7199999999998,-0.0499754227056021,In range
PRV038,Provider Group 38,Lab,South,Managed Medicaid,5,705.8,305.58,273.28,411.32,0.3871918390478889,0.43295551147633893,-105.74000000000001,-0.2570747836234562,Below benchmark
PRV022,Provider Group 22,Lab,Midwest,Managed Medicaid,4,653.0699999999999,326.45000000000005,190.34,432.77,0.29145420858407217,0.49986984549895125,-106.31999999999994,-0.2456732213415901,Below benchmark
PRV036,Provider Group 36,Lab,Northeast,Managed Medicaid,7,1236.97,574.22,509.56,682.03,0.41194208428660356,0.46421497691940794,-107.80999999999995,-0.15807222556192535,In range
PRV019,Provider Group 19,Lab,West,Managed Medicaid,11,1221.6499999999999,549.0,451.99,661.27,0.36998321941636314,0.44939221544632263,-112.26999999999998,-0.16977936395118481,In range
PRV040,Provider Group 40,Lab,South,Managed Medicaid,12,2123.94,988.73,781.24,1102.45,0.36782583312146294,0.465516916673729,-113.72000000000003,-0.10315207038867978,In range
PRV026,Provider Group 26,Imaging,Northeast,Exchange,3,3756.95,2084.46,1793.74,2198.52,0.477445800449833,0.554827719293576,-114.05999999999995,-0.05188035587577095,In range
PRV021,Provider Group 21,Lab,South,Managed Medicaid,11,1286.52,613.44,534.47,728.89,0.41543854739918545,0.4768211920529802,-115.44999999999993,-0.1583915268421846,In range
PRV009,Provider Group 09,Lab,Northeast,Managed Medicaid,7,1176.07,544.11,469.44,662.3199999999999,0.3991599139507002,0.46265103267662644,-118.20999999999992,-0.17847868100012068,In range
PRV032,Provider Group 32,Lab,West,Managed Medicaid,11,1443.1399999999999,641.45,538.49,782.08,0.37313774131407906,0.44448217082195773,-140.63,-0.17981536415711946,In range
PRV029,Provider Group 29,Pharmacy,Northeast,Medicare Advantage,17,5417.85,2978.39,2602.9300000000003,3119.5,0.4804359662965937,0.5497365190989045,-141.11000000000013,-0.04523481327135763,In range
PRV019,Provider Group 19,Pharmacy,West,Managed Medicaid,8,1783.81,845.5799999999999,765.86,991.86,0.4293394475869067,0.4740303059182312,-146.2800000000001,-0.14748049119835469,In range
PRV004,Provider Group 04,Lab,South,Managed Medicaid,9,1732.23,816.25,729.34,980.65,0.4210410857680562,0.4712134069956068,-164.39999999999998,-0.16764390965176157,In range
PRV032,Provider Group 32,Pharmacy,West,Managed Medicaid,9,3235.98,1547.0,1395.27,1715.06,0.43117386386813267,0.4780622871587587,-168.05999999999995,-0.09799074084871663,In range
PRV023,Provider Group 23,Imaging,West,Medicare Advantage,9,9542.16,5472.19,4698.05,5642.44,0.49234659657771407,0.5734749784115964,-170.25,-0.03017311659494829,In range
PRV021,Provider Group 21,Emergency,South,Medicare Advantage,10,18331.12,9923.85,6746.900000000001,10101.58,0.3680571618100804,0.541366266763842,-177.72999999999956,-0.01759427733087295,In range
PRV016,Provider Group 16,Pharmacy,Northeast,Managed Medicaid,9,2613.29,1206.32,816.23,1386.52,0.31233808723869144,0.46160969505871907,-180.20000000000005,-0.12996566944580681,In range
PRV037,Provider Group 37,Pharmacy,Northeast,Managed Medicaid,8,2246.85,1063.28,913.15,1246.72,0.4064134232369762,0.47323141286690257,-183.44000000000005,-0.14713809034907602,In range
PRV028,Provider Group 28,Imaging,Northeast,Managed Medicaid,5,4449.04,2123.94,1774.85,2313.3199999999997,0.3989287576645748,0.4773928757664575,-189.37999999999965,-0.08186502515864631,In range
PRV005,Provider Group 05,Pharmacy,Northeast,Managed Medicaid,8,2406.22,1130.92,982.36,1324.68,0.4082585964708132,0.4699985869953704,-193.76,-0.14626928767702388,In range
PRV015,Provider Group 15,Pharmacy,Midwest,Managed Medicaid,7,2286.51,1043.1599999999999,875.65,1237.56,0.38296355581213287,0.4562236771323982,-194.4000000000001,-0.1570832929312519,In range
PRV002,Provider Group 02,Imaging,Midwest,Managed Medicaid,4,2941.08,1393.38,1167.74,1589.1799999999998,0.3970446230636365,0.4737647394834551,-195.79999999999973,-0.12320819542153799,In range
PRV018,Provider Group 18,Lab,Northeast,Managed Medicaid,9,2207.12,1007.77,876.76,1208.28,0.3972416542825039,0.45659955054550727,-200.51,-0.16594663488595357,In range
PRV028,Provider Group 28,Pharmacy,Northeast,Managed Medicaid,10,2378.36,1066.71,959.14,1271.69,0.4032778889655056,0.4485065339141257,-204.98000000000002,-0.16118708175734653,In range
PRV013,Provider Group 13,Pharmacy,South,Managed Medicaid,12,2510.85,1103.48,968.66,1309.1399999999999,0.38578967281996135,0.43948463667682264,-205.65999999999985,-0.157095497807721,In range
PRV003,Provider Group 03,Pharmacy,West,Managed Medicaid,10,2253.5099999999998,1097.34,991.93,1312.87,0.4401711108448598,0.4869470293009572,-215.52999999999997,-0.16416705385910257,In range
PRV031,Provider Group 31,Pharmacy,South,Managed Medicaid,10,2604.48,1271.84,1111.98,1497.91,0.42694894950239587,0.4883278043985747,-226.07000000000016,-0.15092362024420702,In range
PRV001,Provider Group 01,Pharmacy,South,Managed Medicaid,11,3720.0099999999998,1761.39,1522.0,1988.1100000000001,0.40913868511106155,0.473490662659509,-226.72000000000003,-0.11403795564631736,In range
PRV031,Provider Group 31,Emergency,South,Medicare Advantage,10,23370.3,13108.24,9517.08,13343.4,0.40722968896419814,0.560893099361155,-235.15999999999985,-0.017623694110946227,In range
PRV022,Provider Group 22,Imaging,Midwest,Managed Medicaid,10,6818.56,3310.23,2721.08,3545.43,0.3990695982729491,0.4854734724047306,-235.19999999999982,-0.06633892080791323,In range
PRV037,Provider Group 37,Imaging,Northeast,Managed Medicaid,6,4894.15,2313.91,1968.19,2564.25,0.40215154827702465,0.4727909851557472,-250.34000000000015,-0.09762698644827929,In range
PRV034,Provider Group 34,Imaging,Midwest,Managed Medicaid,4,3867.24,1808.83,1588.6100000000001,2060.43,0.4107865040700862,0.4677315087762849,-251.5999999999999,-0.12211043325907696,In range
PRV017,Provider Group 17,Professional,South,Medicare Advantage,28,16489.16,9404.710000000001,6807.35,9661.59,0.41283788864927023,0.5703571315943323,-256.8799999999992,-0.02658775625958038,In range
PRV016,Provider Group 16,Imaging,Northeast,Managed Medicaid,5,4210.5199999999995,2002.3000000000002,989.3300000000002,2292.55,0.23496622744934123,0.4755469633204451,-290.25,-0.12660574469477218,In range
PRV039,Provider Group 39,Pharmacy,Northeast,Managed Medicaid,12,4183.45,1960.03,1566.4099999999999,2252.55,0.37443019517383974,0.46852000143422295,-292.5200000000002,-0.12986171228163645,In range
PRV009,Provider Group 09,Pharmacy,Northeast,Managed Medicaid,9,3575.0299999999997,1623.85,1165.23,1927.42,0.32593572641348467,0.45421996458770975,-303.57000000000016,-0.15750070041817568,In range
PRV037,Provider Group 37,Inpatient,Northeast,Managed Medicaid,10,96959.89,45232.9,38937.479999999996,45536.68,0.40158337638378094,0.46651146159509876,-303.77999999999884,-0.006671105579062831,In range
PRV006,Provider Group 06,Pharmacy,West,Managed Medicaid,13,4135.679999999999,1982.9,1495.87,2293.44,0.36169868074899414,0.4794616604766327,-310.53999999999996,-0.1354035858797265,In range
PRV026,Provider Group 26,Pharmacy,Northeast,Managed Medicaid,11,3788.62,1789.25,1575.9099999999999,2106.1,0.4159588451731765,0.4722695862873553,-316.8499999999999,-0.15044394853045912,In range
PRV019,Provider Group 19,Imaging,West,Managed Medicaid,8,6819.11,3337.69,2865.25,3654.91,0.42017946623532987,0.4894612346772526,-317.2199999999998,-0.0867928348440864,In range
PRV033,Provider Group 33,Pharmacy,Midwest,Managed Medicaid,15,3609.7799999999997,1626.45,1109.46,1953.28,0.30734837026079154,0.45056762461978295,-326.8299999999999,-0.16732368119266053,In range
PRV033,Provider Group 33,Imaging,Midwest,Managed Medicaid,5,3270.7000000000003,1548.4,1344.03,1883.35,0.41093038187543945,0.4734154768092457,-334.9499999999998,-0.17784798364616233,In range
PRV021,Provider Group 21,Emergency,South,Managed Medicaid,9,18725.07,8940.789999999999,7735.18,9277.13,0.4130921806967878,0.477476986734896,-336.34000000000015,-0.036254746888315696,In range
PRV034,Provider Group 34,Pharmacy,Midwest,Managed Medicaid,13,4587.2300000000005,2187.98,1912.07,2525.9700000000003,0.41682453245204615,0.47697194167286133,-337.99000000000024,-0.13380602303273603,In range
PRV010,Provider Group 10,Pharmacy,Midwest,Managed Medicaid,14,4834.48,2234.61,1600.81,2582.0099999999998,0.33112351276662644,0.46222344492065337,-347.39999999999964,-0.13454634180347855,In range
PRV035,Provider Group 35,Pharmacy,South,Managed Medicaid,8,2953.7,1318.17,1200.73,1669.15,0.4065172495514101,0.44627755019128557,-350.98,-0.21027469071084084,Below benchmark
PRV008,Provider Group 08,Pharmacy,South,Managed Medicaid,14,4970.11,2399.44,2107.4,2751.33,0.424014760236695,0.48277402311015255,-351.8899999999999,-0.12789814380681339,In range
PRV007,Provider Group 07,Pharmacy,South,Managed Medicaid,17,5068.09,2429.96,2164.19,2783.35,0.42702280346244836,0.4794626772610589,-353.3899999999999,-0.12696570679217486,In range
PRV038,Provider Group 38,Imaging,South,Managed Medicaid,7,7504.25,3489.68,2854.95,3857.89,0.3804444148315954,0.4650271512809408,-368.21000000000004,-0.09544336411872813,In range
PRV026,Provider Group 26,Imaging,Northeast,Managed Medicaid,4,3593.84,1729.03,1521.15,2101.4900000000002,0.4232659216882221,0.48110934265298394,-372.46000000000026,-0.17723615149251257,In range
PRV002,Provider Group 02,Pharmacy,Midwest,Managed Medicaid,14,4380.48,2018.46,1590.56,2394.1800000000003,0.363101760537658,0.46078511943896566,-375.72000000000025,-0.1569305565997545,In range
PRV022,Provider Group 22,Professional,Midwest,Managed Medicaid,20,7607.1,3661.31,2553.85,4038.57,0.3357192622681442,0.4813016786949034,-377.2600000000002,-0.0934142530648225,In range
PRV020,Provider Group 20,Pharmacy,South,Managed Medicaid,14,5176.03,2342.07,1844.63,2735.22,0.3563793100117272,0.4524838534552544,-393.14999999999964,-0.14373615285059324,In range
PRV040,Provider Group 40,Pharmacy,South,Managed Medicaid,13,3796.12,1740.97,1479.38,2141.21,0.38970843914312514,0.4586182733949401,-400.24,-0.18692234764455612,In range
PRV038,Provider Group 38,Pharmacy,South,Managed Medicaid,16,4972.139999999999,2371.82,1785.56,2775.31,0.3591129775106896,0.47702196639676286,-403.4899999999998,-0.14538556053197654,In range
PRV014,Provider Group 14,Pharmacy,West,Managed Medicaid,15,5359.18,2500.25,1851.19,2910.18,0.34542411339048135,0.4665359252721498,-409.92999999999984,-0.1408607027743988,In range
PRV030,Provider Group 30,Professional,South,Managed Medicaid,14,6461.62,3046.97,2555.0499999999997,3460.62,0.39541941494547805,0.47154893045397284,-413.6500000000001,-0.11953060434257448,In range
PRV004,Provider Group 04,Pharmacy,South,Managed Medicaid,15,6251.9800000000005,2972.44,2562.77,3415.2,0.40991333945406094,0.4754397806774813,-442.75999999999976,-0.12964394471773244,In range
PRV024,Provider Group 24,Imaging,West,Managed Medicaid,6,6321.09,3037.85,2631.82,3482.37,0.41635540705796,0.48058958186009054,-444.52,-0.12764869901819736,In range
PRV007,Provider Group 07,Imaging,South,Managed Medicaid,9,9636.74,4452.41,3826.8,4897.83,0.3971052451347655,0.4620245020619006,-445.4200000000001,-0.09094231527023193,In range
PRV032,Provider Group 32,Imaging,West,Managed Medicaid,11,7384.05,3373.87,2990.7000000000003,3829.48,0.40502163446888906,0.45691321158442855,-455.6100000000001,-0.11897437772230175,In range
PRV023,Provider Group 23,Pharmacy,West,Managed Medicaid,20,6351.02,3017.66,2439.1,3476.5699999999997,0.3840485465326829,0.47514572462376115,-458.90999999999985,-0.13200079388592775,In range
PRV039,Provider Group 39,Imaging,Northeast,Managed Medicaid,5,9796.960000000001,4557.49,4111.33,5019.91,0.41965364766213187,0.4651943051722166,-462.4200000000001,-0.09211718935200035,In range
PRV024,Provider Group 24,Pharmacy,West,Managed Medicaid,12,4719.4,2202.33,1839.78,2669.15,0.3898334534050939,0.46665465949061324,-466.82000000000016,-0.1748946293763933,In range
PRV025,Provider Group 25,Pharmacy,South,Managed Medicaid,18,6117.58,2913.39,2430.33,3394.7,0.39726983545781175,0.4762324317785791,-481.30999999999995,-0.14178277903791203,In range
PRV027,Provider Group 27,Pharmacy,South,Managed Medicaid,20,6295.88,2996.73,2618.92,3481.02,0.4159736208441076,0.475982706150689,-484.28999999999996,-0.13912301566782148,In range
PRV030,Provider Group 30,Imaging,South,Medicare Advantage,8,7555.48,3952.66,3503.59,4437.39,0.4637150783272539,0.5231514079846681,-484.7300000000005,-0.10923763744002678,In range
PRV032,Provider Group 32,Professional,West,Managed Medicaid,27,9064.33,4260.53,3633.15,4749.03,0.4008183726761934,0.4700325341200066,-488.5,-0.1028631109931923,In range
PRV020,Provider Group 20,Emergency,South,Managed Medicaid,3,6596.77,3134.35,2736.08,3623.51,0.4147605570605008,0.47513404287249666,-489.1600000000003,-0.13499617773926395,In range
PRV011,Provider Group 11,Pharmacy,Midwest,Managed Medicaid,12,4143.75,1868.49,1629.89,2364.62,0.39333695324283563,0.45091764705882353,-496.1299999999999,-0.20981383901007347,Below benchmark
PRV025,Provider Group 25,Imaging,South,Managed Medicaid,7,7699.05,3668.95,2670.73,4169.04,0.3468908501698261,0.4765458075996389,-500.09000000000015,-0.11995327461477946,In range
PRV031,Provider Group 31,Inpatient,South,Managed Medicaid,6,59040.58,25726.46,22924.52,26256.36,0.3882841259350772,0.43574199304952627,-529.9000000000015,-0.020181776910432422,In range
PRV029,Provider Group 29,Pharmacy,Northeast,Managed Medicaid,11,4217.35,1781.08,1296.8999999999999,2313.05,0.3075153828826158,0.4223220742883564,-531.9700000000003,-0.22998638161734516,Below benchmark
PRV005,Provider Group 05,Imaging,Northeast,Managed Medicaid,7,6687.55,3165.1800000000003,2706.56,3703.56,0.404716226420737,0.4732944052754746,-538.3799999999997,-0.14536824028772308,In range
PRV029,Provider Group 29,Imaging,Northeast,Medicare Advantage,9,8416.33,4040.2,3571.21,4588.639999999999,0.42431915098386114,0.4800429640948014,-548.4399999999996,-0.11952125248439617,In range
PRV018,Provider Group 18,Pharmacy,Northeast,Managed Medicaid,17,6314.95,2908.7799999999997,2221.21,3461.31,0.3517383352203897,0.4606180571500962,-552.5300000000002,-0.15963031337846081,In range
PRV012,Provider Group 12,Pharmacy,West,Managed Medicaid,17,6095.22,2832.49,2204.77,3395.11,0.3617211519846699,0.46470677022322404,-562.6200000000003,-0.1657148074731011,In range
PRV040,Provider Group 40,Professional,South,Managed Medicaid,21,9403.62,4421.98,3561.87,4985.32,0.3787764711887549,0.4702423109398295,-563.3400000000001,-0.11299976731684229,In range
PRV036,Provider Group 36,Pharmacy,Northeast,Managed Medicaid,20,6417.8,2909.56,2541.57,3478.52,0.39601888497616006,0.45335784848390415,-568.96,-0.16356381449582008,In range
PRV020,Provider Group 20,Imaging,South,Managed Medicaid,8,6978.09,3146.22,2759.2200000000003,3715.62,0.3954119250396599,0.45087122694032317,-569.4000000000001,-0.15324494969883898,In range
PRV031,Provider Group 31,Imaging,South,Managed Medicaid,5,4102.98,1915.3899999999999,1466.93,2485.89,0.3575279431047678,0.46682898771137077,-570.5,-0.2294952713112809,Below benchmark
PRV016,Provider Group 16,Professional,Northeast,Managed Medicaid,22,8609.81,4022.18,3407.54,4594.65,0.3957741227739056,0.467162457708126,-572.4699999999998,-0.12459490929668197,In range
PRV003,Provider Group 03,Imaging,West,Managed Medicaid,11,11331.65,5312.23,4626.43,5918.84,0.4082750526181095,0.4687958064359559,-606.6100000000006,-0.10248798751106646,In range
PRV008,Provider Group 08,Emergency,South,Managed Medicaid,6,17044.21,7746.219999999999,5665.17,8357.32,0.33238090823804683,0.45447808962691727,-611.1000000000004,-0.07312152699669276,In range
PRV010,Provider Group 10,Imaging,Midwest,Managed Medicaid,5,6983.18,3281.32,2853.54,3898.63,0.40863045202901827,0.4698890763233942,-617.31,-0.15834023746803363,In range
PRV017,Provider Group 17,Pharmacy,South,Managed Medicaid,14,6871.86,3155.19,2270.78,3776.35,0.33044619651739127,0.4591464319703836,-621.1599999999999,-0.1644868722443629,In range
PRV021,Provider Group 21,Imaging,South,Managed Medicaid,7,5504.28,2614.81,1809.78,3237.75,0.32879504676360943,0.47505032447477236,-622.94,-0.19239904254497725,In range
PRV025,Provider Group 25,Professional,South,Managed Medicaid,20,9207.44,4391.02,3608.66,5038.45,0.3919287011373411,0.4768991163667643,-647.4299999999994,-0.12849785152179727,In range
PRV021,Provider Group 21,Professional,South,Managed Medicaid,27,9655.95,4522.25,3753.17,5184.53,0.38868987515469733,0.46833817490769936,-662.2799999999997,-0.1277415696311912,In range
PRV017,Provider Group 17,Imaging,South,Managed Medicaid,10,11003.52,5175.84,4183.25,5847.74,0.38017379892979697,0.47038038736695165,-671.8999999999996,-0.11489908922079294,In range
PRV014,Provider Group 14,Imaging,West,Managed Medicaid,8,9300.28,4527.01,3651.42,5233.8,0.3926139858154808,0.4867606136589436,-706.79,-0.13504337192861782,In range
PRV010,Provider Group 10,Professional,Midwest,Managed Medicaid,21,11639.29,5662.03,4998.85,6374.96,0.42948066419858943,0.48645836644675056,-712.9300000000003,-0.11183285855911257,In range
PRV006,Provider Group 06,Professional,West,Managed Medicaid,29,13053.67,6415.02,5087.43,7145.93,0.38973177658083896,0.4914342096896888,-730.9099999999999,-0.10228339768231705,In range
PRV024,Provider Group 24,Professional,West,Managed Medicaid,26,11063.84,5130.18,4149.99,5870.17,0.37509490375855037,0.46368891813330637,-739.9899999999998,-0.12605938158520108,In range
PRV024,Provider Group 24,Inpatient,West,Medicare Advantage,8,108125.06,61256.799999999996,57198.5,62000.15,0.5290031746571979,0.5665365642340453,-743.3500000000058,-0.011989487122208669,In range
PRV040,Provider Group 40,Imaging,South,Managed Medicaid,10,8720.94,3993.28,3623.0899999999997,4749.13,0.41544718803248265,0.45789559382360157,-755.8499999999999,-0.1591554663696298,In range
PRV036,Provider Group 36,Imaging,Northeast,Managed Medicaid,5,7306.89,3346.8999999999996,2567.5299999999997,4127.08,0.3513847888773472,0.45804713085868265,-780.1800000000003,-0.18903922385803046,In range
PRV029,Provider Group 29,Imaging,Northeast,Managed Medicaid,7,7728.96,3411.45,2942.46,4191.9,0.3807058129424916,0.4413853869084586,-780.4499999999998,-0.18618049094682598,In range
PRV038,Provider Group 38,Professional,South,Managed Medicaid,27,12017.48,5610.85,4288.81,6391.76,0.3568809767105916,0.466890729171174,-780.9099999999999,-0.12217448715220844,In range
PRV027,Provider Group 27,Professional,South,Managed Medicaid,23,10743.68,5102.32,4346.72,5887.3,0.4045839042115923,0.47491362363733836,-784.9800000000005,-0.13333446571433433,In range
PRV010,Provider Group 10,Emergency,Midwest,Managed Medicaid,4,7914.139999999999,3574.98,3171.81,4362.35,0.4007775955441779,0.4517205912455428,-787.3700000000003,-0.18049216591974515,In range
PRV004,Provider Group 04,Imaging,South,Managed Medicaid,5,7287.6900000000005,3308.08,2247.9700000000003,4106.13,0.3084612545264686,0.4539271017290801,-798.0500000000002,-0.19435575590641313,In range
PRV015,Provider Group 15,Imaging,Midwest,Managed Medicaid,7,7032.32,3398.55,3069.37,4202.33,0.43646620176556244,0.48327578949763383,-803.7799999999997,-0.1912700811216634,In range
PRV023,Provider Group 23,Professional,West,Managed Medicaid,28,12401.77,5710.9400000000005,3550.3,6527.39,0.286273652873743,0.46049394562227813,-816.4499999999998,-0.12508062181055518,In range
PRV003,Provider Group 03,Professional,West,Managed Medicaid,21,8999.31,4231.78,3036.74,5058.8,0.3374414260648872,0.47023382903800404,-827.0200000000004,-0.16348145805329334,In range
PRV004,Provider Group 04,Emergency,South,Medicare Advantage,11,31255.61,17831.36,15729.89,18691.27,0.5032661336636847,0.5705011036418742,-859.9099999999999,-0.04600596963181206,In range
PRV007,Provider Group 07,Professional,South,Managed Medicaid,24,13237.92,6313.59,5302.1,7173.97,0.4005236472195028,0.47693217665615145,-860.3800000000001,-0.11993080539784806,In range
PRV002,Provider Group 02,Professional,Midwest,Managed Medicaid,30,15352.11,7411.83,6246.11,8272.99,0.40685677734200704,0.4827890107613872,-861.1599999999999,-0.10409295792694055,In range
PRV019,Provider Group 19,Professional,West,Managed Medicaid,27,10773.14,4922.53,4203.7,5784.53,0.3902019281286607,0.45692620721535226,-862.0,-0.14901815704992455,In range
PRV001,Provider Group 01,Professional,South,Managed Medicaid,30,15497.630000000001,7475.29,6636.74,8399.28,0.4282422538155834,0.4823505271451183,-923.9900000000007,-0.11000823880142115,In range
PRV006,Provider Group 06,Emergency,West,Managed Medicaid,9,21363.54,10153.34,9036.64,11081.789999999999,0.4229935675454536,0.4752648671521667,-928.4499999999989,-0.08378159124112612,In range
PRV008,Provider Group 08,Imaging,South,Managed Medicaid,8,14185.16,6834.04,5928.44,7768.13,0.41793254358780585,0.4817739101991095,-934.0900000000001,-0.12024644283759414,In range
PRV007,Provider Group 07,Emergency,South,Managed Medicaid,7,20464.0,8914.91,7768.17,9859.72,0.37960173964034405,0.4356386825645035,-944.8099999999995,-0.09582523641644991,In range
PRV011,Provider Group 11,Emergency,Midwest,Managed Medicaid,9,25939.06,12330.05,9489.11,13275.0,0.36582320253702333,0.4753468321519746,-944.9500000000007,-0.0711826741996234,In range
PRV028,Provider Group 28,Professional,Northeast,Managed Medicaid,21,8510.93,3852.62,3233.0499999999997,4819.2,0.3798703549435843,0.45266733482709876,-966.5799999999999,-0.20056855909694554,Below benchmark
PRV009,Provider Group 09,Imaging,Northeast,Managed Medicaid,9,9356.11,4277.5,3485.16,5262.74,0.3725009646102921,0.4571878697450115,-985.2399999999998,-0.18721046451088214,In range
PRV020,Provider Group 20,Professional,South,Managed Medicaid,26,13418.49,6342.4800000000005,5468.43,7334.78,0.4075294612135941,0.4726671928063441,-992.2999999999993,-0.13528694793845206,In range
PRV037,Provider Group 37,Emergency,Northeast,Managed Medicaid,5,12815.51,6440.46,5515.98,7440.38,0.43041439630572637,0.5025519858359129,-999.9200000000001,-0.13439098540665934,In range
PRV010,Provider Group 10,Inpatient,Midwest,Medicare Advantage,19,193824.02,108506.73,91282.74,109516.18000000001,0.47095679885289765,0.5598208622440087,-1009.4500000000116,-0.009217359480580965,In range
PRV015,Provider Group 15,Professional,Midwest,Managed Medicaid,30,12845.05,5965.12,5115.0,6975.21,0.398207869957688,0.46439056290166253,-1010.0900000000001,-0.14481141069587872,In range
PRV027,Provider Group 27,Emergency,South,Managed Medicaid,6,10742.16,5101.07,3944.54,6118.87,0.36720175458194626,0.47486445928937937,-1017.8000000000002,-0.166337902259731,In range
PRV013,Provider Group 13,Professional,South,Managed Medicaid,26,9384.79,4341.15,3925.04,5359.23,0.4182341853147486,0.4625729504869048,-1018.0799999999999,-0.18996758862747073,In range
PRV012,Provider Group 12,Imaging,West,Managed Medicaid,10,10066.38,4647.74,4048.96,5668.67,0.4022260236549783,0.4617091744996712,-1020.9300000000003,-0.18010044684202825,In range
PRV012,Provider Group 12,Professional,West,Managed Medicaid,19,9956.2,4725.14,3829.39,5746.71,0.3846236515939816,0.47459271609650266,-1021.5699999999997,-0.17776606092877484,In range
PRV011,Provider Group 11,Professional,Midwest,Managed Medicaid,24,12274.02,5749.26,4795.8,6777.29,0.39072773223442686,0.46840888315319673,-1028.0299999999997,-0.15168747390181028,In range
PRV035,Provider Group 35,Imaging,South,Managed Medicaid,9,9067.0,4120.47,2842.9,5153.5199999999995,0.3135436197198633,0.45444689533473037,-1033.0499999999993,-0.20045522283798245,Below benchmark
PRV003,Provider Group 03,Outpatient,West,Managed Medicaid,11,18493.95,9175.89,8090.08,10225.82,0.437444677854109,0.4961563105772428,-1049.9300000000003,-0.10267440655125949,In range
PRV014,Provider Group 14,Professional,West,Managed Medicaid,38,18614.07,8812.14,7697.39,9862.21,0.4135253601173736,0.47341285382509035,-1050.0699999999997,-0.10647410671644589,In range
PRV018,Provider Group 18,Imaging,Northeast,Managed Medicaid,10,14078.4,6659.53,4633.49,7714.3,0.3291204966473463,0.47303173656097286,-1054.7700000000004,-0.1367291912422385,In range
PRV029,Provider Group 29,Emergency,Northeast,Medicare Advantage,11,26720.77,14678.49,13023.63,15736.82,0.4873972568904264,0.5493288554184629,-1058.33,-0.06725183359789334,In range
PRV018,Provider Group 18,Professional,Northeast,Managed Medicaid,25,14217.8,6432.07,5264.55,7493.17,0.37027880544106684,0.4523955886283391,-1061.1000000000004,-0.14160895855826044,In range
PRV035,Provider Group 35,Professional,South,Managed Medicaid,30,15209.44,7119.09,6182.61,8182.02,0.40649820111720086,0.46807048780231225,-1062.9300000000003,-0.1299104622085989,In range
PRV031,Provider Group 31,Professional,South,Managed Medicaid,34,12686.56,5951.8099999999995,5012.78,7028.05,0.3951252348942503,0.4691429355160106,-1076.2400000000007,-0.1531349378561622,In range
PRV016,Provider Group 16,Emergency,Northeast,Managed Medicaid,7,15976.75,7495.29,6593.0599999999995,8599.93,0.4126659051434115,0.46913734019747444,-1104.6400000000003,-0.128447557131279,In range
PRV026,Provider Group 26,Emergency,Northeast,Managed Medicaid,8,19216.97,9385.27,8382.81,10544.39,0.4362191334013634,0.48838448517117944,-1159.119999999999,-0.10992764873074679,In range
PRV011,Provider Group 11,Imaging,Midwest,Managed Medicaid,7,9847.369999999999,4368.849999999999,3821.08,5558.79,0.3880305096690792,0.4436565296114597,-1189.9400000000005,-0.21406457160641085,Below benchmark
PRV033,Provider Group 33,Professional,Midwest,Managed Medicaid,26,11764.66,5383.85,4776.62,6591.5,0.40601428345570545,0.4576290347532356,-1207.6499999999996,-0.18321322915876503,In range
PRV004,Provider Group 04,Professional,South,Managed Medicaid,23,18404.53,8755.16,7236.87,9968.47,0.39321134525032697,0.47570679609856925,-1213.3099999999995,-0.12171476665927666,In range
PRV025,Provider Group 25,Emergency,South,Managed Medicaid,9,27462.43,12709.56,11459.130000000001,13923.6,0.41726569717246437,0.4627980845103656,-1214.0400000000009,-0.08719296733603385,In range
PRV037,Provider Group 37,Professional,Northeast,Managed Medicaid,30,12460.79,5855.37,3916.84,7082.62,0.31433320038296125,0.46990359359238054,-1227.25,-0.17327627346942234,In range
PRV026,Provider Group 26,Professional,Northeast,Managed Medicaid,29,17174.3,8116.27,6429.18,9362.8,0.37434888175937303,0.4725822886522304,-1246.5299999999988,-0.13313645490665174,In range
PRV006,Provider Group 06,Imaging,West,Managed Medicaid,9,9658.78,4336.26,3593.35,5582.99,0.3720293867341424,0.4489448978028281,-1246.7299999999996,-0.22330865718906887,Below benchmark
PRV022,Provider Group 22,Emergency,Midwest,Managed Medicaid,10,25552.62,11787.86,9681.1,13036.26,0.3788691727110567,0.4613170782487276,-1248.3999999999996,-0.09576366227737093,In range
PRV008,Provider Group 08,Professional,South,Managed Medicaid,27,13610.68,6503.55,5516.15,7765.28,0.40528099992065053,0.47782697117263795,-1261.7299999999996,-0.1624835163703047,In range
PRV023,Provider Group 23,Emergency,West,Managed Medicaid,6,13423.83,6363.35,3773.0200000000004,7631.46,0.28106881568077074,0.4740338636588813,-1268.1099999999997,-0.1661687278712068,In range
PRV033,Provider Group 33,Emergency,Midwest,Managed Medicaid,9,14942.62,6767.599999999999,5313.06,8049.43,0.3555641514004907,0.45290584917504423,-1281.8300000000008,-0.15924481609256813,In range
PRV018,Provider Group 18,Inpatient,Northeast,Managed Medicaid,6,61761.29,28520.78,21355.37,29841.760000000002,0.34577273240244816,0.46179054874015746,-1320.9800000000032,-0.04426615588356729,In range
PRV009,Provider Group 09,Professional,Northeast,Managed Medicaid,28,12971.83,6050.4800000000005,5221.28,7382.42,0.402509129398088,0.4664322612923543,-1331.9399999999996,-0.18042051251486635,In range
PRV009,Provider Group 09,Emergency,Northeast,Managed Medicaid,5,10226.16,4778.22,4152.15,6127.9,0.4060321763007815,0.467254570630618,-1349.6799999999994,-0.22025163596011677,Below benchmark
PRV039,Provider Group 39,Professional,Northeast,Managed Medicaid,36,17928.02,8394.97,7161.66,9758.48,0.39946742585070744,0.46825974089721,-1363.5100000000002,-0.13972565399529438,In range
PRV003,Provider Group 03,Emergency,West,Managed Medicaid,8,16910.96,7933.1900000000005,6985.96,9321.44,0.4131025086689343,0.46911529564258925,-1388.25,-0.14893085188554558,In range
PRV024,Provider Group 24,Emergency,West,Managed Medicaid,5,17246.600000000002,7928.04,6974.889999999999,9336.87,0.40442116127236666,0.45968712673802364,-1408.8300000000008,-0.15088889531502533,In range
PRV034,Provider Group 34,Emergency,Midwest,Managed Medicaid,12,28683.72,13671.97,11245.94,15090.81,0.3920669982833468,0.47664563731621973,-1418.8400000000001,-0.09402013543341943,In range
PRV023,Provider Group 23,Imaging,West,Managed Medicaid,9,9990.93,4628.09,3948.14,6048.35,0.39517242138619724,0.46322914883799604,-1420.2600000000002,-0.234817760215596,Below benchmark
PRV005,Provider Group 05,Professional,Northeast,Managed Medicaid,41,18265.33,8618.19,7228.05,10062.49,0.39572512514145647,0.47183324911184193,-1444.2999999999993,-0.1435330618962105,In range
PRV034,Provider Group 34,Professional,Midwest,Managed Medicaid,32,17103.98,8058.55,7190.39,9536.63,0.420392797465853,0.47115057431077445,-1478.079999999999,-0.15498976053385727,In range
PRV033,Provider Group 33,Inpatient,Midwest,Managed Medicaid,4,25388.22,11805.65,10191.25,13324.45,0.4014164837077983,0.4650050298918159,-1518.800000000001,-0.11398594313461351,In range
PRV032,Provider Group 32,Emergency,West,Managed Medicaid,7,13873.45,6585.49,5124.27,8107.09,0.3693580183732237,0.4746829375533843,-1521.6000000000004,-0.18768756730220096,In range
PRV013,Provider Group 13,Emergency,South,Managed Medicaid,9,16060.050000000001,7501.55,6510.36,9070.71,0.40537607292629846,0.4670938135310911,-1569.159999999999,-0.17299197086005386,In range
PRV017,Provider Group 17,Professional,South,Managed Medicaid,30,21685.75,10245.44,7513.62,11822.83,0.3464772949978673,0.4724503418143251,-1577.3899999999994,-0.13341898682464345,In range
PRV023,Provider Group 23,Outpatient,West,Managed Medicaid,16,29289.68,13515.630000000001,8439.52,15125.41,0.28813971337344757,0.4614468304194515,-1609.7799999999988,-0.10642885052372127,In range
PRV036,Provider Group 36,Professional,Northeast,Managed Medicaid,32,18139.44,8582.63,7543.35,10204.25,0.41585352138765036,0.47314746210467357,-1621.6200000000008,-0.158916137883725,In range
PRV007,Provider Group 07,Inpatient,South,Managed Medicaid,7,94909.45999999999,44404.03,34890.69,46026.04,0.36762078300729983,0.4678567341969916,-1622.010000000002,-0.035241137408301954,In range
PRV015,Provider Group 15,Emergency,Midwest,Managed Medicaid,6,17350.64,8273.67,5877.6,9909.19,0.33875407477764513,0.47685099800353187,-1635.5200000000004,-0.16505082655595466,In range
PRV039,Provider Group 39,Emergency,Northeast,Managed Medicaid,10,33744.43,15747.61,10952.61,17423.4,0.32457534473096744,0.46667287015960857,-1675.7900000000009,-0.09618042402745737,In range
PRV030,Provider Group 30,Emergency,South,Managed Medicaid,6,15742.88,7606.280000000001,4213.9,9390.82,0.2676702102791865,0.4831568302623155,-1784.539999999999,-0.190030263597854,In range
PRV031,Provider Group 31,Emergency,South,Managed Medicaid,9,16450.93,7500.03,6671.24,9312.01,0.4055235783022601,0.4559031009189146,-1811.9800000000005,-0.19458527213780918,In range
PRV028,Provider Group 28,Emergency,Northeast,Managed Medicaid,11,30359.28,14250.78,12655.61,16066.21,0.416861335314935,0.46940441275287165,-1815.4299999999985,-0.11299678019893918,In range
PRV040,Provider Group 40,Inpatient,South,Managed Medicaid,7,72271.85,34149.61,30451.78,35979.5,0.42135049815384545,0.47251606261635754,-1829.8899999999994,-0.05085923928903958,In range
PRV029,Provider Group 29,Emergency,Northeast,Managed Medicaid,8,21466.27,9968.59,7113.78,11811.06,0.33139339065426826,0.4643838915656982,-1842.4699999999993,-0.15599531286776966,In range
PRV018,Provider Group 18,Emergency,Northeast,Managed Medicaid,13,29047.170000000002,14217.11,12583.94,16108.18,0.4332243037789912,0.4894490582042932,-1891.0699999999997,-0.11739811698155841,In range
PRV027,Provider Group 27,Outpatient,South,Managed Medicaid,18,32611.98,14974.869999999999,13097.1,16991.74,0.40160395045011066,0.4591830977450618,-2016.8700000000026,-0.11869708458345068,In range
PRV012,Provider Group 12,Emergency,West,Managed Medicaid,7,18231.54,8336.54,6619.72,10436.76,0.36309165325584125,0.45725923317503625,-2100.2199999999993,-0.20123294968936714,Below benchmark
PRV029,Provider Group 29,Professional,Northeast,Managed Medicaid,32,16297.09,6913.99,5564.68,9022.51,0.34145236971753856,0.42424690542912874,-2108.5200000000004,-0.2336955015843707,Below benchmark
PRV027,Provider Group 27,Inpatient,South,Managed Medicaid,11,108743.16,52481.229999999996,32879.04,54608.91,0.3023550170879713,0.48261637789448086,-2127.6800000000076,-0.03896214006102681,In range
PRV022,Provider Group 22,Outpatient,Midwest,Managed Medicaid,18,34273.04,16179.65,13525.44,18395.86,0.3946378844712929,0.4720809709322546,-2216.210000000001,-0.12047330214515663,In range
PRV010,Provider Group 10,Outpatient,Midwest,Managed Medicaid,18,31875.23,14747.28,11347.7,17018.53,0.35600370569875106,0.4626564263222572,-2271.249999999998,-0.13345747253141124,In range
PRV002,Provider Group 02,Emergency,Midwest,Managed Medicaid,10,25649.84,12036.470000000001,9430.69,14329.0,0.36767051958218844,0.4692610168328536,-2292.529999999999,-0.15999232326052054,In range
PRV001,Provider Group 01,Emergency,South,Managed Medicaid,11,44477.27,19548.17,17063.9,21842.329999999998,0.38365439245709104,0.439509214481914,-2294.16,-0.1050327506268791,In range
PRV014,Provider Group 14,Inpatient,West,Managed Medicaid,12,126201.91,60716.16,53113.32,63027.09,0.42085987446624223,0.48110333670861244,-2310.929999999993,-0.03666566233662372,In range
PRV035,Provider Group 35,Emergency,South,Managed Medicaid,8,25216.02,11040.8,9874.52,13394.949999999999,0.3915970878830204,0.4378486374931492,-2354.1499999999996,-0.17574906961205528,In range
PRV015,Provider Group 15,Outpatient,Midwest,Managed Medicaid,19,33782.73,15855.210000000001,13456.82,18212.56,0.3983342968433871,0.46932885530565466,-2357.3500000000004,-0.1294354006246239,In range
PRV005,Provider Group 05,Emergency,Northeast,Managed Medicaid,8,23028.52,10364.66,9010.7,12725.02,0.3912843725953731,0.4500792929810513,-2360.3600000000006,-0.18548968881777794,In range
PRV007,Provider Group 07,Outpatient,South,Managed Medicaid,17,33140.22,15583.119999999999,12607.119999999999,17944.5,0.3804175108071099,0.4702177595682828,-2361.380000000001,-0.13159352447825245,In range
PRV036,Provider Group 36,Emergency,Northeast,Managed Medicaid,5,18845.68,8787.96,7676.35,11213.97,0.407326771971083,0.4663116427743652,-2426.01,-0.21633819245102318,Below benchmark
PRV037,Provider Group 37,Outpatient,Northeast,Managed Medicaid,20,40262.119999999995,18956.55,14851.29,21409.61,0.3688650771494398,0.470828411419965,-2453.0600000000013,-0.11457751916078814,In range
PRV036,Provider Group 36,Outpatient,Northeast,Managed Medicaid,25,50940.03,24134.16,18099.71,26622.510000000002,0.35531408206865994,0.47377592828272774,-2488.350000000002,-0.09346789615254167,In range
PRV031,Provider Group 31,Outpatient,South,Managed Medicaid,21,32946.28,15441.59,12819.86,17955.64,0.38911403654676646,0.46868994010856463,-2514.0499999999993,-0.1400145024070431,In range
PRV008,Provider Group 08,Inpatient,South,Managed Medicaid,12,164064.34,76481.17,61442.65,79041.7,0.3745033808077977,0.46616571279292013,-2560.529999999999,-0.03239467268543059,In range
PRV009,Provider Group 09,Outpatient,Northeast,Managed Medicaid,20,38817.31,18090.97,14758.01,20736.05,0.3801914661268388,0.46605419077210664,-2645.079999999998,-0.12755949180292284,In range
PRV016,Provider Group 16,Outpatient,Northeast,Managed Medicaid,16,31068.77,14071.71,9972.64,16734.52,0.3209859933302799,0.45292137410010114,-2662.8100000000013,-0.15912078745013308,In range
PRV038,Provider Group 38,Emergency,South,Managed Medicaid,9,33431.810000000005,15013.28,12127.1,17717.29,0.3627413532201816,0.4490717074546666,-2704.01,-0.15261984197357498,In range
PRV019,Provider Group 19,Outpatient,West,Managed Medicaid,16,28611.68,13554.76,11403.9,16271.73,0.39857498755752896,0.473749182152184,-2716.9699999999993,-0.1669748699124186,In range
PRV006,Provider Group 06,Outpatient,West,Managed Medicaid,23,43175.07,20397.29,15638.69,23212.34,0.36221574163052894,0.4724321234453123,-2815.0499999999993,-0.12127385692265404,In range
PRV008,Provider Group 08,Outpatient,South,Managed Medicaid,23,51633.28,24368.36,20890.67,27290.45,0.4045969963558387,0.4719506488838207,-2922.09,-0.10707371992766701,In range
PRV012,Provider Group 12,Outpatient,West,Managed Medicaid,23,62967.18,29898.7,23222.65,32835.1,0.3688056222305017,0.47482990345129,-2936.399999999998,-0.08942869063898079,In range
PRV004,Provider Group 04,Outpatient,South,Managed Medicaid,16,63441.82,22905.78,19397.11,25908.27,0.3057464303514622,0.3610517478849125,-3002.4900000000016,-0.11588925080678877,In range
PRV004,Provider Group 04,Emergency,South,Managed Medicaid,13,45304.29,20834.63,13702.0,23842.7,0.30244376415566826,0.45988205531970594,-3008.0699999999997,-0.12616314427476752,In range
PRV030,Provider Group 30,Outpatient,South,Managed Medicaid,18,36682.92,17248.24,15304.869999999999,20257.559999999998,0.41722060294000585,0.47019811945177764,-3009.319999999996,-0.1485529352992165,In range
PRV021,Provider Group 21,Outpatient,South,Managed Medicaid,21,34539.05,16599.07,13487.32,19630.28,0.3904948167364186,0.48058849331408937,-3031.209999999999,-0.15441501598550808,In range
PRV034,Provider Group 34,Outpatient,Midwest,Managed Medicaid,15,46395.619999999995,22135.1,18424.97,25291.87,0.39712735814285927,0.47709460505108026,-3156.7700000000004,-0.12481362588056955,In range
PRV032,Provider Group 32,Inpatient,West,Managed Medicaid,7,67027.72,32200.57,19430.85,35363.72,0.28989274885077393,0.4804067630526594,-3163.1500000000015,-0.08944618948459046,In range
PRV013,Provider Group 13,Outpatient,South,Managed Medicaid,28,42937.99,20030.43,15899.779999999999,23256.24,0.37029632733157747,0.4664966851033316,-3225.8100000000013,-0.13870728888246772,In range
PRV032,Provider Group 32,Outpatient,West,Managed Medicaid,24,40946.09,19387.8,17115.2,22661.49,0.4179935129337136,0.47349575991260706,-3273.6900000000023,-0.14446049222712196,In range
PRV033,Provider Group 33,Outpatient,Midwest,Managed Medicaid,16,33341.95,15456.68,12532.58,18824.100000000002,0.37588023495926304,0.4635805644240964,-3367.420000000002,-0.17888876493431302,In range
PRV001,Provider Group 01,Inpatient,South,Managed Medicaid,9,60291.35,29434.15,25768.170000000002,32927.39,0.42739414526296066,0.48819855584590494,-3493.239999999998,-0.10608918593304838,In range
PRV011,Provider Group 11,Outpatient,Midwest,Managed Medicaid,19,39853.11,18231.04,15865.37,21739.9,0.39809615861848674,0.4574558924008691,-3508.8600000000006,-0.16140184637463836,In range
PRV024,Provider Group 24,Outpatient,West,Managed Medicaid,21,50649.24,23697.579999999998,20072.85,27306.75,0.39631098117168195,0.46787631956570325,-3609.170000000002,-0.13217134957473892,In range
PRV038,Provider Group 38,Outpatient,South,Managed Medicaid,23,44981.31,21159.4,15458.59,24787.89,0.34366695856567986,0.47040426345964587,-3628.489999999998,-0.1463815597051624,In range
PRV026,Provider Group 26,Outpatient,Northeast,Managed Medicaid,22,55958.13,26483.84,23125.96,30197.76,0.41327256647068084,0.4732795752824478,-3713.9199999999983,-0.12298660562902673,In range
PRV030,Provider Group 30,Inpatient,South,Managed Medicaid,7,77046.37,38012.64,32390.99,41834.3,0.42040903419590053,0.49337353596282346,-3821.6600000000035,-0.09135231138085263,In range
PRV025,Provider Group 25,Inpatient,South,Managed Medicaid,4,39034.520000000004,17929.480000000003,13936.98,21760.14,0.35704243321039936,0.45932369605159745,-3830.659999999996,-0.1760402276823585,In range
PRV028,Provider Group 28,Outpatient,Northeast,Managed Medicaid,20,40897.64,18363.03,14454.35,22466.19,0.3534274838352531,0.44899974668464976,-4103.16,-0.18263710936300281,In range
PRV010,Provider Group 10,Inpatient,Midwest,Managed Medicaid,4,42750.93,20196.91,17597.04,24376.96,0.411617712176086,0.47243206171187385,-4180.049999999999,-0.1714754423849405,In range
PRV018,Provider Group 18,Outpatient,Northeast,Managed Medicaid,19,48978.21,23164.72,18826.95,27542.45,0.3843944072272139,0.47295971004248627,-4377.73,-0.15894482880063318,In range
PRV040,Provider Group 40,Outpatient,South,Managed Medicaid,27,58682.61,28044.38,24327.85,32425.64,0.41456659817959696,0.4778993299718605,-4381.259999999998,-0.13511714803470334,In range
PRV001,Provider Group 01,Outpatient,South,Managed Medicaid,26,51078.15,23785.89,18822.34,28262.36,0.368500816885498,0.46567641936914317,-4476.470000000001,-0.1583898159955503,In range
PRV004,Provider Group 04,Inpatient,South,Managed Medicaid,4,43240.35,19434.92,16623.309999999998,24008.739999999998,0.3844397651730386,0.44946259685687096,-4573.82,-0.19050645723182474,In range
PRV002,Provider Group 02,Outpatient,Midwest,Managed Medicaid,19,41371.57,19086.82,14202.58,23710.1,0.3432932325265877,0.46135111623755154,-4623.279999999999,-0.19499200762544228,In range
PRV006,Provider Group 06,Inpatient,West,Managed Medicaid,4,49265.03,22360.48,9778.279999999999,27073.25,0.1984831837106361,0.45388138401620787,-4712.77,-0.17407477860988246,In range
PRV005,Provider Group 05,Outpatient,Northeast,Managed Medicaid,15,38203.6,17664.98,14018.23,22556.82,0.36693479148561914,0.46239045534975765,-4891.84,-0.2168674485144626,Below benchmark
PRV039,Provider Group 39,Outpatient,Northeast,Managed Medicaid,24,50947.45,24199.62,21225.25,29129.850000000002,0.4166106448899798,0.47499178074663206,-4930.230000000003,-0.16925009912512431,In range
PRV023,Provider Group 23,Inpatient,West,Managed Medicaid,11,99882.59999999999,48156.35,37456.71,53164.21,0.3750073586390423,0.4821295200565464,-5007.860000000001,-0.09419607664630023,In range
PRV020,Provider Group 20,Outpatient,South,Managed Medicaid,21,51047.130000000005,23770.52,20144.59,28832.39,0.39462727875200815,0.46565830439439,-5061.869999999999,-0.17556192878911528,In range
PRV014,Provider Group 14,Outpatient,West,Managed Medicaid,20,42437.66,19652.61,17417.35,24747.44,0.41042201667104167,0.4630936295733553,-5094.829999999998,-0.20587301151149365,Below benchmark
PRV025,Provider Group 25,Outpatient,South,Managed Medicaid,24,58820.659999999996,27214.329999999998,22463.42,32347.55,0.3818967689243881,0.4626661788562046,-5133.220000000001,-0.15868960709543695,In range
PRV038,Provider Group 38,Inpatient,South,Managed Medicaid,9,82587.52,39009.67,33686.18,44341.270000000004,0.4078846295420906,0.47234340006819425,-5331.600000000006,-0.12024012844016432,In range
PRV009,Provider Group 09,Inpatient,Northeast,Managed Medicaid,10,103452.97,49067.26,43353.52,54602.75,0.4190650108933557,0.47429532472581504,-5535.489999999998,-0.10137749472325108,In range
PRV020,Provider Group 20,Inpatient,South,Managed Medicaid,10,97873.7,46705.94,42079.66,52268.659999999996,0.42993837976902893,0.4772062362003276,-5562.719999999994,-0.10642553300582021,In range
PRV021,Provider Group 21,Inpatient,South,Managed Medicaid,12,108183.45,49426.31,43519.33,55190.73,0.402273453102115,0.4568749656255185,-5764.4200000000055,-0.10444543857274592,In range
PRV017,Provider Group 17,Outpatient,South,Managed Medicaid,31,78692.6,37238.28,29619.66,43187.21,0.37639701827109534,0.473211966563565,-5948.93,-0.13774749514960566,In range
PRV028,Provider Group 28,Inpatient,Northeast,Managed Medicaid,8,75384.48,35665.1,30773.07,41821.37,0.40821492699823625,0.473109319053471,-6156.270000000004,-0.14720392947433342,In range
PRV035,Provider Group 35,Outpatient,South,Managed Medicaid,31,75149.51,34671.96,22975.91,41058.32,0.30573599215750047,0.46137306816770995,-6386.360000000001,-0.1555436267241329,In range
PRV015,Provider Group 15,Inpatient,Midwest,Managed Medicaid,10,101850.70999999999,48737.270000000004,28501.96,55676.56,0.2798405627216541,0.47851674278952017,-6939.289999999994,-0.12463575335832519,In range
PRV036,Provider Group 36,Inpatient,Northeast,Managed Medicaid,8,95095.9,46220.86,38849.46,53423.65,0.4085292846484444,0.4860447190678042,-7202.790000000001,-0.13482399648844662,In range
PRV003,Provider Group 03,Inpatient,West,Managed Medicaid,11,107466.75,48934.62,39517.42,56227.12,0.3677176428988501,0.455346607206415,-7292.5,-0.12969719950088143,In range
PRV019,Provider Group 19,Inpatient,West,Managed Medicaid,7,105987.57,49435.649999999994,43929.04,57260.49,0.4144735085444453,0.4664287519753495,-7824.840000000004,-0.1366533887502535,In range
PRV005,Provider Group 05,Inpatient,Northeast,Managed Medicaid,9,82695.66,38942.979999999996,23973.920000000002,46773.46,0.289905419462158,0.47091927194244526,-7830.480000000003,-0.16741288756487127,In range
PRV034,Provider Group 34,Inpatient,Midwest,Managed Medicaid,10,84732.28,40869.25,32873.88,49535.99,0.38797350903339317,0.48233388739214855,-8666.739999999998,-0.17495844940214172,In range
PRV012,Provider Group 12,Inpatient,West,Managed Medicaid,7,88131.75,39901.21,28764.07,49607.55,0.32637579532915206,0.4527450096021014,-9706.340000000004,-0.1956625553973136,In range
PRV029,Provider Group 29,Outpatient,Northeast,Managed Medicaid,26,67172.33,28736.81,21241.93,38531.65,0.316230358541977,0.4278072533735245,-9794.84,-0.2542024543459727,Below benchmark
PRV022,Provider Group 22,Inpatient,Midwest,Managed Medicaid,11,111337.75,51021.45,44089.14,61210.87,0.395994530157112,0.4582583175966821,-10189.420000000006,-0.16646422440981487,In range
PRV016,Provider Group 16,Inpatient,Northeast,Managed Medicaid,9,80971.99,33850.47,29730.33,44210.07,0.367168078739327,0.4180516003126513,-10359.599999999999,-0.2343267043006265,Below benchmark
PRV024,Provider Group 24,Inpatient,West,Managed Medicaid,9,98026.48999999999,46387.03,38984.28,57176.81,0.39769127712315316,0.4732091294914263,-10789.779999999999,-0.18870902381577426,In range
PRV002,Provider Group 02,Inpatient,Midwest,Managed Medicaid,9,92515.49,43164.88,37985.729999999996,55863.96,0.410587783732216,0.46656921992198275,-12699.080000000002,-0.2273215146223075,Below benchmark
PRV013,Provider Group 13,Inpatient,South,Managed Medicaid,15,137739.8,65681.18,54373.84,79096.64,0.3947576517462636,0.4768496832433327,-13415.460000000006,-0.16960846883002875,In range
PRV039,Provider Group 39,Inpatient,Northeast,Managed Medicaid,11,139077.82,66593.2,57784.159999999996,80076.37999999999,0.4154807718441373,0.47881969964729093,-13483.179999999993,-0.16837899015914548,In range
PRV035,Provider Group 35,Inpatient,South,Managed Medicaid,11,145899.54,67811.34,59337.77,81303.6,0.40670292723335516,0.4647810404337121,-13492.26000000001,-0.16594910926453452,In range
PRV026,Provider Group 26,Inpatient,Northeast,Managed Medicaid,14,185679.72,84274.04,69493.69,98816.54000000001,0.37426645193131486,0.4538677675731092,-14542.500000000015,-0.14716665853712357,In range
PRV017,Provider Group 17,Inpatient,South,Managed Medicaid,13,173607.51,77173.17,66842.94,94691.8,0.38502332070772743,0.444526679750202,-17518.630000000005,-0.1850068326930104,In range
PRV029,Provider Group 29,Inpatient,Northeast,Managed Medicaid,14,146311.36000000002,58488.33,40215.979999999996,80583.17,0.2748657383814899,0.39975248675154135,-22094.839999999997,-0.2741867811852028,Below benchmark
